{
    "providers": [
        {
            "type": "bitmap",
            "file": "lom:font/levelbars_dexterity/000.png",
            "ascent": 156,
            "height": 256,
            "chars": [
                "\uE000"
            ]
        },
        {
            "type": "bitmap",
            "file": "lom:font/levelbars_dexterity/001.png",
            "ascent": 156,
            "height": 256,
            "chars": [
                "\uE001"
            ]
        },
        {
            "type": "bitmap",
            "file": "lom:font/levelbars_dexterity/002.png",
            "ascent": 156,
            "height": 256,
            "chars": [
                "\uE002"
            ]
        },
        {
            "type": "bitmap",
            "file": "lom:font/levelbars_dexterity/003.png",
            "ascent": 156,
            "height": 256,
            "chars": [
                "\uE003"
            ]
        },
        {
            "type": "bitmap",
            "file": "lom:font/levelbars_dexterity/004.png",
            "ascent": 156,
            "height": 256,
            "chars": [
                "\uE004"
            ]
        },
        {
            "type": "bitmap",
            "file": "lom:font/levelbars_dexterity/005.png",
            "ascent": 156,
            "height": 256,
            "chars": [
                "\uE005"
            ]
        },
        {
            "type": "bitmap",
            "file": "lom:font/levelbars_dexterity/006.png",
            "ascent": 156,
            "height": 256,
            "chars": [
                "\uE006"
            ]
        },
        {
            "type": "bitmap",
            "file": "lom:font/levelbars_dexterity/007.png",
            "ascent": 156,
            "height": 256,
            "chars": [
                "\uE007"
            ]
        },
        {
            "type": "bitmap",
            "file": "lom:font/levelbars_dexterity/008.png",
            "ascent": 156,
            "height": 256,
            "chars": [
                "\uE008"
            ]
        },
        {
            "type": "bitmap",
            "file": "lom:font/levelbars_dexterity/009.png",
            "ascent": 156,
            "height": 256,
            "chars": [
                "\uE009"
            ]
        },
        {
            "type": "bitmap",
            "file": "lom:font/levelbars_dexterity/010.png",
            "ascent": 156,
            "height": 256,
            "chars": [
                "\uE010"
            ]
        },
        {
            "type": "bitmap",
            "file": "lom:font/levelbars_dexterity/011.png",
            "ascent": 156,
            "height": 256,
            "chars": [
                "\uE011"
            ]
        },
        {
            "type": "bitmap",
            "file": "lom:font/levelbars_dexterity/012.png",
            "ascent": 156,
            "height": 256,
            "chars": [
                "\uE012"
            ]
        },
        {
            "type": "bitmap",
            "file": "lom:font/levelbars_dexterity/013.png",
            "ascent": 156,
            "height": 256,
            "chars": [
                "\uE013"
            ]
        },
        {
            "type": "bitmap",
            "file": "lom:font/levelbars_dexterity/014.png",
            "ascent": 156,
            "height": 256,
            "chars": [
                "\uE014"
            ]
        },
        {
            "type": "bitmap",
            "file": "lom:font/levelbars_dexterity/015.png",
            "ascent": 156,
            "height": 256,
            "chars": [
                "\uE015"
            ]
        },
        {
            "type": "bitmap",
            "file": "lom:font/levelbars_dexterity/016.png",
            "ascent": 156,
            "height": 256,
            "chars": [
                "\uE016"
            ]
        },
        {
            "type": "bitmap",
            "file": "lom:font/levelbars_dexterity/017.png",
            "ascent": 156,
            "height": 256,
            "chars": [
                "\uE017"
            ]
        },
        {
            "type": "bitmap",
            "file": "lom:font/levelbars_dexterity/018.png",
            "ascent": 156,
            "height": 256,
            "chars": [
                "\uE018"
            ]
        },
        {
            "type": "bitmap",
            "file": "lom:font/levelbars_dexterity/019.png",
            "ascent": 156,
            "height": 256,
            "chars": [
                "\uE019"
            ]
        },
        {
            "type": "bitmap",
            "file": "lom:font/levelbars_dexterity/020.png",
            "ascent": 156,
            "height": 256,
            "chars": [
                "\uE020"
            ]
        },
        {
            "type": "bitmap",
            "file": "lom:font/levelbars_dexterity/021.png",
            "ascent": 156,
            "height": 256,
            "chars": [
                "\uE021"
            ]
        },
        {
            "type": "bitmap",
            "file": "lom:font/levelbars_dexterity/022.png",
            "ascent": 156,
            "height": 256,
            "chars": [
                "\uE022"
            ]
        },
        {
            "type": "bitmap",
            "file": "lom:font/levelbars_dexterity/023.png",
            "ascent": 156,
            "height": 256,
            "chars": [
                "\uE023"
            ]
        },
        {
            "type": "bitmap",
            "file": "lom:font/levelbars_dexterity/024.png",
            "ascent": 156,
            "height": 256,
            "chars": [
                "\uE024"
            ]
        },
        {
            "type": "bitmap",
            "file": "lom:font/levelbars_dexterity/025.png",
            "ascent": 156,
            "height": 256,
            "chars": [
                "\uE025"
            ]
        },
        {
            "type": "bitmap",
            "file": "lom:font/levelbars_dexterity/026.png",
            "ascent": 156,
            "height": 256,
            "chars": [
                "\uE026"
            ]
        },
        {
            "type": "bitmap",
            "file": "lom:font/levelbars_dexterity/027.png",
            "ascent": 156,
            "height": 256,
            "chars": [
                "\uE027"
            ]
        },
        {
            "type": "bitmap",
            "file": "lom:font/levelbars_dexterity/028.png",
            "ascent": 156,
            "height": 256,
            "chars": [
                "\uE028"
            ]
        },
        {
            "type": "bitmap",
            "file": "lom:font/levelbars_dexterity/029.png",
            "ascent": 156,
            "height": 256,
            "chars": [
                "\uE029"
            ]
        },
        {
            "type": "bitmap",
            "file": "lom:font/levelbars_dexterity/030.png",
            "ascent": 156,
            "height": 256,
            "chars": [
                "\uE030"
            ]
        },
        {
            "type": "bitmap",
            "file": "lom:font/levelbars_dexterity/031.png",
            "ascent": 156,
            "height": 256,
            "chars": [
                "\uE031"
            ]
        },
        {
            "type": "bitmap",
            "file": "lom:font/levelbars_dexterity/032.png",
            "ascent": 156,
            "height": 256,
            "chars": [
                "\uE032"
            ]
        },
        {
            "type": "bitmap",
            "file": "lom:font/levelbars_dexterity/033.png",
            "ascent": 156,
            "height": 256,
            "chars": [
                "\uE033"
            ]
        },
        {
            "type": "bitmap",
            "file": "lom:font/levelbars_dexterity/034.png",
            "ascent": 156,
            "height": 256,
            "chars": [
                "\uE034"
            ]
        },
        {
            "type": "bitmap",
            "file": "lom:font/levelbars_dexterity/035.png",
            "ascent": 156,
            "height": 256,
            "chars": [
                "\uE035"
            ]
        },
        {
            "type": "bitmap",
            "file": "lom:font/levelbars_dexterity/036.png",
            "ascent": 156,
            "height": 256,
            "chars": [
                "\uE036"
            ]
        },
        {
            "type": "bitmap",
            "file": "lom:font/levelbars_dexterity/037.png",
            "ascent": 156,
            "height": 256,
            "chars": [
                "\uE037"
            ]
        },
        {
            "type": "bitmap",
            "file": "lom:font/levelbars_dexterity/038.png",
            "ascent": 156,
            "height": 256,
            "chars": [
                "\uE038"
            ]
        },
        {
            "type": "bitmap",
            "file": "lom:font/levelbars_dexterity/039.png",
            "ascent": 156,
            "height": 256,
            "chars": [
                "\uE039"
            ]
        },
        {
            "type": "bitmap",
            "file": "lom:font/levelbars_dexterity/040.png",
            "ascent": 156,
            "height": 256,
            "chars": [
                "\uE040"
            ]
        },
        {
            "type": "bitmap",
            "file": "lom:font/levelbars_dexterity/041.png",
            "ascent": 156,
            "height": 256,
            "chars": [
                "\uE041"
            ]
        },
        {
            "type": "bitmap",
            "file": "lom:font/levelbars_dexterity/042.png",
            "ascent": 156,
            "height": 256,
            "chars": [
                "\uE042"
            ]
        },
        {
            "type": "bitmap",
            "file": "lom:font/levelbars_dexterity/043.png",
            "ascent": 156,
            "height": 256,
            "chars": [
                "\uE043"
            ]
        },
        {
            "type": "bitmap",
            "file": "lom:font/levelbars_dexterity/044.png",
            "ascent": 156,
            "height": 256,
            "chars": [
                "\uE044"
            ]
        },
        {
            "type": "bitmap",
            "file": "lom:font/levelbars_dexterity/045.png",
            "ascent": 156,
            "height": 256,
            "chars": [
                "\uE045"
            ]
        },
        {
            "type": "bitmap",
            "file": "lom:font/levelbars_dexterity/046.png",
            "ascent": 156,
            "height": 256,
            "chars": [
                "\uE046"
            ]
        },
        {
            "type": "bitmap",
            "file": "lom:font/levelbars_dexterity/047.png",
            "ascent": 156,
            "height": 256,
            "chars": [
                "\uE047"
            ]
        },
        {
            "type": "bitmap",
            "file": "lom:font/levelbars_dexterity/048.png",
            "ascent": 156,
            "height": 256,
            "chars": [
                "\uE048"
            ]
        },
        {
            "type": "bitmap",
            "file": "lom:font/levelbars_dexterity/049.png",
            "ascent": 156,
            "height": 256,
            "chars": [
                "\uE049"
            ]
        },
        {
            "type": "bitmap",
            "file": "lom:font/levelbars_dexterity/050.png",
            "ascent": 156,
            "height": 256,
            "chars": [
                "\uE050"
            ]
        },
        {
            "type": "bitmap",
            "file": "lom:font/levelbars_dexterity/051.png",
            "ascent": 156,
            "height": 256,
            "chars": [
                "\uE051"
            ]
        },
        {
            "type": "bitmap",
            "file": "lom:font/levelbars_dexterity/052.png",
            "ascent": 156,
            "height": 256,
            "chars": [
                "\uE052"
            ]
        },
        {
            "type": "bitmap",
            "file": "lom:font/levelbars_dexterity/053.png",
            "ascent": 156,
            "height": 256,
            "chars": [
                "\uE053"
            ]
        },
        {
            "type": "bitmap",
            "file": "lom:font/levelbars_dexterity/054.png",
            "ascent": 156,
            "height": 256,
            "chars": [
                "\uE054"
            ]
        },
        {
            "type": "bitmap",
            "file": "lom:font/levelbars_dexterity/055.png",
            "ascent": 156,
            "height": 256,
            "chars": [
                "\uE055"
            ]
        },
        {
            "type": "bitmap",
            "file": "lom:font/levelbars_dexterity/056.png",
            "ascent": 156,
            "height": 256,
            "chars": [
                "\uE056"
            ]
        },
        {
            "type": "bitmap",
            "file": "lom:font/levelbars_dexterity/057.png",
            "ascent": 156,
            "height": 256,
            "chars": [
                "\uE057"
            ]
        },
        {
            "type": "bitmap",
            "file": "lom:font/levelbars_dexterity/058.png",
            "ascent": 156,
            "height": 256,
            "chars": [
                "\uE058"
            ]
        },
        {
            "type": "bitmap",
            "file": "lom:font/levelbars_dexterity/059.png",
            "ascent": 156,
            "height": 256,
            "chars": [
                "\uE059"
            ]
        },
        {
            "type": "bitmap",
            "file": "lom:font/levelbars_dexterity/060.png",
            "ascent": 156,
            "height": 256,
            "chars": [
                "\uE060"
            ]
        },
        {
            "type": "bitmap",
            "file": "lom:font/levelbars_dexterity/061.png",
            "ascent": 156,
            "height": 256,
            "chars": [
                "\uE061"
            ]
        },
        {
            "type": "bitmap",
            "file": "lom:font/levelbars_dexterity/062.png",
            "ascent": 156,
            "height": 256,
            "chars": [
                "\uE062"
            ]
        },
        {
            "type": "bitmap",
            "file": "lom:font/levelbars_dexterity/063.png",
            "ascent": 156,
            "height": 256,
            "chars": [
                "\uE063"
            ]
        },
        {
            "type": "bitmap",
            "file": "lom:font/levelbars_dexterity/064.png",
            "ascent": 156,
            "height": 256,
            "chars": [
                "\uE064"
            ]
        },
        {
            "type": "bitmap",
            "file": "lom:font/levelbars_dexterity/065.png",
            "ascent": 156,
            "height": 256,
            "chars": [
                "\uE065"
            ]
        },
        {
            "type": "bitmap",
            "file": "lom:font/levelbars_dexterity/066.png",
            "ascent": 156,
            "height": 256,
            "chars": [
                "\uE066"
            ]
        },
        {
            "type": "bitmap",
            "file": "lom:font/levelbars_dexterity/067.png",
            "ascent": 156,
            "height": 256,
            "chars": [
                "\uE067"
            ]
        },
        {
            "type": "bitmap",
            "file": "lom:font/levelbars_dexterity/068.png",
            "ascent": 156,
            "height": 256,
            "chars": [
                "\uE068"
            ]
        },
        {
            "type": "bitmap",
            "file": "lom:font/levelbars_dexterity/069.png",
            "ascent": 156,
            "height": 256,
            "chars": [
                "\uE069"
            ]
        },
        {
            "type": "bitmap",
            "file": "lom:font/levelbars_dexterity/070.png",
            "ascent": 156,
            "height": 256,
            "chars": [
                "\uE070"
            ]
        },
        {
            "type": "bitmap",
            "file": "lom:font/levelbars_dexterity/071.png",
            "ascent": 156,
            "height": 256,
            "chars": [
                "\uE071"
            ]
        },
        {
            "type": "bitmap",
            "file": "lom:font/levelbars_dexterity/072.png",
            "ascent": 156,
            "height": 256,
            "chars": [
                "\uE072"
            ]
        },
        {
            "type": "bitmap",
            "file": "lom:font/levelbars_dexterity/073.png",
            "ascent": 156,
            "height": 256,
            "chars": [
                "\uE073"
            ]
        },
        {
            "type": "bitmap",
            "file": "lom:font/levelbars_dexterity/074.png",
            "ascent": 156,
            "height": 256,
            "chars": [
                "\uE074"
            ]
        },
        {
            "type": "bitmap",
            "file": "lom:font/levelbars_dexterity/075.png",
            "ascent": 156,
            "height": 256,
            "chars": [
                "\uE075"
            ]
        },
        {
            "type": "bitmap",
            "file": "lom:font/levelbars_dexterity/076.png",
            "ascent": 156,
            "height": 256,
            "chars": [
                "\uE076"
            ]
        },
        {
            "type": "bitmap",
            "file": "lom:font/levelbars_dexterity/077.png",
            "ascent": 156,
            "height": 256,
            "chars": [
                "\uE077"
            ]
        },
        {
            "type": "bitmap",
            "file": "lom:font/levelbars_dexterity/078.png",
            "ascent": 156,
            "height": 256,
            "chars": [
                "\uE078"
            ]
        },
        {
            "type": "bitmap",
            "file": "lom:font/levelbars_dexterity/079.png",
            "ascent": 156,
            "height": 256,
            "chars": [
                "\uE079"
            ]
        },
        {
            "type": "bitmap",
            "file": "lom:font/levelbars_dexterity/080.png",
            "ascent": 156,
            "height": 256,
            "chars": [
                "\uE080"
            ]
        },
        {
            "type": "bitmap",
            "file": "lom:font/levelbars_dexterity/081.png",
            "ascent": 156,
            "height": 256,
            "chars": [
                "\uE081"
            ]
        },
        {
            "type": "bitmap",
            "file": "lom:font/levelbars_dexterity/082.png",
            "ascent": 156,
            "height": 256,
            "chars": [
                "\uE082"
            ]
        },
        {
            "type": "bitmap",
            "file": "lom:font/levelbars_dexterity/083.png",
            "ascent": 156,
            "height": 256,
            "chars": [
                "\uE083"
            ]
        },
        {
            "type": "bitmap",
            "file": "lom:font/levelbars_dexterity/084.png",
            "ascent": 156,
            "height": 256,
            "chars": [
                "\uE084"
            ]
        },
        {
            "type": "bitmap",
            "file": "lom:font/levelbars_dexterity/085.png",
            "ascent": 156,
            "height": 256,
            "chars": [
                "\uE085"
            ]
        },
        {
            "type": "bitmap",
            "file": "lom:font/levelbars_dexterity/086.png",
            "ascent": 156,
            "height": 256,
            "chars": [
                "\uE086"
            ]
        },
        {
            "type": "bitmap",
            "file": "lom:font/levelbars_dexterity/087.png",
            "ascent": 156,
            "height": 256,
            "chars": [
                "\uE087"
            ]
        },
        {
            "type": "bitmap",
            "file": "lom:font/levelbars_dexterity/088.png",
            "ascent": 156,
            "height": 256,
            "chars": [
                "\uE088"
            ]
        },
        {
            "type": "bitmap",
            "file": "lom:font/levelbars_dexterity/089.png",
            "ascent": 156,
            "height": 256,
            "chars": [
                "\uE089"
            ]
        },
        {
            "type": "bitmap",
            "file": "lom:font/levelbars_dexterity/090.png",
            "ascent": 156,
            "height": 256,
            "chars": [
                "\uE090"
            ]
        },
        {
            "type": "bitmap",
            "file": "lom:font/levelbars_dexterity/091.png",
            "ascent": 156,
            "height": 256,
            "chars": [
                "\uE091"
            ]
        },
        {
            "type": "bitmap",
            "file": "lom:font/levelbars_dexterity/092.png",
            "ascent": 156,
            "height": 256,
            "chars": [
                "\uE092"
            ]
        },
        {
            "type": "bitmap",
            "file": "lom:font/levelbars_dexterity/093.png",
            "ascent": 156,
            "height": 256,
            "chars": [
                "\uE093"
            ]
        },
        {
            "type": "bitmap",
            "file": "lom:font/levelbars_dexterity/094.png",
            "ascent": 156,
            "height": 256,
            "chars": [
                "\uE094"
            ]
        },
        {
            "type": "bitmap",
            "file": "lom:font/levelbars_dexterity/095.png",
            "ascent": 156,
            "height": 256,
            "chars": [
                "\uE095"
            ]
        },
        {
            "type": "bitmap",
            "file": "lom:font/levelbars_dexterity/096.png",
            "ascent": 156,
            "height": 256,
            "chars": [
                "\uE096"
            ]
        },
        {
            "type": "bitmap",
            "file": "lom:font/levelbars_dexterity/097.png",
            "ascent": 156,
            "height": 256,
            "chars": [
                "\uE097"
            ]
        },
        {
            "type": "bitmap",
            "file": "lom:font/levelbars_dexterity/098.png",
            "ascent": 156,
            "height": 256,
            "chars": [
                "\uE098"
            ]
        },
        {
            "type": "bitmap",
            "file": "lom:font/levelbars_dexterity/099.png",
            "ascent": 156,
            "height": 256,
            "chars": [
                "\uE099"
            ]
        },
        {
            "type": "bitmap",
            "file": "lom:font/levelbars_dexterity/100.png",
            "ascent": 156,
            "height": 256,
            "chars": [
                "\uE100"
            ]
        },
        {
            "type": "bitmap",
            "file": "lom:font/levelbars_dexterity/101.png",
            "ascent": 156,
            "height": 256,
            "chars": [
                "\uE101"
            ]
        },
        {
            "type": "bitmap",
            "file": "lom:font/levelbars_dexterity/102.png",
            "ascent": 156,
            "height": 256,
            "chars": [
                "\uE102"
            ]
        },
        {
            "type": "bitmap",
            "file": "lom:font/levelbars_dexterity/103.png",
            "ascent": 156,
            "height": 256,
            "chars": [
                "\uE103"
            ]
        },
        {
            "type": "bitmap",
            "file": "lom:font/levelbars_dexterity/104.png",
            "ascent": 156,
            "height": 256,
            "chars": [
                "\uE104"
            ]
        },
        {
            "type": "bitmap",
            "file": "lom:font/levelbars_dexterity/105.png",
            "ascent": 156,
            "height": 256,
            "chars": [
                "\uE105"
            ]
        },
        {
            "type": "bitmap",
            "file": "lom:font/levelbars_dexterity/106.png",
            "ascent": 156,
            "height": 256,
            "chars": [
                "\uE106"
            ]
        },
        {
            "type": "bitmap",
            "file": "lom:font/levelbars_dexterity/107.png",
            "ascent": 156,
            "height": 256,
            "chars": [
                "\uE107"
            ]
        },
        {
            "type": "bitmap",
            "file": "lom:font/levelbars_dexterity/108.png",
            "ascent": 156,
            "height": 256,
            "chars": [
                "\uE108"
            ]
        },
        {
            "type": "bitmap",
            "file": "lom:font/levelbars_dexterity/109.png",
            "ascent": 156,
            "height": 256,
            "chars": [
                "\uE109"
            ]
        },
        {
            "type": "bitmap",
            "file": "lom:font/levelbars_dexterity/110.png",
            "ascent": 156,
            "height": 256,
            "chars": [
                "\uE110"
            ]
        },
        {
            "type": "bitmap",
            "file": "lom:font/levelbars_dexterity/111.png",
            "ascent": 156,
            "height": 256,
            "chars": [
                "\uE111"
            ]
        },
        {
            "type": "bitmap",
            "file": "lom:font/levelbars_dexterity/112.png",
            "ascent": 156,
            "height": 256,
            "chars": [
                "\uE112"
            ]
        },
        {
            "type": "bitmap",
            "file": "lom:font/levelbars_dexterity/113.png",
            "ascent": 156,
            "height": 256,
            "chars": [
                "\uE113"
            ]
        },
        {
            "type": "bitmap",
            "file": "lom:font/levelbars_dexterity/114.png",
            "ascent": 156,
            "height": 256,
            "chars": [
                "\uE114"
            ]
        },
        {
            "type": "bitmap",
            "file": "lom:font/levelbars_dexterity/115.png",
            "ascent": 156,
            "height": 256,
            "chars": [
                "\uE115"
            ]
        },
        {
            "type": "bitmap",
            "file": "lom:font/levelbars_dexterity/116.png",
            "ascent": 156,
            "height": 256,
            "chars": [
                "\uE116"
            ]
        },
        {
            "type": "bitmap",
            "file": "lom:font/levelbars_dexterity/117.png",
            "ascent": 156,
            "height": 256,
            "chars": [
                "\uE117"
            ]
        },
        {
            "type": "bitmap",
            "file": "lom:font/levelbars_dexterity/118.png",
            "ascent": 156,
            "height": 256,
            "chars": [
                "\uE118"
            ]
        },
        {
            "type": "bitmap",
            "file": "lom:font/levelbars_dexterity/119.png",
            "ascent": 156,
            "height": 256,
            "chars": [
                "\uE119"
            ]
        },
        {
            "type": "bitmap",
            "file": "lom:font/levelbars_dexterity/120.png",
            "ascent": 156,
            "height": 256,
            "chars": [
                "\uE120"
            ]
        },
        {
            "type": "bitmap",
            "file": "lom:font/levelbars_dexterity/121.png",
            "ascent": 156,
            "height": 256,
            "chars": [
                "\uE121"
            ]
        },
        {
            "type": "bitmap",
            "file": "lom:font/levelbars_dexterity/122.png",
            "ascent": 156,
            "height": 256,
            "chars": [
                "\uE122"
            ]
        },
        {
            "type": "bitmap",
            "file": "lom:font/levelbars_dexterity/123.png",
            "ascent": 156,
            "height": 256,
            "chars": [
                "\uE123"
            ]
        },
        {
            "type": "bitmap",
            "file": "lom:font/levelbars_dexterity/124.png",
            "ascent": 156,
            "height": 256,
            "chars": [
                "\uE124"
            ]
        },
        {
            "type": "bitmap",
            "file": "lom:font/levelbars_dexterity/125.png",
            "ascent": 156,
            "height": 256,
            "chars": [
                "\uE125"
            ]
        },
        {
            "type": "bitmap",
            "file": "lom:font/levelbars_dexterity/126.png",
            "ascent": 156,
            "height": 256,
            "chars": [
                "\uE126"
            ]
        },
        {
            "type": "bitmap",
            "file": "lom:font/levelbars_dexterity/127.png",
            "ascent": 156,
            "height": 256,
            "chars": [
                "\uE127"
            ]
        },
        {
            "type": "bitmap",
            "file": "lom:font/levelbars_dexterity/128.png",
            "ascent": 156,
            "height": 256,
            "chars": [
                "\uE128"
            ]
        },
        {
            "type": "bitmap",
            "file": "lom:font/levelbars_dexterity/129.png",
            "ascent": 156,
            "height": 256,
            "chars": [
                "\uE129"
            ]
        },
        {
            "type": "bitmap",
            "file": "lom:font/levelbars_dexterity/130.png",
            "ascent": 156,
            "height": 256,
            "chars": [
                "\uE130"
            ]
        },
        {
            "type": "bitmap",
            "file": "lom:font/levelbars_dexterity/131.png",
            "ascent": 156,
            "height": 256,
            "chars": [
                "\uE131"
            ]
        },
        {
            "type": "bitmap",
            "file": "lom:font/levelbars_dexterity/132.png",
            "ascent": 156,
            "height": 256,
            "chars": [
                "\uE132"
            ]
        },
        {
            "type": "bitmap",
            "file": "lom:font/levelbars_dexterity/133.png",
            "ascent": 156,
            "height": 256,
            "chars": [
                "\uE133"
            ]
        },
        {
            "type": "bitmap",
            "file": "lom:font/levelbars_dexterity/134.png",
            "ascent": 156,
            "height": 256,
            "chars": [
                "\uE134"
            ]
        },
        {
            "type": "bitmap",
            "file": "lom:font/levelbars_dexterity/135.png",
            "ascent": 156,
            "height": 256,
            "chars": [
                "\uE135"
            ]
        },
        {
            "type": "bitmap",
            "file": "lom:font/levelbars_dexterity/136.png",
            "ascent": 156,
            "height": 256,
            "chars": [
                "\uE136"
            ]
        },
        {
            "type": "bitmap",
            "file": "lom:font/levelbars_dexterity/137.png",
            "ascent": 156,
            "height": 256,
            "chars": [
                "\uE137"
            ]
        },
        {
            "type": "bitmap",
            "file": "lom:font/levelbars_dexterity/138.png",
            "ascent": 156,
            "height": 256,
            "chars": [
                "\uE138"
            ]
        },
        {
            "type": "bitmap",
            "file": "lom:font/levelbars_dexterity/139.png",
            "ascent": 156,
            "height": 256,
            "chars": [
                "\uE139"
            ]
        },
        {
            "type": "bitmap",
            "file": "lom:font/levelbars_dexterity/140.png",
            "ascent": 156,
            "height": 256,
            "chars": [
                "\uE140"
            ]
        },
        {
            "type": "bitmap",
            "file": "lom:font/levelbars_dexterity/141.png",
            "ascent": 156,
            "height": 256,
            "chars": [
                "\uE141"
            ]
        },
        {
            "type": "bitmap",
            "file": "lom:font/levelbars_dexterity/142.png",
            "ascent": 156,
            "height": 256,
            "chars": [
                "\uE142"
            ]
        },
        {
            "type": "bitmap",
            "file": "lom:font/levelbars_dexterity/143.png",
            "ascent": 156,
            "height": 256,
            "chars": [
                "\uE143"
            ]
        },
        {
            "type": "bitmap",
            "file": "lom:font/levelbars_dexterity/144.png",
            "ascent": 156,
            "height": 256,
            "chars": [
                "\uE144"
            ]
        },
        {
            "type": "bitmap",
            "file": "lom:font/levelbars_dexterity/145.png",
            "ascent": 156,
            "height": 256,
            "chars": [
                "\uE145"
            ]
        },
        {
            "type": "bitmap",
            "file": "lom:font/levelbars_dexterity/146.png",
            "ascent": 156,
            "height": 256,
            "chars": [
                "\uE146"
            ]
        },
        {
            "type": "bitmap",
            "file": "lom:font/levelbars_dexterity/147.png",
            "ascent": 156,
            "height": 256,
            "chars": [
                "\uE147"
            ]
        },
        {
            "type": "bitmap",
            "file": "lom:font/levelbars_dexterity/148.png",
            "ascent": 156,
            "height": 256,
            "chars": [
                "\uE148"
            ]
        },
        {
            "type": "bitmap",
            "file": "lom:font/levelbars_dexterity/149.png",
            "ascent": 156,
            "height": 256,
            "chars": [
                "\uE149"
            ]
        },
        {
            "type": "bitmap",
            "file": "lom:font/levelbars_dexterity/150.png",
            "ascent": 156,
            "height": 256,
            "chars": [
                "\uE150"
            ]
        },
        {
            "type": "bitmap",
            "file": "lom:font/levelbars_dexterity/151.png",
            "ascent": 156,
            "height": 256,
            "chars": [
                "\uE151"
            ]
        },
        {
            "type": "bitmap",
            "file": "lom:font/levelbars_dexterity/152.png",
            "ascent": 156,
            "height": 256,
            "chars": [
                "\uE152"
            ]
        },
        {
            "type": "bitmap",
            "file": "lom:font/levelbars_dexterity/153.png",
            "ascent": 156,
            "height": 256,
            "chars": [
                "\uE153"
            ]
        },
        {
            "type": "bitmap",
            "file": "lom:font/levelbars_dexterity/154.png",
            "ascent": 156,
            "height": 256,
            "chars": [
                "\uE154"
            ]
        },
        {
            "type": "bitmap",
            "file": "lom:font/levelbars_dexterity/155.png",
            "ascent": 156,
            "height": 256,
            "chars": [
                "\uE155"
            ]
        },
        {
            "type": "bitmap",
            "file": "lom:font/levelbars_dexterity/156.png",
            "ascent": 156,
            "height": 256,
            "chars": [
                "\uE156"
            ]
        },
        {
            "type": "bitmap",
            "file": "lom:font/levelbars_dexterity/157.png",
            "ascent": 156,
            "height": 256,
            "chars": [
                "\uE157"
            ]
        },
        {
            "type": "bitmap",
            "file": "lom:font/levelbars_dexterity/158.png",
            "ascent": 156,
            "height": 256,
            "chars": [
                "\uE158"
            ]
        },
        {
            "type": "bitmap",
            "file": "lom:font/levelbars_dexterity/159.png",
            "ascent": 156,
            "height": 256,
            "chars": [
                "\uE159"
            ]
        },
        {
            "type": "bitmap",
            "file": "lom:font/levelbars_dexterity/160.png",
            "ascent": 156,
            "height": 256,
            "chars": [
                "\uE160"
            ]
        },
        {
            "type": "bitmap",
            "file": "lom:font/levelbars_dexterity/161.png",
            "ascent": 156,
            "height": 256,
            "chars": [
                "\uE161"
            ]
        },
        {
            "type": "bitmap",
            "file": "lom:font/levelbars_dexterity/162.png",
            "ascent": 156,
            "height": 256,
            "chars": [
                "\uE162"
            ]
        },
        {
            "type": "bitmap",
            "file": "lom:font/levelbars_dexterity/163.png",
            "ascent": 156,
            "height": 256,
            "chars": [
                "\uE163"
            ]
        },
        {
            "type": "bitmap",
            "file": "lom:font/levelbars_dexterity/164.png",
            "ascent": 156,
            "height": 256,
            "chars": [
                "\uE164"
            ]
        },
        {
            "type": "bitmap",
            "file": "lom:font/levelbars_dexterity/165.png",
            "ascent": 156,
            "height": 256,
            "chars": [
                "\uE165"
            ]
        },
        {
            "type": "bitmap",
            "file": "lom:font/levelbars_dexterity/166.png",
            "ascent": 156,
            "height": 256,
            "chars": [
                "\uE166"
            ]
        },
        {
            "type": "bitmap",
            "file": "lom:font/levelbars_dexterity/167.png",
            "ascent": 156,
            "height": 256,
            "chars": [
                "\uE167"
            ]
        },
        {
            "type": "bitmap",
            "file": "lom:font/levelbars_dexterity/168.png",
            "ascent": 156,
            "height": 256,
            "chars": [
                "\uE168"
            ]
        },
        {
            "type": "bitmap",
            "file": "lom:font/levelbars_dexterity/169.png",
            "ascent": 156,
            "height": 256,
            "chars": [
                "\uE169"
            ]
        },
        {
            "type": "bitmap",
            "file": "lom:font/levelbars_dexterity/170.png",
            "ascent": 156,
            "height": 256,
            "chars": [
                "\uE170"
            ]
        },
        {
            "type": "bitmap",
            "file": "lom:font/levelbars_dexterity/171.png",
            "ascent": 156,
            "height": 256,
            "chars": [
                "\uE171"
            ]
        },
        {
            "type": "bitmap",
            "file": "lom:font/levelbars_dexterity/172.png",
            "ascent": 156,
            "height": 256,
            "chars": [
                "\uE172"
            ]
        },
        {
            "type": "bitmap",
            "file": "lom:font/levelbars_dexterity/173.png",
            "ascent": 156,
            "height": 256,
            "chars": [
                "\uE173"
            ]
        },
        {
            "type": "bitmap",
            "file": "lom:font/levelbars_dexterity/174.png",
            "ascent": 156,
            "height": 256,
            "chars": [
                "\uE174"
            ]
        },
        {
            "type": "bitmap",
            "file": "lom:font/levelbars_dexterity/175.png",
            "ascent": 156,
            "height": 256,
            "chars": [
                "\uE175"
            ]
        },
        {
            "type": "bitmap",
            "file": "lom:font/levelbars_dexterity/176.png",
            "ascent": 156,
            "height": 256,
            "chars": [
                "\uE176"
            ]
        },
        {
            "type": "bitmap",
            "file": "lom:font/levelbars_dexterity/177.png",
            "ascent": 156,
            "height": 256,
            "chars": [
                "\uE177"
            ]
        },
        {
            "type": "bitmap",
            "file": "lom:font/levelbars_dexterity/178.png",
            "ascent": 156,
            "height": 256,
            "chars": [
                "\uE178"
            ]
        },
        {
            "type": "bitmap",
            "file": "lom:font/levelbars_dexterity/179.png",
            "ascent": 156,
            "height": 256,
            "chars": [
                "\uE179"
            ]
        },
        {
            "type": "bitmap",
            "file": "lom:font/levelbars_dexterity/180.png",
            "ascent": 156,
            "height": 256,
            "chars": [
                "\uE180"
            ]
        },
        {
            "type": "bitmap",
            "file": "lom:font/levelbars_dexterity/181.png",
            "ascent": 156,
            "height": 256,
            "chars": [
                "\uE181"
            ]
        },
        {
            "type": "bitmap",
            "file": "lom:font/levelbars_dexterity/182.png",
            "ascent": 156,
            "height": 256,
            "chars": [
                "\uE182"
            ]
        },
        {
            "type": "bitmap",
            "file": "lom:font/levelbars_dexterity/183.png",
            "ascent": 156,
            "height": 256,
            "chars": [
                "\uE183"
            ]
        },
        {
            "type": "bitmap",
            "file": "lom:font/levelbars_dexterity/184.png",
            "ascent": 156,
            "height": 256,
            "chars": [
                "\uE184"
            ]
        },
        {
            "type": "bitmap",
            "file": "lom:font/levelbars_dexterity/185.png",
            "ascent": 156,
            "height": 256,
            "chars": [
                "\uE185"
            ]
        },
        {
            "type": "bitmap",
            "file": "lom:font/levelbars_dexterity/186.png",
            "ascent": 156,
            "height": 256,
            "chars": [
                "\uE186"
            ]
        },
        {
            "type": "bitmap",
            "file": "lom:font/levelbars_dexterity/187.png",
            "ascent": 156,
            "height": 256,
            "chars": [
                "\uE187"
            ]
        },
        {
            "type": "bitmap",
            "file": "lom:font/levelbars_dexterity/188.png",
            "ascent": 156,
            "height": 256,
            "chars": [
                "\uE188"
            ]
        },
        {
            "type": "bitmap",
            "file": "lom:font/levelbars_dexterity/189.png",
            "ascent": 156,
            "height": 256,
            "chars": [
                "\uE189"
            ]
        },
        {
            "type": "bitmap",
            "file": "lom:font/levelbars_dexterity/190.png",
            "ascent": 156,
            "height": 256,
            "chars": [
                "\uE190"
            ]
        },
        {
            "type": "bitmap",
            "file": "lom:font/levelbars_dexterity/191.png",
            "ascent": 156,
            "height": 256,
            "chars": [
                "\uE191"
            ]
        },
        {
            "type": "bitmap",
            "file": "lom:font/levelbars_dexterity/192.png",
            "ascent": 156,
            "height": 256,
            "chars": [
                "\uE192"
            ]
        },
        {
            "type": "bitmap",
            "file": "lom:font/levelbars_dexterity/193.png",
            "ascent": 156,
            "height": 256,
            "chars": [
                "\uE193"
            ]
        },
        {
            "type": "bitmap",
            "file": "lom:font/levelbars_dexterity/194.png",
            "ascent": 156,
            "height": 256,
            "chars": [
                "\uE194"
            ]
        },
        {
            "type": "bitmap",
            "file": "lom:font/levelbars_dexterity/195.png",
            "ascent": 156,
            "height": 256,
            "chars": [
                "\uE195"
            ]
        },
        {
            "type": "bitmap",
            "file": "lom:font/levelbars_dexterity/196.png",
            "ascent": 156,
            "height": 256,
            "chars": [
                "\uE196"
            ]
        },
        {
            "type": "bitmap",
            "file": "lom:font/levelbars_dexterity/197.png",
            "ascent": 156,
            "height": 256,
            "chars": [
                "\uE197"
            ]
        }
    ]
}