{
    "providers": [
        {
            "type": "bitmap",
            "file": "lom:font/levelbars_mining/000.png",
            "ascent": 202,
            "height": 256,
            "chars": [
                "\uE000"
            ]
        },
        {
            "type": "bitmap",
            "file": "lom:font/levelbars_mining/001.png",
            "ascent": 202,
            "height": 256,
            "chars": [
                "\uE001"
            ]
        },
        {
            "type": "bitmap",
            "file": "lom:font/levelbars_mining/002.png",
            "ascent": 202,
            "height": 256,
            "chars": [
                "\uE002"
            ]
        },
        {
            "type": "bitmap",
            "file": "lom:font/levelbars_mining/003.png",
            "ascent": 202,
            "height": 256,
            "chars": [
                "\uE003"
            ]
        },
        {
            "type": "bitmap",
            "file": "lom:font/levelbars_mining/004.png",
            "ascent": 202,
            "height": 256,
            "chars": [
                "\uE004"
            ]
        },
        {
            "type": "bitmap",
            "file": "lom:font/levelbars_mining/005.png",
            "ascent": 202,
            "height": 256,
            "chars": [
                "\uE005"
            ]
        },
        {
            "type": "bitmap",
            "file": "lom:font/levelbars_mining/006.png",
            "ascent": 202,
            "height": 256,
            "chars": [
                "\uE006"
            ]
        },
        {
            "type": "bitmap",
            "file": "lom:font/levelbars_mining/007.png",
            "ascent": 202,
            "height": 256,
            "chars": [
                "\uE007"
            ]
        },
        {
            "type": "bitmap",
            "file": "lom:font/levelbars_mining/008.png",
            "ascent": 202,
            "height": 256,
            "chars": [
                "\uE008"
            ]
        },
        {
            "type": "bitmap",
            "file": "lom:font/levelbars_mining/009.png",
            "ascent": 202,
            "height": 256,
            "chars": [
                "\uE009"
            ]
        },
        {
            "type": "bitmap",
            "file": "lom:font/levelbars_mining/010.png",
            "ascent": 202,
            "height": 256,
            "chars": [
                "\uE010"
            ]
        },
        {
            "type": "bitmap",
            "file": "lom:font/levelbars_mining/011.png",
            "ascent": 202,
            "height": 256,
            "chars": [
                "\uE011"
            ]
        },
        {
            "type": "bitmap",
            "file": "lom:font/levelbars_mining/012.png",
            "ascent": 202,
            "height": 256,
            "chars": [
                "\uE012"
            ]
        },
        {
            "type": "bitmap",
            "file": "lom:font/levelbars_mining/013.png",
            "ascent": 202,
            "height": 256,
            "chars": [
                "\uE013"
            ]
        },
        {
            "type": "bitmap",
            "file": "lom:font/levelbars_mining/014.png",
            "ascent": 202,
            "height": 256,
            "chars": [
                "\uE014"
            ]
        },
        {
            "type": "bitmap",
            "file": "lom:font/levelbars_mining/015.png",
            "ascent": 202,
            "height": 256,
            "chars": [
                "\uE015"
            ]
        },
        {
            "type": "bitmap",
            "file": "lom:font/levelbars_mining/016.png",
            "ascent": 202,
            "height": 256,
            "chars": [
                "\uE016"
            ]
        },
        {
            "type": "bitmap",
            "file": "lom:font/levelbars_mining/017.png",
            "ascent": 202,
            "height": 256,
            "chars": [
                "\uE017"
            ]
        },
        {
            "type": "bitmap",
            "file": "lom:font/levelbars_mining/018.png",
            "ascent": 202,
            "height": 256,
            "chars": [
                "\uE018"
            ]
        },
        {
            "type": "bitmap",
            "file": "lom:font/levelbars_mining/019.png",
            "ascent": 202,
            "height": 256,
            "chars": [
                "\uE019"
            ]
        },
        {
            "type": "bitmap",
            "file": "lom:font/levelbars_mining/020.png",
            "ascent": 202,
            "height": 256,
            "chars": [
                "\uE020"
            ]
        },
        {
            "type": "bitmap",
            "file": "lom:font/levelbars_mining/021.png",
            "ascent": 202,
            "height": 256,
            "chars": [
                "\uE021"
            ]
        },
        {
            "type": "bitmap",
            "file": "lom:font/levelbars_mining/022.png",
            "ascent": 202,
            "height": 256,
            "chars": [
                "\uE022"
            ]
        },
        {
            "type": "bitmap",
            "file": "lom:font/levelbars_mining/023.png",
            "ascent": 202,
            "height": 256,
            "chars": [
                "\uE023"
            ]
        },
        {
            "type": "bitmap",
            "file": "lom:font/levelbars_mining/024.png",
            "ascent": 202,
            "height": 256,
            "chars": [
                "\uE024"
            ]
        },
        {
            "type": "bitmap",
            "file": "lom:font/levelbars_mining/025.png",
            "ascent": 202,
            "height": 256,
            "chars": [
                "\uE025"
            ]
        },
        {
            "type": "bitmap",
            "file": "lom:font/levelbars_mining/026.png",
            "ascent": 202,
            "height": 256,
            "chars": [
                "\uE026"
            ]
        },
        {
            "type": "bitmap",
            "file": "lom:font/levelbars_mining/027.png",
            "ascent": 202,
            "height": 256,
            "chars": [
                "\uE027"
            ]
        },
        {
            "type": "bitmap",
            "file": "lom:font/levelbars_mining/028.png",
            "ascent": 202,
            "height": 256,
            "chars": [
                "\uE028"
            ]
        },
        {
            "type": "bitmap",
            "file": "lom:font/levelbars_mining/029.png",
            "ascent": 202,
            "height": 256,
            "chars": [
                "\uE029"
            ]
        },
        {
            "type": "bitmap",
            "file": "lom:font/levelbars_mining/030.png",
            "ascent": 202,
            "height": 256,
            "chars": [
                "\uE030"
            ]
        },
        {
            "type": "bitmap",
            "file": "lom:font/levelbars_mining/031.png",
            "ascent": 202,
            "height": 256,
            "chars": [
                "\uE031"
            ]
        },
        {
            "type": "bitmap",
            "file": "lom:font/levelbars_mining/032.png",
            "ascent": 202,
            "height": 256,
            "chars": [
                "\uE032"
            ]
        },
        {
            "type": "bitmap",
            "file": "lom:font/levelbars_mining/033.png",
            "ascent": 202,
            "height": 256,
            "chars": [
                "\uE033"
            ]
        },
        {
            "type": "bitmap",
            "file": "lom:font/levelbars_mining/034.png",
            "ascent": 202,
            "height": 256,
            "chars": [
                "\uE034"
            ]
        },
        {
            "type": "bitmap",
            "file": "lom:font/levelbars_mining/035.png",
            "ascent": 202,
            "height": 256,
            "chars": [
                "\uE035"
            ]
        },
        {
            "type": "bitmap",
            "file": "lom:font/levelbars_mining/036.png",
            "ascent": 202,
            "height": 256,
            "chars": [
                "\uE036"
            ]
        },
        {
            "type": "bitmap",
            "file": "lom:font/levelbars_mining/037.png",
            "ascent": 202,
            "height": 256,
            "chars": [
                "\uE037"
            ]
        },
        {
            "type": "bitmap",
            "file": "lom:font/levelbars_mining/038.png",
            "ascent": 202,
            "height": 256,
            "chars": [
                "\uE038"
            ]
        },
        {
            "type": "bitmap",
            "file": "lom:font/levelbars_mining/039.png",
            "ascent": 202,
            "height": 256,
            "chars": [
                "\uE039"
            ]
        },
        {
            "type": "bitmap",
            "file": "lom:font/levelbars_mining/040.png",
            "ascent": 202,
            "height": 256,
            "chars": [
                "\uE040"
            ]
        },
        {
            "type": "bitmap",
            "file": "lom:font/levelbars_mining/041.png",
            "ascent": 202,
            "height": 256,
            "chars": [
                "\uE041"
            ]
        },
        {
            "type": "bitmap",
            "file": "lom:font/levelbars_mining/042.png",
            "ascent": 202,
            "height": 256,
            "chars": [
                "\uE042"
            ]
        },
        {
            "type": "bitmap",
            "file": "lom:font/levelbars_mining/043.png",
            "ascent": 202,
            "height": 256,
            "chars": [
                "\uE043"
            ]
        },
        {
            "type": "bitmap",
            "file": "lom:font/levelbars_mining/044.png",
            "ascent": 202,
            "height": 256,
            "chars": [
                "\uE044"
            ]
        },
        {
            "type": "bitmap",
            "file": "lom:font/levelbars_mining/045.png",
            "ascent": 202,
            "height": 256,
            "chars": [
                "\uE045"
            ]
        },
        {
            "type": "bitmap",
            "file": "lom:font/levelbars_mining/046.png",
            "ascent": 202,
            "height": 256,
            "chars": [
                "\uE046"
            ]
        },
        {
            "type": "bitmap",
            "file": "lom:font/levelbars_mining/047.png",
            "ascent": 202,
            "height": 256,
            "chars": [
                "\uE047"
            ]
        },
        {
            "type": "bitmap",
            "file": "lom:font/levelbars_mining/048.png",
            "ascent": 202,
            "height": 256,
            "chars": [
                "\uE048"
            ]
        },
        {
            "type": "bitmap",
            "file": "lom:font/levelbars_mining/049.png",
            "ascent": 202,
            "height": 256,
            "chars": [
                "\uE049"
            ]
        },
        {
            "type": "bitmap",
            "file": "lom:font/levelbars_mining/050.png",
            "ascent": 202,
            "height": 256,
            "chars": [
                "\uE050"
            ]
        },
        {
            "type": "bitmap",
            "file": "lom:font/levelbars_mining/051.png",
            "ascent": 202,
            "height": 256,
            "chars": [
                "\uE051"
            ]
        },
        {
            "type": "bitmap",
            "file": "lom:font/levelbars_mining/052.png",
            "ascent": 202,
            "height": 256,
            "chars": [
                "\uE052"
            ]
        },
        {
            "type": "bitmap",
            "file": "lom:font/levelbars_mining/053.png",
            "ascent": 202,
            "height": 256,
            "chars": [
                "\uE053"
            ]
        },
        {
            "type": "bitmap",
            "file": "lom:font/levelbars_mining/054.png",
            "ascent": 202,
            "height": 256,
            "chars": [
                "\uE054"
            ]
        },
        {
            "type": "bitmap",
            "file": "lom:font/levelbars_mining/055.png",
            "ascent": 202,
            "height": 256,
            "chars": [
                "\uE055"
            ]
        },
        {
            "type": "bitmap",
            "file": "lom:font/levelbars_mining/056.png",
            "ascent": 202,
            "height": 256,
            "chars": [
                "\uE056"
            ]
        },
        {
            "type": "bitmap",
            "file": "lom:font/levelbars_mining/057.png",
            "ascent": 202,
            "height": 256,
            "chars": [
                "\uE057"
            ]
        },
        {
            "type": "bitmap",
            "file": "lom:font/levelbars_mining/058.png",
            "ascent": 202,
            "height": 256,
            "chars": [
                "\uE058"
            ]
        },
        {
            "type": "bitmap",
            "file": "lom:font/levelbars_mining/059.png",
            "ascent": 202,
            "height": 256,
            "chars": [
                "\uE059"
            ]
        },
        {
            "type": "bitmap",
            "file": "lom:font/levelbars_mining/060.png",
            "ascent": 202,
            "height": 256,
            "chars": [
                "\uE060"
            ]
        },
        {
            "type": "bitmap",
            "file": "lom:font/levelbars_mining/061.png",
            "ascent": 202,
            "height": 256,
            "chars": [
                "\uE061"
            ]
        },
        {
            "type": "bitmap",
            "file": "lom:font/levelbars_mining/062.png",
            "ascent": 202,
            "height": 256,
            "chars": [
                "\uE062"
            ]
        },
        {
            "type": "bitmap",
            "file": "lom:font/levelbars_mining/063.png",
            "ascent": 202,
            "height": 256,
            "chars": [
                "\uE063"
            ]
        },
        {
            "type": "bitmap",
            "file": "lom:font/levelbars_mining/064.png",
            "ascent": 202,
            "height": 256,
            "chars": [
                "\uE064"
            ]
        },
        {
            "type": "bitmap",
            "file": "lom:font/levelbars_mining/065.png",
            "ascent": 202,
            "height": 256,
            "chars": [
                "\uE065"
            ]
        },
        {
            "type": "bitmap",
            "file": "lom:font/levelbars_mining/066.png",
            "ascent": 202,
            "height": 256,
            "chars": [
                "\uE066"
            ]
        },
        {
            "type": "bitmap",
            "file": "lom:font/levelbars_mining/067.png",
            "ascent": 202,
            "height": 256,
            "chars": [
                "\uE067"
            ]
        },
        {
            "type": "bitmap",
            "file": "lom:font/levelbars_mining/068.png",
            "ascent": 202,
            "height": 256,
            "chars": [
                "\uE068"
            ]
        },
        {
            "type": "bitmap",
            "file": "lom:font/levelbars_mining/069.png",
            "ascent": 202,
            "height": 256,
            "chars": [
                "\uE069"
            ]
        },
        {
            "type": "bitmap",
            "file": "lom:font/levelbars_mining/070.png",
            "ascent": 202,
            "height": 256,
            "chars": [
                "\uE070"
            ]
        },
        {
            "type": "bitmap",
            "file": "lom:font/levelbars_mining/071.png",
            "ascent": 202,
            "height": 256,
            "chars": [
                "\uE071"
            ]
        },
        {
            "type": "bitmap",
            "file": "lom:font/levelbars_mining/072.png",
            "ascent": 202,
            "height": 256,
            "chars": [
                "\uE072"
            ]
        },
        {
            "type": "bitmap",
            "file": "lom:font/levelbars_mining/073.png",
            "ascent": 202,
            "height": 256,
            "chars": [
                "\uE073"
            ]
        },
        {
            "type": "bitmap",
            "file": "lom:font/levelbars_mining/074.png",
            "ascent": 202,
            "height": 256,
            "chars": [
                "\uE074"
            ]
        },
        {
            "type": "bitmap",
            "file": "lom:font/levelbars_mining/075.png",
            "ascent": 202,
            "height": 256,
            "chars": [
                "\uE075"
            ]
        },
        {
            "type": "bitmap",
            "file": "lom:font/levelbars_mining/076.png",
            "ascent": 202,
            "height": 256,
            "chars": [
                "\uE076"
            ]
        },
        {
            "type": "bitmap",
            "file": "lom:font/levelbars_mining/077.png",
            "ascent": 202,
            "height": 256,
            "chars": [
                "\uE077"
            ]
        },
        {
            "type": "bitmap",
            "file": "lom:font/levelbars_mining/078.png",
            "ascent": 202,
            "height": 256,
            "chars": [
                "\uE078"
            ]
        },
        {
            "type": "bitmap",
            "file": "lom:font/levelbars_mining/079.png",
            "ascent": 202,
            "height": 256,
            "chars": [
                "\uE079"
            ]
        },
        {
            "type": "bitmap",
            "file": "lom:font/levelbars_mining/080.png",
            "ascent": 202,
            "height": 256,
            "chars": [
                "\uE080"
            ]
        },
        {
            "type": "bitmap",
            "file": "lom:font/levelbars_mining/081.png",
            "ascent": 202,
            "height": 256,
            "chars": [
                "\uE081"
            ]
        },
        {
            "type": "bitmap",
            "file": "lom:font/levelbars_mining/082.png",
            "ascent": 202,
            "height": 256,
            "chars": [
                "\uE082"
            ]
        },
        {
            "type": "bitmap",
            "file": "lom:font/levelbars_mining/083.png",
            "ascent": 202,
            "height": 256,
            "chars": [
                "\uE083"
            ]
        },
        {
            "type": "bitmap",
            "file": "lom:font/levelbars_mining/084.png",
            "ascent": 202,
            "height": 256,
            "chars": [
                "\uE084"
            ]
        },
        {
            "type": "bitmap",
            "file": "lom:font/levelbars_mining/085.png",
            "ascent": 202,
            "height": 256,
            "chars": [
                "\uE085"
            ]
        },
        {
            "type": "bitmap",
            "file": "lom:font/levelbars_mining/086.png",
            "ascent": 202,
            "height": 256,
            "chars": [
                "\uE086"
            ]
        },
        {
            "type": "bitmap",
            "file": "lom:font/levelbars_mining/087.png",
            "ascent": 202,
            "height": 256,
            "chars": [
                "\uE087"
            ]
        },
        {
            "type": "bitmap",
            "file": "lom:font/levelbars_mining/088.png",
            "ascent": 202,
            "height": 256,
            "chars": [
                "\uE088"
            ]
        },
        {
            "type": "bitmap",
            "file": "lom:font/levelbars_mining/089.png",
            "ascent": 202,
            "height": 256,
            "chars": [
                "\uE089"
            ]
        },
        {
            "type": "bitmap",
            "file": "lom:font/levelbars_mining/090.png",
            "ascent": 202,
            "height": 256,
            "chars": [
                "\uE090"
            ]
        },
        {
            "type": "bitmap",
            "file": "lom:font/levelbars_mining/091.png",
            "ascent": 202,
            "height": 256,
            "chars": [
                "\uE091"
            ]
        },
        {
            "type": "bitmap",
            "file": "lom:font/levelbars_mining/092.png",
            "ascent": 202,
            "height": 256,
            "chars": [
                "\uE092"
            ]
        },
        {
            "type": "bitmap",
            "file": "lom:font/levelbars_mining/093.png",
            "ascent": 202,
            "height": 256,
            "chars": [
                "\uE093"
            ]
        },
        {
            "type": "bitmap",
            "file": "lom:font/levelbars_mining/094.png",
            "ascent": 202,
            "height": 256,
            "chars": [
                "\uE094"
            ]
        },
        {
            "type": "bitmap",
            "file": "lom:font/levelbars_mining/095.png",
            "ascent": 202,
            "height": 256,
            "chars": [
                "\uE095"
            ]
        },
        {
            "type": "bitmap",
            "file": "lom:font/levelbars_mining/096.png",
            "ascent": 202,
            "height": 256,
            "chars": [
                "\uE096"
            ]
        },
        {
            "type": "bitmap",
            "file": "lom:font/levelbars_mining/097.png",
            "ascent": 202,
            "height": 256,
            "chars": [
                "\uE097"
            ]
        },
        {
            "type": "bitmap",
            "file": "lom:font/levelbars_mining/098.png",
            "ascent": 202,
            "height": 256,
            "chars": [
                "\uE098"
            ]
        },
        {
            "type": "bitmap",
            "file": "lom:font/levelbars_mining/099.png",
            "ascent": 202,
            "height": 256,
            "chars": [
                "\uE099"
            ]
        },
        {
            "type": "bitmap",
            "file": "lom:font/levelbars_mining/100.png",
            "ascent": 202,
            "height": 256,
            "chars": [
                "\uE100"
            ]
        },
        {
            "type": "bitmap",
            "file": "lom:font/levelbars_mining/101.png",
            "ascent": 202,
            "height": 256,
            "chars": [
                "\uE101"
            ]
        },
        {
            "type": "bitmap",
            "file": "lom:font/levelbars_mining/102.png",
            "ascent": 202,
            "height": 256,
            "chars": [
                "\uE102"
            ]
        },
        {
            "type": "bitmap",
            "file": "lom:font/levelbars_mining/103.png",
            "ascent": 202,
            "height": 256,
            "chars": [
                "\uE103"
            ]
        },
        {
            "type": "bitmap",
            "file": "lom:font/levelbars_mining/104.png",
            "ascent": 202,
            "height": 256,
            "chars": [
                "\uE104"
            ]
        },
        {
            "type": "bitmap",
            "file": "lom:font/levelbars_mining/105.png",
            "ascent": 202,
            "height": 256,
            "chars": [
                "\uE105"
            ]
        },
        {
            "type": "bitmap",
            "file": "lom:font/levelbars_mining/106.png",
            "ascent": 202,
            "height": 256,
            "chars": [
                "\uE106"
            ]
        },
        {
            "type": "bitmap",
            "file": "lom:font/levelbars_mining/107.png",
            "ascent": 202,
            "height": 256,
            "chars": [
                "\uE107"
            ]
        },
        {
            "type": "bitmap",
            "file": "lom:font/levelbars_mining/108.png",
            "ascent": 202,
            "height": 256,
            "chars": [
                "\uE108"
            ]
        },
        {
            "type": "bitmap",
            "file": "lom:font/levelbars_mining/109.png",
            "ascent": 202,
            "height": 256,
            "chars": [
                "\uE109"
            ]
        },
        {
            "type": "bitmap",
            "file": "lom:font/levelbars_mining/110.png",
            "ascent": 202,
            "height": 256,
            "chars": [
                "\uE110"
            ]
        },
        {
            "type": "bitmap",
            "file": "lom:font/levelbars_mining/111.png",
            "ascent": 202,
            "height": 256,
            "chars": [
                "\uE111"
            ]
        },
        {
            "type": "bitmap",
            "file": "lom:font/levelbars_mining/112.png",
            "ascent": 202,
            "height": 256,
            "chars": [
                "\uE112"
            ]
        },
        {
            "type": "bitmap",
            "file": "lom:font/levelbars_mining/113.png",
            "ascent": 202,
            "height": 256,
            "chars": [
                "\uE113"
            ]
        },
        {
            "type": "bitmap",
            "file": "lom:font/levelbars_mining/114.png",
            "ascent": 202,
            "height": 256,
            "chars": [
                "\uE114"
            ]
        },
        {
            "type": "bitmap",
            "file": "lom:font/levelbars_mining/115.png",
            "ascent": 202,
            "height": 256,
            "chars": [
                "\uE115"
            ]
        },
        {
            "type": "bitmap",
            "file": "lom:font/levelbars_mining/116.png",
            "ascent": 202,
            "height": 256,
            "chars": [
                "\uE116"
            ]
        },
        {
            "type": "bitmap",
            "file": "lom:font/levelbars_mining/117.png",
            "ascent": 202,
            "height": 256,
            "chars": [
                "\uE117"
            ]
        },
        {
            "type": "bitmap",
            "file": "lom:font/levelbars_mining/118.png",
            "ascent": 202,
            "height": 256,
            "chars": [
                "\uE118"
            ]
        },
        {
            "type": "bitmap",
            "file": "lom:font/levelbars_mining/119.png",
            "ascent": 202,
            "height": 256,
            "chars": [
                "\uE119"
            ]
        },
        {
            "type": "bitmap",
            "file": "lom:font/levelbars_mining/120.png",
            "ascent": 202,
            "height": 256,
            "chars": [
                "\uE120"
            ]
        },
        {
            "type": "bitmap",
            "file": "lom:font/levelbars_mining/121.png",
            "ascent": 202,
            "height": 256,
            "chars": [
                "\uE121"
            ]
        },
        {
            "type": "bitmap",
            "file": "lom:font/levelbars_mining/122.png",
            "ascent": 202,
            "height": 256,
            "chars": [
                "\uE122"
            ]
        },
        {
            "type": "bitmap",
            "file": "lom:font/levelbars_mining/123.png",
            "ascent": 202,
            "height": 256,
            "chars": [
                "\uE123"
            ]
        },
        {
            "type": "bitmap",
            "file": "lom:font/levelbars_mining/124.png",
            "ascent": 202,
            "height": 256,
            "chars": [
                "\uE124"
            ]
        },
        {
            "type": "bitmap",
            "file": "lom:font/levelbars_mining/125.png",
            "ascent": 202,
            "height": 256,
            "chars": [
                "\uE125"
            ]
        },
        {
            "type": "bitmap",
            "file": "lom:font/levelbars_mining/126.png",
            "ascent": 202,
            "height": 256,
            "chars": [
                "\uE126"
            ]
        },
        {
            "type": "bitmap",
            "file": "lom:font/levelbars_mining/127.png",
            "ascent": 202,
            "height": 256,
            "chars": [
                "\uE127"
            ]
        },
        {
            "type": "bitmap",
            "file": "lom:font/levelbars_mining/128.png",
            "ascent": 202,
            "height": 256,
            "chars": [
                "\uE128"
            ]
        },
        {
            "type": "bitmap",
            "file": "lom:font/levelbars_mining/129.png",
            "ascent": 202,
            "height": 256,
            "chars": [
                "\uE129"
            ]
        },
        {
            "type": "bitmap",
            "file": "lom:font/levelbars_mining/130.png",
            "ascent": 202,
            "height": 256,
            "chars": [
                "\uE130"
            ]
        },
        {
            "type": "bitmap",
            "file": "lom:font/levelbars_mining/131.png",
            "ascent": 202,
            "height": 256,
            "chars": [
                "\uE131"
            ]
        },
        {
            "type": "bitmap",
            "file": "lom:font/levelbars_mining/132.png",
            "ascent": 202,
            "height": 256,
            "chars": [
                "\uE132"
            ]
        },
        {
            "type": "bitmap",
            "file": "lom:font/levelbars_mining/133.png",
            "ascent": 202,
            "height": 256,
            "chars": [
                "\uE133"
            ]
        },
        {
            "type": "bitmap",
            "file": "lom:font/levelbars_mining/134.png",
            "ascent": 202,
            "height": 256,
            "chars": [
                "\uE134"
            ]
        },
        {
            "type": "bitmap",
            "file": "lom:font/levelbars_mining/135.png",
            "ascent": 202,
            "height": 256,
            "chars": [
                "\uE135"
            ]
        },
        {
            "type": "bitmap",
            "file": "lom:font/levelbars_mining/136.png",
            "ascent": 202,
            "height": 256,
            "chars": [
                "\uE136"
            ]
        },
        {
            "type": "bitmap",
            "file": "lom:font/levelbars_mining/137.png",
            "ascent": 202,
            "height": 256,
            "chars": [
                "\uE137"
            ]
        },
        {
            "type": "bitmap",
            "file": "lom:font/levelbars_mining/138.png",
            "ascent": 202,
            "height": 256,
            "chars": [
                "\uE138"
            ]
        },
        {
            "type": "bitmap",
            "file": "lom:font/levelbars_mining/139.png",
            "ascent": 202,
            "height": 256,
            "chars": [
                "\uE139"
            ]
        },
        {
            "type": "bitmap",
            "file": "lom:font/levelbars_mining/140.png",
            "ascent": 202,
            "height": 256,
            "chars": [
                "\uE140"
            ]
        },
        {
            "type": "bitmap",
            "file": "lom:font/levelbars_mining/141.png",
            "ascent": 202,
            "height": 256,
            "chars": [
                "\uE141"
            ]
        },
        {
            "type": "bitmap",
            "file": "lom:font/levelbars_mining/142.png",
            "ascent": 202,
            "height": 256,
            "chars": [
                "\uE142"
            ]
        },
        {
            "type": "bitmap",
            "file": "lom:font/levelbars_mining/143.png",
            "ascent": 202,
            "height": 256,
            "chars": [
                "\uE143"
            ]
        },
        {
            "type": "bitmap",
            "file": "lom:font/levelbars_mining/144.png",
            "ascent": 202,
            "height": 256,
            "chars": [
                "\uE144"
            ]
        },
        {
            "type": "bitmap",
            "file": "lom:font/levelbars_mining/145.png",
            "ascent": 202,
            "height": 256,
            "chars": [
                "\uE145"
            ]
        },
        {
            "type": "bitmap",
            "file": "lom:font/levelbars_mining/146.png",
            "ascent": 202,
            "height": 256,
            "chars": [
                "\uE146"
            ]
        },
        {
            "type": "bitmap",
            "file": "lom:font/levelbars_mining/147.png",
            "ascent": 202,
            "height": 256,
            "chars": [
                "\uE147"
            ]
        },
        {
            "type": "bitmap",
            "file": "lom:font/levelbars_mining/148.png",
            "ascent": 202,
            "height": 256,
            "chars": [
                "\uE148"
            ]
        },
        {
            "type": "bitmap",
            "file": "lom:font/levelbars_mining/149.png",
            "ascent": 202,
            "height": 256,
            "chars": [
                "\uE149"
            ]
        },
        {
            "type": "bitmap",
            "file": "lom:font/levelbars_mining/150.png",
            "ascent": 202,
            "height": 256,
            "chars": [
                "\uE150"
            ]
        },
        {
            "type": "bitmap",
            "file": "lom:font/levelbars_mining/151.png",
            "ascent": 202,
            "height": 256,
            "chars": [
                "\uE151"
            ]
        },
        {
            "type": "bitmap",
            "file": "lom:font/levelbars_mining/152.png",
            "ascent": 202,
            "height": 256,
            "chars": [
                "\uE152"
            ]
        },
        {
            "type": "bitmap",
            "file": "lom:font/levelbars_mining/153.png",
            "ascent": 202,
            "height": 256,
            "chars": [
                "\uE153"
            ]
        },
        {
            "type": "bitmap",
            "file": "lom:font/levelbars_mining/154.png",
            "ascent": 202,
            "height": 256,
            "chars": [
                "\uE154"
            ]
        },
        {
            "type": "bitmap",
            "file": "lom:font/levelbars_mining/155.png",
            "ascent": 202,
            "height": 256,
            "chars": [
                "\uE155"
            ]
        },
        {
            "type": "bitmap",
            "file": "lom:font/levelbars_mining/156.png",
            "ascent": 202,
            "height": 256,
            "chars": [
                "\uE156"
            ]
        },
        {
            "type": "bitmap",
            "file": "lom:font/levelbars_mining/157.png",
            "ascent": 202,
            "height": 256,
            "chars": [
                "\uE157"
            ]
        },
        {
            "type": "bitmap",
            "file": "lom:font/levelbars_mining/158.png",
            "ascent": 202,
            "height": 256,
            "chars": [
                "\uE158"
            ]
        },
        {
            "type": "bitmap",
            "file": "lom:font/levelbars_mining/159.png",
            "ascent": 202,
            "height": 256,
            "chars": [
                "\uE159"
            ]
        },
        {
            "type": "bitmap",
            "file": "lom:font/levelbars_mining/160.png",
            "ascent": 202,
            "height": 256,
            "chars": [
                "\uE160"
            ]
        },
        {
            "type": "bitmap",
            "file": "lom:font/levelbars_mining/161.png",
            "ascent": 202,
            "height": 256,
            "chars": [
                "\uE161"
            ]
        },
        {
            "type": "bitmap",
            "file": "lom:font/levelbars_mining/162.png",
            "ascent": 202,
            "height": 256,
            "chars": [
                "\uE162"
            ]
        },
        {
            "type": "bitmap",
            "file": "lom:font/levelbars_mining/163.png",
            "ascent": 202,
            "height": 256,
            "chars": [
                "\uE163"
            ]
        },
        {
            "type": "bitmap",
            "file": "lom:font/levelbars_mining/164.png",
            "ascent": 202,
            "height": 256,
            "chars": [
                "\uE164"
            ]
        },
        {
            "type": "bitmap",
            "file": "lom:font/levelbars_mining/165.png",
            "ascent": 202,
            "height": 256,
            "chars": [
                "\uE165"
            ]
        },
        {
            "type": "bitmap",
            "file": "lom:font/levelbars_mining/166.png",
            "ascent": 202,
            "height": 256,
            "chars": [
                "\uE166"
            ]
        },
        {
            "type": "bitmap",
            "file": "lom:font/levelbars_mining/167.png",
            "ascent": 202,
            "height": 256,
            "chars": [
                "\uE167"
            ]
        },
        {
            "type": "bitmap",
            "file": "lom:font/levelbars_mining/168.png",
            "ascent": 202,
            "height": 256,
            "chars": [
                "\uE168"
            ]
        },
        {
            "type": "bitmap",
            "file": "lom:font/levelbars_mining/169.png",
            "ascent": 202,
            "height": 256,
            "chars": [
                "\uE169"
            ]
        },
        {
            "type": "bitmap",
            "file": "lom:font/levelbars_mining/170.png",
            "ascent": 202,
            "height": 256,
            "chars": [
                "\uE170"
            ]
        },
        {
            "type": "bitmap",
            "file": "lom:font/levelbars_mining/171.png",
            "ascent": 202,
            "height": 256,
            "chars": [
                "\uE171"
            ]
        },
        {
            "type": "bitmap",
            "file": "lom:font/levelbars_mining/172.png",
            "ascent": 202,
            "height": 256,
            "chars": [
                "\uE172"
            ]
        },
        {
            "type": "bitmap",
            "file": "lom:font/levelbars_mining/173.png",
            "ascent": 202,
            "height": 256,
            "chars": [
                "\uE173"
            ]
        },
        {
            "type": "bitmap",
            "file": "lom:font/levelbars_mining/174.png",
            "ascent": 202,
            "height": 256,
            "chars": [
                "\uE174"
            ]
        },
        {
            "type": "bitmap",
            "file": "lom:font/levelbars_mining/175.png",
            "ascent": 202,
            "height": 256,
            "chars": [
                "\uE175"
            ]
        },
        {
            "type": "bitmap",
            "file": "lom:font/levelbars_mining/176.png",
            "ascent": 202,
            "height": 256,
            "chars": [
                "\uE176"
            ]
        },
        {
            "type": "bitmap",
            "file": "lom:font/levelbars_mining/177.png",
            "ascent": 202,
            "height": 256,
            "chars": [
                "\uE177"
            ]
        },
        {
            "type": "bitmap",
            "file": "lom:font/levelbars_mining/178.png",
            "ascent": 202,
            "height": 256,
            "chars": [
                "\uE178"
            ]
        },
        {
            "type": "bitmap",
            "file": "lom:font/levelbars_mining/179.png",
            "ascent": 202,
            "height": 256,
            "chars": [
                "\uE179"
            ]
        },
        {
            "type": "bitmap",
            "file": "lom:font/levelbars_mining/180.png",
            "ascent": 202,
            "height": 256,
            "chars": [
                "\uE180"
            ]
        },
        {
            "type": "bitmap",
            "file": "lom:font/levelbars_mining/181.png",
            "ascent": 202,
            "height": 256,
            "chars": [
                "\uE181"
            ]
        },
        {
            "type": "bitmap",
            "file": "lom:font/levelbars_mining/182.png",
            "ascent": 202,
            "height": 256,
            "chars": [
                "\uE182"
            ]
        },
        {
            "type": "bitmap",
            "file": "lom:font/levelbars_mining/183.png",
            "ascent": 202,
            "height": 256,
            "chars": [
                "\uE183"
            ]
        },
        {
            "type": "bitmap",
            "file": "lom:font/levelbars_mining/184.png",
            "ascent": 202,
            "height": 256,
            "chars": [
                "\uE184"
            ]
        },
        {
            "type": "bitmap",
            "file": "lom:font/levelbars_mining/185.png",
            "ascent": 202,
            "height": 256,
            "chars": [
                "\uE185"
            ]
        },
        {
            "type": "bitmap",
            "file": "lom:font/levelbars_mining/186.png",
            "ascent": 202,
            "height": 256,
            "chars": [
                "\uE186"
            ]
        },
        {
            "type": "bitmap",
            "file": "lom:font/levelbars_mining/187.png",
            "ascent": 202,
            "height": 256,
            "chars": [
                "\uE187"
            ]
        },
        {
            "type": "bitmap",
            "file": "lom:font/levelbars_mining/188.png",
            "ascent": 202,
            "height": 256,
            "chars": [
                "\uE188"
            ]
        },
        {
            "type": "bitmap",
            "file": "lom:font/levelbars_mining/189.png",
            "ascent": 202,
            "height": 256,
            "chars": [
                "\uE189"
            ]
        },
        {
            "type": "bitmap",
            "file": "lom:font/levelbars_mining/190.png",
            "ascent": 202,
            "height": 256,
            "chars": [
                "\uE190"
            ]
        },
        {
            "type": "bitmap",
            "file": "lom:font/levelbars_mining/191.png",
            "ascent": 202,
            "height": 256,
            "chars": [
                "\uE191"
            ]
        },
        {
            "type": "bitmap",
            "file": "lom:font/levelbars_mining/192.png",
            "ascent": 202,
            "height": 256,
            "chars": [
                "\uE192"
            ]
        },
        {
            "type": "bitmap",
            "file": "lom:font/levelbars_mining/193.png",
            "ascent": 202,
            "height": 256,
            "chars": [
                "\uE193"
            ]
        },
        {
            "type": "bitmap",
            "file": "lom:font/levelbars_mining/194.png",
            "ascent": 202,
            "height": 256,
            "chars": [
                "\uE194"
            ]
        },
        {
            "type": "bitmap",
            "file": "lom:font/levelbars_mining/195.png",
            "ascent": 202,
            "height": 256,
            "chars": [
                "\uE195"
            ]
        },
        {
            "type": "bitmap",
            "file": "lom:font/levelbars_mining/196.png",
            "ascent": 202,
            "height": 256,
            "chars": [
                "\uE196"
            ]
        },
        {
            "type": "bitmap",
            "file": "lom:font/levelbars_mining/197.png",
            "ascent": 202,
            "height": 256,
            "chars": [
                "\uE197"
            ]
        }
    ]
}