{
	"credit": "Made with Blockbench by bwoodfield",
	"textures": {
		"particle": "lom:item/hats/beards/redtexture"
	},
	"elements": [
		{
			"from": [6.9, 1.1, 3.3],
			"to": [9.1, 2.2, 3.5],
			"faces": {
				"north": { "uv": [15, 14.9, 16, 16], "texture": "#particle" },
				"east": { "uv": [15, 14.9, 16, 16], "texture": "#particle" },
				"south": { "uv": [15, 14.9, 16, 16], "texture": "#particle" },
				"west": { "uv": [15, 14.9, 16, 16], "texture": "#particle" },
				"up": { "uv": [15, 14.9, 16, 15.1], "texture": "#particle" },
				"down": { "uv": [15, 14.9, 16, 15.1], "texture": "#particle" }
			}
		},
		{
			"from": [8.75495, 0.87081, 3.1],
			"to": [10.75495, 1.97081, 3.7],
			"rotation": { "angle": -45, "axis": "z", "origin": [9.75495, 1.97081, 3.4] },
			"faces": {
				"north": { "uv": [0, 7, 11, 14.6], "rotation": 180, "texture": "#particle" },
				"east": { "uv": [0, 7, 9.7, 14.6], "rotation": 180, "texture": "#particle" },
				"south": { "uv": [0, 7, 11, 14.6], "rotation": 180, "texture": "#particle" },
				"west": { "uv": [0, 7, 9.7, 14.6], "rotation": 180, "texture": "#particle" },
				"up": { "uv": [0, 7, 11, 14.6], "rotation": 180, "texture": "#particle" },
				"down": { "uv": [0, 7, 11, 14.6], "rotation": 180, "texture": "#particle" }
			}
		},
		{
			"from": [5.24505, 0.87081, 3.1],
			"to": [7.24505, 1.97081, 3.7],
			"rotation": { "angle": 45, "axis": "z", "origin": [6.24505, 1.97081, 3.4] },
			"faces": {
				"north": { "uv": [11, 7, 0, 14.6], "rotation": 180, "texture": "#particle" },
				"east": { "uv": [9.7, 7, 0, 14.6], "rotation": 180, "texture": "#particle" },
				"south": { "uv": [11, 7, 0, 14.6], "rotation": 180, "texture": "#particle" },
				"west": { "uv": [9.7, 7, 0, 14.6], "rotation": 180, "texture": "#particle" },
				"up": { "uv": [11, 7, 0, 14.6], "rotation": 180, "texture": "#particle" },
				"down": { "uv": [11, 7, 0, 14.6], "rotation": 180, "texture": "#particle" }
			}
		},
		{
			"from": [6.9, 1.8, 3.075],
			"to": [9.1, 2.7, 3.7],
			"rotation": { "angle": 0, "axis": "z", "origin": [8, 2.25, 3.4] },
			"faces": {
				"north": { "uv": [0, 4.6, 11, 14.6], "rotation": 180, "texture": "#particle" },
				"east": { "uv": [0, 4.6, 9.6, 14.6], "rotation": 180, "texture": "#particle" },
				"south": { "uv": [0, 4.6, 11, 14.6], "rotation": 180, "texture": "#particle" },
				"west": { "uv": [0, 4.6, 9.6, 14.6], "rotation": 180, "texture": "#particle" },
				"up": { "uv": [0, 4.6, 11, 14.6], "rotation": 180, "texture": "#particle" },
				"down": { "uv": [0, 4.6, 11, 14.6], "rotation": 180, "texture": "#particle" }
			}
		},
		{
			"from": [6.8, -2.35, 2.5],
			"to": [9.2, 1.15, 3.8],
			"rotation": { "angle": 0, "axis": "z", "origin": [8, 2.25, 3.4] },
			"faces": {
				"north": { "uv": [0, 4, 11, 12.6], "rotation": 180, "texture": "#particle" },
				"east": { "uv": [0, 4, 9.6, 12.6], "rotation": 180, "texture": "#particle" },
				"south": { "uv": [0, 4, 11, 12.6], "rotation": 180, "texture": "#particle" },
				"west": { "uv": [0, 4, 9.6, 12.6], "rotation": 180, "texture": "#particle" },
				"up": { "uv": [0, 4, 11, 12.6], "rotation": 180, "texture": "#particle" },
				"down": { "uv": [0, 4, 11, 12.6], "rotation": 180, "texture": "#particle" }
			}
		},
		{
			"from": [4.85, -2.5, 2.65],
			"to": [11.15, 1.1, 5.2],
			"rotation": { "angle": 0, "axis": "z", "origin": [9.5, 2.25, 3.4] },
			"faces": {
				"north": { "uv": [0, 3.8, 8.7, 14.6], "rotation": 180, "texture": "#particle" },
				"east": { "uv": [0, 3.8, 7.4, 14.6], "rotation": 180, "texture": "#particle" },
				"south": { "uv": [0, 3.8, 8.7, 14.6], "rotation": 180, "texture": "#particle" },
				"west": { "uv": [0, 3.8, 7.4, 14.6], "rotation": 180, "texture": "#particle" },
				"up": { "uv": [0, 3.8, 8.7, 14.6], "rotation": 180, "texture": "#particle" },
				"down": { "uv": [0, 3.8, 8.7, 14.6], "rotation": 180, "texture": "#particle" }
			}
		},
		{
			"from": [3.35, -1.4, 2.95],
			"to": [6.25, 1.5, 3.65],
			"rotation": { "angle": 0, "axis": "z", "origin": [8, 2.25, 3.4] },
			"faces": {
				"north": { "uv": [0, 6.1, 8.7, 14.6], "rotation": 180, "texture": "#particle" },
				"east": { "uv": [0, 6.1, 7.4, 14.6], "rotation": 180, "texture": "#particle" },
				"south": { "uv": [0, 6.1, 8.7, 14.6], "rotation": 180, "texture": "#particle" },
				"west": { "uv": [0, 6.1, 7.4, 14.6], "rotation": 180, "texture": "#particle" },
				"up": { "uv": [0, 6.1, 8.7, 14.6], "rotation": 180, "texture": "#particle" },
				"down": { "uv": [0, 6.1, 8.7, 14.6], "rotation": 180, "texture": "#particle" }
			}
		},
		{
			"from": [9.75, -1.4, 2.95],
			"to": [12.65, 1.5, 3.65],
			"rotation": { "angle": 0, "axis": "z", "origin": [8, 2.25, 3.4] },
			"faces": {
				"north": { "uv": [8.7, 6.1, 0, 14.6], "rotation": 180, "texture": "#particle" },
				"east": { "uv": [7.4, 6.1, 0, 14.6], "rotation": 180, "texture": "#particle" },
				"south": { "uv": [8.7, 6.1, 0, 14.6], "rotation": 180, "texture": "#particle" },
				"west": { "uv": [7.4, 6.1, 0, 14.6], "rotation": 180, "texture": "#particle" },
				"up": { "uv": [8.7, 6.1, 0, 14.6], "rotation": 180, "texture": "#particle" },
				"down": { "uv": [8.7, 6.1, 0, 14.6], "rotation": 180, "texture": "#particle" }
			}
		},
		{
			"from": [2.95, -1.8, 3.25],
			"to": [6.25, 1.55, 4.95],
			"rotation": { "angle": 0, "axis": "z", "origin": [8, 2.25, 3.4] },
			"faces": {
				"north": { "uv": [0, 4, 8, 10.1], "rotation": 180, "texture": "#particle" },
				"east": { "uv": [0, 4, 6.6, 10.1], "rotation": 180, "texture": "#particle" },
				"south": { "uv": [0, 4, 8, 10.1], "rotation": 180, "texture": "#particle" },
				"west": { "uv": [0, 4, 6.6, 10.1], "rotation": 180, "texture": "#particle" },
				"up": { "uv": [0, 4, 8, 10.1], "rotation": 180, "texture": "#particle" },
				"down": { "uv": [0, 4, 8, 10.1], "rotation": 180, "texture": "#particle" }
			}
		},
		{
			"from": [9.75, -1.8, 3.25],
			"to": [13.05, 1.55, 4.95],
			"rotation": { "angle": 0, "axis": "z", "origin": [8, 2.25, 3.4] },
			"faces": {
				"north": { "uv": [8, 4, 0, 10.1], "rotation": 180, "texture": "#particle" },
				"east": { "uv": [6.6, 4, 0, 10.1], "rotation": 180, "texture": "#particle" },
				"south": { "uv": [8, 4, 0, 10.1], "rotation": 180, "texture": "#particle" },
				"west": { "uv": [6.6, 4, 0, 10.1], "rotation": 180, "texture": "#particle" },
				"up": { "uv": [8, 4, 0, 10.1], "rotation": 180, "texture": "#particle" },
				"down": { "uv": [8, 4, 0, 10.1], "rotation": 180, "texture": "#particle" }
			}
		},
		{
			"from": [2.875, -1.1, 3.35],
			"to": [3.55, 1.5, 5.2],
			"rotation": { "angle": 0, "axis": "z", "origin": [8, 2.25, 3.4] },
			"faces": {
				"north": { "uv": [0, 5, 4, 14.6], "rotation": 180, "texture": "#particle" },
				"east": { "uv": [0, 5, 2.6, 14.6], "rotation": 180, "texture": "#particle" },
				"south": { "uv": [0, 5, 4, 14.6], "rotation": 180, "texture": "#particle" },
				"west": { "uv": [0, 5, 2.6, 14.6], "rotation": 180, "texture": "#particle" },
				"up": { "uv": [0, 5, 4, 14.6], "rotation": 180, "texture": "#particle" },
				"down": { "uv": [0, 5, 4, 14.6], "rotation": 180, "texture": "#particle" }
			}
		},
		{
			"from": [12.45, -1.1, 3.35],
			"to": [13.125, 1.5, 5.2],
			"rotation": { "angle": 0, "axis": "z", "origin": [8, 2.25, 3.4] },
			"faces": {
				"north": { "uv": [4, 5, 0, 14.6], "rotation": 180, "texture": "#particle" },
				"east": { "uv": [2.6, 5, 0, 14.6], "rotation": 180, "texture": "#particle" },
				"south": { "uv": [4, 5, 0, 14.6], "rotation": 180, "texture": "#particle" },
				"west": { "uv": [2.6, 5, 0, 14.6], "rotation": 180, "texture": "#particle" },
				"up": { "uv": [4, 5, 0, 14.6], "rotation": 180, "texture": "#particle" },
				"down": { "uv": [4, 5, 0, 14.6], "rotation": 180, "texture": "#particle" }
			}
		},
		{
			"from": [3.05, 1.2, 4.675],
			"to": [3.55, 2.65, 7.2],
			"rotation": { "angle": 0, "axis": "z", "origin": [3.3, 1.78676, 5.09056] },
			"faces": {
				"north": { "uv": [0, 7.3, 11, 9.2], "rotation": 180, "texture": "#particle" },
				"east": { "uv": [0, 7.3, 9.8, 9.2], "rotation": 180, "texture": "#particle" },
				"south": { "uv": [0, 7.3, 11, 9.2], "rotation": 180, "texture": "#particle" },
				"west": { "uv": [0, 5, 9.6, 14.2], "rotation": 180, "texture": "#particle" },
				"up": { "uv": [0, 7.3, 11, 9.2], "rotation": 180, "texture": "#particle" },
				"down": { "uv": [0, 7.3, 11, 9.2], "rotation": 180, "texture": "#particle" }
			}
		},
		{
			"from": [12.45, 1.2, 4.675],
			"to": [12.95, 2.65, 7.2],
			"rotation": { "angle": 0, "axis": "z", "origin": [12.7, 1.78676, 5.09056] },
			"faces": {
				"north": { "uv": [11, 7.3, 0, 9.2], "rotation": 180, "texture": "#particle" },
				"east": { "uv": [9.6, 5, 0, 14.2], "rotation": 180, "texture": "#particle" },
				"south": { "uv": [11, 7.3, 0, 9.2], "rotation": 180, "texture": "#particle" },
				"west": { "uv": [9.8, 7.3, 0, 9.2], "rotation": 180, "texture": "#particle" },
				"up": { "uv": [11, 7.3, 0, 9.2], "rotation": 180, "texture": "#particle" },
				"down": { "uv": [11, 7.3, 0, 9.2], "rotation": 180, "texture": "#particle" }
			}
		},
		{
			"from": [3.05, 2.625, 6.075],
			"to": [3.55, 3.475, 8],
			"rotation": { "angle": 0, "axis": "z", "origin": [3.3, 1.78676, 5.09056] },
			"faces": {
				"north": { "uv": [0, 3, 10, 4.9], "rotation": 180, "texture": "#particle" },
				"east": { "uv": [0, 3, 8.6, 4.9], "rotation": 180, "texture": "#particle" },
				"south": { "uv": [0, 10, 10, 11.9], "rotation": 180, "texture": "#particle" },
				"west": { "uv": [0, 5, 9.6, 14.2], "rotation": 180, "texture": "#particle" },
				"up": { "uv": [0, 7, 10, 5.9], "rotation": 180, "texture": "#particle" },
				"down": { "uv": [0, 5, 10, 5.9], "rotation": 180, "texture": "#particle" }
			}
		},
		{
			"from": [12.45, 2.625, 6.075],
			"to": [12.95, 3.475, 8],
			"rotation": { "angle": 0, "axis": "z", "origin": [12.7, 1.78676, 5.09056] },
			"faces": {
				"north": { "uv": [10, 3, 0, 4.9], "rotation": 180, "texture": "#particle" },
				"east": { "uv": [9.6, 5, 0, 14.2], "rotation": 180, "texture": "#particle" },
				"south": { "uv": [10, 10, 0, 11.9], "rotation": 180, "texture": "#particle" },
				"west": { "uv": [8.6, 3, 0, 4.9], "rotation": 180, "texture": "#particle" },
				"up": { "uv": [10, 7, 0, 5.9], "rotation": 180, "texture": "#particle" },
				"down": { "uv": [10, 5, 0, 5.9], "rotation": 180, "texture": "#particle" }
			}
		},
		{
			"from": [3, 2.25, 4.35],
			"to": [3.55, 3.1, 6.275],
			"rotation": { "angle": -45, "axis": "x", "origin": [3.3, 3.05, 5.7375] },
			"faces": {
				"north": { "uv": [0.4, 5.9, 11, 8.3], "texture": "#particle" },
				"east": { "uv": [0.4, 5.9, 10.4, 8.3], "texture": "#particle" },
				"south": { "uv": [0.4, 5.9, 11, 8.3], "texture": "#particle" },
				"west": { "uv": [0, 5, 9.6, 14.2], "rotation": 180, "texture": "#particle" },
				"up": { "uv": [0.1, 9.8, 10.7, 10.6], "texture": "#particle" },
				"down": { "uv": [0.4, 5.9, 11, 8.3], "texture": "#particle" }
			}
		},
		{
			"from": [12.45, 2.25, 4.35],
			"to": [13, 3.1, 6.275],
			"rotation": { "angle": -45, "axis": "x", "origin": [12.7, 3.05, 5.7375] },
			"faces": {
				"north": { "uv": [11, 5.9, 0.4, 8.3], "texture": "#particle" },
				"east": { "uv": [9.6, 5, 0, 14.2], "rotation": 180, "texture": "#particle" },
				"south": { "uv": [11, 5.9, 0.4, 8.3], "texture": "#particle" },
				"west": { "uv": [10.4, 5.9, 0.4, 8.3], "texture": "#particle" },
				"up": { "uv": [10.7, 9.8, 0.1, 10.6], "texture": "#particle" },
				"down": { "uv": [11, 5.9, 0.4, 8.3], "texture": "#particle" }
			}
		},
		{
			"from": [3.125, 0.4, 4.35],
			"to": [3.55, 1.4, 6.4],
			"rotation": { "angle": -45, "axis": "x", "origin": [3.3, 0.8, 5.375] },
			"faces": {
				"north": { "uv": [0, 4, 10.9, 7.8], "rotation": 180, "texture": "#particle" },
				"east": { "uv": [0, 4, 9.5, 7.8], "rotation": 180, "texture": "#particle" },
				"south": { "uv": [0, 4, 10.9, 7.8], "rotation": 180, "texture": "#particle" },
				"west": { "uv": [0, 5, 9.6, 14.2], "rotation": 180, "texture": "#particle" },
				"up": { "uv": [0, 4, 10.9, 7.8], "rotation": 180, "texture": "#particle" },
				"down": { "uv": [0, 4, 10.9, 7.8], "rotation": 180, "texture": "#particle" }
			}
		},
		{
			"from": [12.45, 0.4, 4.35],
			"to": [12.875, 1.4, 6.4],
			"rotation": { "angle": -45, "axis": "x", "origin": [12.7, 0.8, 5.375] },
			"faces": {
				"north": { "uv": [10.9, 4, 0, 7.8], "rotation": 180, "texture": "#particle" },
				"east": { "uv": [9.6, 5, 0, 14.2], "rotation": 180, "texture": "#particle" },
				"south": { "uv": [10.9, 4, 0, 7.8], "rotation": 180, "texture": "#particle" },
				"west": { "uv": [9.5, 4, 0, 7.8], "rotation": 180, "texture": "#particle" },
				"up": { "uv": [10.9, 4, 0, 7.8], "rotation": 180, "texture": "#particle" },
				"down": { "uv": [10.9, 4, 0, 7.8], "rotation": 180, "texture": "#particle" }
			}
		},
		{
			"from": [3.1, 1.58789, 3.66894],
			"to": [3.55, 2.68789, 5.41894],
			"rotation": { "angle": -45, "axis": "x", "origin": [3.3, 1.78676, 5.09056] },
			"faces": {
				"north": { "uv": [0, 5.2, 11, 9.9], "rotation": 180, "texture": "#particle" },
				"east": { "uv": [0, 5.2, 10.5, 9.9], "rotation": 180, "texture": "#particle" },
				"south": { "uv": [0, 5.2, 11, 9.9], "rotation": 180, "texture": "#particle" },
				"west": { "uv": [0, 5, 9.6, 14.2], "rotation": 180, "texture": "#particle" },
				"up": { "uv": [0, 8.2, 1, 8.9], "rotation": 180, "texture": "#particle" },
				"down": { "uv": [0, 5.2, 11, 9.9], "rotation": 180, "texture": "#particle" }
			}
		},
		{
			"from": [12.45, 1.58789, 3.76894],
			"to": [12.9, 2.68789, 5.41894],
			"rotation": { "angle": -45, "axis": "x", "origin": [12.7, 1.78676, 5.09056] },
			"faces": {
				"north": { "uv": [11, 5.2, 0, 9.9], "rotation": 180, "texture": "#particle" },
				"east": { "uv": [9.6, 5, 0, 14.2], "rotation": 180, "texture": "#particle" },
				"south": { "uv": [11, 5.2, 0, 9.9], "rotation": 180, "texture": "#particle" },
				"west": { "uv": [10.5, 5.2, 0, 9.9], "rotation": 180, "texture": "#particle" },
				"up": { "uv": [1, 8.2, 0, 8.9], "rotation": 180, "texture": "#particle" },
				"down": { "uv": [11, 5.2, 0, 9.9], "rotation": 180, "texture": "#particle" }
			}
		},
		{
			"from": [4.075, -0.175, 2.35],
			"to": [5.825, 0.725, 3.25],
			"rotation": { "angle": -45, "axis": "z", "origin": [4.95, 0.275, 2.8] },
			"faces": {
				"north": { "uv": [10, 6, 1, 7.6], "rotation": 180, "texture": "#particle" },
				"east": { "uv": [8.6, 6, 1, 7.6], "rotation": 180, "texture": "#particle" },
				"south": { "uv": [10, 6, 1, 7.6], "rotation": 180, "texture": "#particle" },
				"west": { "uv": [8.6, 6, 1, 7.6], "rotation": 180, "texture": "#particle" },
				"up": { "uv": [10, 6, 1, 7.6], "rotation": 180, "texture": "#particle" },
				"down": { "uv": [10, 6, 1, 7.6], "rotation": 180, "texture": "#particle" }
			}
		},
		{
			"from": [5.1, 0.45, 2.375],
			"to": [6.85, 1.35, 3.25],
			"rotation": { "angle": 45, "axis": "z", "origin": [6.95, 0.275, 2.8] },
			"faces": {
				"north": { "uv": [10, 6, 1, 7.6], "rotation": 180, "texture": "#particle" },
				"east": { "uv": [8.6, 6, 1, 7.6], "rotation": 180, "texture": "#particle" },
				"south": { "uv": [10, 6, 1, 7.6], "rotation": 180, "texture": "#particle" },
				"west": { "uv": [8.6, 6, 1, 7.6], "rotation": 180, "texture": "#particle" },
				"up": { "uv": [10, 6, 1, 7.6], "rotation": 180, "texture": "#particle" },
				"down": { "uv": [10, 6, 1, 7.6], "rotation": 180, "texture": "#particle" }
			}
		},
		{
			"from": [4.075, -1.45, 2.4],
			"to": [5.825, -0.55, 3.25],
			"rotation": { "angle": -45, "axis": "z", "origin": [4.95, -1, 2.8] },
			"faces": {
				"north": { "uv": [10, 6, 1, 7.6], "rotation": 180, "texture": "#particle" },
				"east": { "uv": [8.6, 6, 1, 7.6], "rotation": 180, "texture": "#particle" },
				"south": { "uv": [10, 6, 1, 7.6], "rotation": 180, "texture": "#particle" },
				"west": { "uv": [8.6, 6, 1, 7.6], "rotation": 180, "texture": "#particle" },
				"up": { "uv": [10, 6, 1, 7.6], "rotation": 180, "texture": "#particle" },
				"down": { "uv": [10, 6, 1, 7.6], "rotation": 180, "texture": "#particle" }
			}
		},
		{
			"from": [5.1, -0.825, 2.425],
			"to": [6.85, 0.075, 3.25],
			"rotation": { "angle": 45, "axis": "z", "origin": [6.95, -1, 2.8] },
			"faces": {
				"north": { "uv": [10, 6, 1, 7.6], "rotation": 180, "texture": "#particle" },
				"east": { "uv": [8.6, 6, 1, 7.6], "rotation": 180, "texture": "#particle" },
				"south": { "uv": [10, 6, 1, 7.6], "rotation": 180, "texture": "#particle" },
				"west": { "uv": [8.6, 6, 1, 7.6], "rotation": 180, "texture": "#particle" },
				"up": { "uv": [10, 6, 1, 7.6], "rotation": 180, "texture": "#particle" },
				"down": { "uv": [10, 6, 1, 7.6], "rotation": 180, "texture": "#particle" }
			}
		},
		{
			"from": [4.075, -2.7, 2.45],
			"to": [5.825, -1.8, 3.25],
			"rotation": { "angle": -45, "axis": "z", "origin": [4.95, -2.25, 2.8] },
			"faces": {
				"north": { "uv": [10, 6, 1, 7.6], "rotation": 180, "texture": "#particle" },
				"east": { "uv": [8.6, 6, 1, 7.6], "rotation": 180, "texture": "#particle" },
				"south": { "uv": [10, 6, 1, 7.6], "rotation": 180, "texture": "#particle" },
				"west": { "uv": [8.6, 6, 1, 7.6], "rotation": 180, "texture": "#particle" },
				"up": { "uv": [10, 6, 1, 7.6], "rotation": 180, "texture": "#particle" },
				"down": { "uv": [10, 6, 1, 7.6], "rotation": 180, "texture": "#particle" }
			}
		},
		{
			"from": [5.1, -2.075, 2.475],
			"to": [6.85, -1.175, 3.25],
			"rotation": { "angle": 45, "axis": "z", "origin": [6.95, -2.25, 2.8] },
			"faces": {
				"north": { "uv": [10, 6, 1, 7.6], "rotation": 180, "texture": "#particle" },
				"east": { "uv": [8.6, 6, 1, 7.6], "rotation": 180, "texture": "#particle" },
				"south": { "uv": [10, 6, 1, 7.6], "rotation": 180, "texture": "#particle" },
				"west": { "uv": [8.6, 6, 1, 7.6], "rotation": 180, "texture": "#particle" },
				"up": { "uv": [10, 6, 1, 7.6], "rotation": 180, "texture": "#particle" },
				"down": { "uv": [10, 6, 1, 7.6], "rotation": 180, "texture": "#particle" }
			}
		},
		{
			"from": [5.1, -3.325, 2.525],
			"to": [6.8, -2.425, 3.25],
			"rotation": { "angle": 45, "axis": "z", "origin": [6.95, -3.5, 2.8] },
			"faces": {
				"north": { "uv": [10, 6, 1, 7.6], "rotation": 180, "texture": "#particle" },
				"east": { "uv": [8.6, 6, 1, 7.6], "rotation": 180, "texture": "#particle" },
				"south": { "uv": [10, 6, 1, 7.6], "rotation": 180, "texture": "#particle" },
				"west": { "uv": [8.6, 6, 1, 7.6], "rotation": 180, "texture": "#particle" },
				"up": { "uv": [10, 6, 1, 7.6], "rotation": 180, "texture": "#particle" },
				"down": { "uv": [10, 6, 1, 7.6], "rotation": 180, "texture": "#particle" }
			}
		},
		{
			"from": [4.125, -3.95, 2.5],
			"to": [5.825, -3.05, 3.25],
			"rotation": { "angle": -45, "axis": "z", "origin": [4.95, -3.5, 2.8] },
			"faces": {
				"north": { "uv": [10, 6, 1, 7.6], "rotation": 180, "texture": "#particle" },
				"east": { "uv": [8.6, 6, 1, 7.6], "rotation": 180, "texture": "#particle" },
				"south": { "uv": [10, 6, 1, 7.6], "rotation": 180, "texture": "#particle" },
				"west": { "uv": [8.6, 6, 1, 7.6], "rotation": 180, "texture": "#particle" },
				"up": { "uv": [10, 6, 1, 7.6], "rotation": 180, "texture": "#particle" },
				"down": { "uv": [10, 6, 1, 7.6], "rotation": 180, "texture": "#particle" }
			}
		},
		{
			"from": [5.1, -4.575, 2.575],
			"to": [6.675, -3.675, 3.25],
			"rotation": { "angle": 45, "axis": "z", "origin": [6.95, -4.75, 2.8] },
			"faces": {
				"north": { "uv": [10, 6, 1, 7.6], "rotation": 180, "texture": "#particle" },
				"east": { "uv": [8.6, 6, 1, 7.6], "rotation": 180, "texture": "#particle" },
				"south": { "uv": [10, 6, 1, 7.6], "rotation": 180, "texture": "#particle" },
				"west": { "uv": [8.6, 6, 1, 7.6], "rotation": 180, "texture": "#particle" },
				"up": { "uv": [10, 6, 1, 7.6], "rotation": 180, "texture": "#particle" },
				"down": { "uv": [10, 6, 1, 7.6], "rotation": 180, "texture": "#particle" }
			}
		},
		{
			"from": [4.25, -5.2, 2.55],
			"to": [5.825, -4.3, 3.25],
			"rotation": { "angle": -45, "axis": "z", "origin": [4.95, -4.75, 2.8] },
			"faces": {
				"north": { "uv": [10, 6, 1, 7.6], "rotation": 180, "texture": "#particle" },
				"east": { "uv": [8.6, 6, 1, 7.6], "rotation": 180, "texture": "#particle" },
				"south": { "uv": [10, 6, 1, 7.6], "rotation": 180, "texture": "#particle" },
				"west": { "uv": [8.6, 6, 1, 7.6], "rotation": 180, "texture": "#particle" },
				"up": { "uv": [10, 6, 1, 7.6], "rotation": 180, "texture": "#particle" },
				"down": { "uv": [10, 6, 1, 7.6], "rotation": 180, "texture": "#particle" }
			}
		},
		{
			"from": [5.1, -5.825, 2.625],
			"to": [6.625, -4.925, 3.25],
			"rotation": { "angle": 45, "axis": "z", "origin": [6.95, -6, 2.8] },
			"faces": {
				"north": { "uv": [10, 6, 1, 7.6], "rotation": 180, "texture": "#particle" },
				"east": { "uv": [8.6, 6, 1, 7.6], "rotation": 180, "texture": "#particle" },
				"south": { "uv": [10, 6, 1, 7.6], "rotation": 180, "texture": "#particle" },
				"west": { "uv": [8.6, 6, 1, 7.6], "rotation": 180, "texture": "#particle" },
				"up": { "uv": [10, 6, 1, 7.6], "rotation": 180, "texture": "#particle" },
				"down": { "uv": [10, 6, 1, 7.6], "rotation": 180, "texture": "#particle" }
			}
		},
		{
			"from": [4.4, -6.45, 2.6],
			"to": [5.825, -5.55, 3.25],
			"rotation": { "angle": -45, "axis": "z", "origin": [4.95, -6, 2.8] },
			"faces": {
				"north": { "uv": [10, 6, 1, 7.6], "rotation": 180, "texture": "#particle" },
				"east": { "uv": [8.6, 6, 1, 7.6], "rotation": 180, "texture": "#particle" },
				"south": { "uv": [10, 6, 1, 7.6], "rotation": 180, "texture": "#particle" },
				"west": { "uv": [8.6, 6, 1, 7.6], "rotation": 180, "texture": "#particle" },
				"up": { "uv": [10, 6, 1, 7.6], "rotation": 180, "texture": "#particle" },
				"down": { "uv": [10, 6, 1, 7.6], "rotation": 180, "texture": "#particle" }
			}
		},
		{
			"from": [5.1, -7.075, 2.725],
			"to": [6.425, -6.175, 3.25],
			"rotation": { "angle": 45, "axis": "z", "origin": [6.95, -7.25, 2.8] },
			"faces": {
				"north": { "uv": [10, 6, 1, 7.6], "rotation": 180, "texture": "#particle" },
				"east": { "uv": [8.6, 6, 1, 7.6], "rotation": 180, "texture": "#particle" },
				"south": { "uv": [10, 6, 1, 7.6], "rotation": 180, "texture": "#particle" },
				"west": { "uv": [8.6, 6, 1, 7.6], "rotation": 180, "texture": "#particle" },
				"up": { "uv": [10, 6, 1, 7.6], "rotation": 180, "texture": "#particle" },
				"down": { "uv": [10, 6, 1, 7.6], "rotation": 180, "texture": "#particle" }
			}
		},
		{
			"from": [4.6, -7.7, 2.7],
			"to": [5.825, -6.8, 3.25],
			"rotation": { "angle": -45, "axis": "z", "origin": [4.95, -7.25, 2.8] },
			"faces": {
				"north": { "uv": [10, 6, 1, 7.6], "rotation": 180, "texture": "#particle" },
				"east": { "uv": [8.6, 6, 1, 7.6], "rotation": 180, "texture": "#particle" },
				"south": { "uv": [10, 6, 1, 7.6], "rotation": 180, "texture": "#particle" },
				"west": { "uv": [8.6, 6, 1, 7.6], "rotation": 180, "texture": "#particle" },
				"up": { "uv": [10, 6, 1, 7.6], "rotation": 180, "texture": "#particle" },
				"down": { "uv": [10, 6, 1, 7.6], "rotation": 180, "texture": "#particle" }
			}
		},
		{
			"from": [5.225, -9.25, 2.8],
			"to": [5.725, -8.8, 3.15],
			"rotation": { "angle": 0, "axis": "z", "origin": [4.95, -7.25, 2.8] },
			"faces": {
				"north": { "uv": [10, 6, 1, 7.6], "rotation": 90, "texture": "#particle" },
				"east": { "uv": [10, 6, 1, 7.6], "rotation": 270, "texture": "#particle" },
				"south": { "uv": [10, 6, 1, 7.6], "rotation": 270, "texture": "#particle" },
				"west": { "uv": [10, 6, 1, 7.6], "rotation": 270, "texture": "#particle" },
				"up": { "uv": [8.6, 6, 1, 7.6], "rotation": 270, "texture": "#particle" },
				"down": { "uv": [8.6, 6, 1, 7.6], "rotation": 270, "texture": "#particle" }
			}
		},
		{
			"from": [10.275, -9.25, 2.8],
			"to": [10.775, -8.8, 3.15],
			"rotation": { "angle": 0, "axis": "z", "origin": [11.05, -7.25, 2.8] },
			"faces": {
				"north": { "uv": [10, 7.6, 1, 6], "rotation": 90, "texture": "#particle" },
				"east": { "uv": [10, 7.6, 1, 6], "rotation": 270, "texture": "#particle" },
				"south": { "uv": [10, 7.6, 1, 6], "rotation": 270, "texture": "#particle" },
				"west": { "uv": [10, 7.6, 1, 6], "rotation": 270, "texture": "#particle" },
				"up": { "uv": [8.6, 7.6, 1, 6], "rotation": 270, "texture": "#particle" },
				"down": { "uv": [8.6, 7.6, 1, 6], "rotation": 270, "texture": "#particle" }
			}
		},
		{
			"from": [7.975, -13.25, 3],
			"to": [8.275, -12.8, 3.35],
			"rotation": { "angle": 0, "axis": "z", "origin": [11.05, -7.25, 2.8] },
			"faces": {
				"north": { "uv": [10, 7.6, 1, 6], "rotation": 90, "texture": "#particle" },
				"east": { "uv": [10, 7.6, 1, 6], "rotation": 270, "texture": "#particle" },
				"south": { "uv": [10, 7.6, 1, 6], "rotation": 270, "texture": "#particle" },
				"west": { "uv": [10, 7.6, 1, 6], "rotation": 270, "texture": "#particle" },
				"up": { "uv": [8.6, 7.6, 1, 6], "rotation": 270, "texture": "#particle" },
				"down": { "uv": [8.6, 7.6, 1, 6], "rotation": 270, "texture": "#particle" }
			}
		},
		{
			"from": [6.25475, -1.29775, 2.30075],
			"to": [8.58225, -0.10075, 3.49775],
			"rotation": { "angle": -45, "axis": "z", "origin": [7.4185, -0.69925, 2.89925] },
			"faces": {
				"north": { "uv": [10, 6, 1, 7.6], "rotation": 180, "texture": "#particle" },
				"east": { "uv": [8.6, 6, 1, 7.6], "rotation": 180, "texture": "#particle" },
				"south": { "uv": [10, 6, 1, 7.6], "rotation": 180, "texture": "#particle" },
				"west": { "uv": [8.6, 6, 1, 7.6], "rotation": 180, "texture": "#particle" },
				"up": { "uv": [10, 6, 1, 7.6], "rotation": 180, "texture": "#particle" },
				"down": { "uv": [10, 6, 1, 7.6], "rotation": 180, "texture": "#particle" }
			}
		},
		{
			"from": [7.618, -0.4665, 2.334],
			"to": [9.9455, 0.7305, 3.49775],
			"rotation": { "angle": 45, "axis": "z", "origin": [10.0785, -0.69925, 2.89925] },
			"faces": {
				"north": { "uv": [10, 6, 1, 7.6], "rotation": 180, "texture": "#particle" },
				"east": { "uv": [8.6, 6, 1, 7.6], "rotation": 180, "texture": "#particle" },
				"south": { "uv": [10, 6, 1, 7.6], "rotation": 180, "texture": "#particle" },
				"west": { "uv": [8.6, 6, 1, 7.6], "rotation": 180, "texture": "#particle" },
				"up": { "uv": [10, 6, 1, 7.6], "rotation": 180, "texture": "#particle" },
				"down": { "uv": [10, 6, 1, 7.6], "rotation": 180, "texture": "#particle" }
			}
		},
		{
			"from": [6.25475, -2.9935, 2.36725],
			"to": [8.58225, -1.7965, 3.49775],
			"rotation": { "angle": -45, "axis": "z", "origin": [7.4185, -2.395, 2.89925] },
			"faces": {
				"north": { "uv": [10, 6, 1, 7.6], "rotation": 180, "texture": "#particle" },
				"east": { "uv": [8.6, 6, 1, 7.6], "rotation": 180, "texture": "#particle" },
				"south": { "uv": [10, 6, 1, 7.6], "rotation": 180, "texture": "#particle" },
				"west": { "uv": [8.6, 6, 1, 7.6], "rotation": 180, "texture": "#particle" },
				"up": { "uv": [10, 6, 1, 7.6], "rotation": 180, "texture": "#particle" },
				"down": { "uv": [10, 6, 1, 7.6], "rotation": 180, "texture": "#particle" }
			}
		},
		{
			"from": [7.618, -2.16225, 2.4005],
			"to": [9.9455, -0.96525, 3.49775],
			"rotation": { "angle": 45, "axis": "z", "origin": [10.0785, -2.395, 2.89925] },
			"faces": {
				"north": { "uv": [10, 6, 1, 7.6], "rotation": 180, "texture": "#particle" },
				"east": { "uv": [8.6, 6, 1, 7.6], "rotation": 180, "texture": "#particle" },
				"south": { "uv": [10, 6, 1, 7.6], "rotation": 180, "texture": "#particle" },
				"west": { "uv": [8.6, 6, 1, 7.6], "rotation": 180, "texture": "#particle" },
				"up": { "uv": [10, 6, 1, 7.6], "rotation": 180, "texture": "#particle" },
				"down": { "uv": [10, 6, 1, 7.6], "rotation": 180, "texture": "#particle" }
			}
		},
		{
			"from": [6.25475, -4.656, 2.43375],
			"to": [8.58225, -3.459, 3.49775],
			"rotation": { "angle": -45, "axis": "z", "origin": [7.4185, -4.0575, 2.89925] },
			"faces": {
				"north": { "uv": [10, 6, 1, 7.6], "rotation": 180, "texture": "#particle" },
				"east": { "uv": [8.6, 6, 1, 7.6], "rotation": 180, "texture": "#particle" },
				"south": { "uv": [10, 6, 1, 7.6], "rotation": 180, "texture": "#particle" },
				"west": { "uv": [8.6, 6, 1, 7.6], "rotation": 180, "texture": "#particle" },
				"up": { "uv": [10, 6, 1, 7.6], "rotation": 180, "texture": "#particle" },
				"down": { "uv": [10, 6, 1, 7.6], "rotation": 180, "texture": "#particle" }
			}
		},
		{
			"from": [7.618, -3.82475, 2.467],
			"to": [9.9455, -2.62775, 3.49775],
			"rotation": { "angle": 45, "axis": "z", "origin": [10.0785, -4.0575, 2.89925] },
			"faces": {
				"north": { "uv": [10, 6, 1, 7.6], "rotation": 180, "texture": "#particle" },
				"east": { "uv": [8.6, 6, 1, 7.6], "rotation": 180, "texture": "#particle" },
				"south": { "uv": [10, 6, 1, 7.6], "rotation": 180, "texture": "#particle" },
				"west": { "uv": [8.6, 6, 1, 7.6], "rotation": 180, "texture": "#particle" },
				"up": { "uv": [10, 6, 1, 7.6], "rotation": 180, "texture": "#particle" },
				"down": { "uv": [10, 6, 1, 7.6], "rotation": 180, "texture": "#particle" }
			}
		},
		{
			"from": [7.618, -5.48725, 2.5335],
			"to": [9.879, -4.29025, 3.49775],
			"rotation": { "angle": 45, "axis": "z", "origin": [10.0785, -5.72, 2.89925] },
			"faces": {
				"north": { "uv": [10, 6, 1, 7.6], "rotation": 180, "texture": "#particle" },
				"east": { "uv": [8.6, 6, 1, 7.6], "rotation": 180, "texture": "#particle" },
				"south": { "uv": [10, 6, 1, 7.6], "rotation": 180, "texture": "#particle" },
				"west": { "uv": [8.6, 6, 1, 7.6], "rotation": 180, "texture": "#particle" },
				"up": { "uv": [10, 6, 1, 7.6], "rotation": 180, "texture": "#particle" },
				"down": { "uv": [10, 6, 1, 7.6], "rotation": 180, "texture": "#particle" }
			}
		},
		{
			"from": [6.32125, -6.3185, 2.50025],
			"to": [8.58225, -5.1215, 3.49775],
			"rotation": { "angle": -45, "axis": "z", "origin": [7.4185, -5.72, 2.89925] },
			"faces": {
				"north": { "uv": [10, 6, 1, 7.6], "rotation": 180, "texture": "#particle" },
				"east": { "uv": [8.6, 6, 1, 7.6], "rotation": 180, "texture": "#particle" },
				"south": { "uv": [10, 6, 1, 7.6], "rotation": 180, "texture": "#particle" },
				"west": { "uv": [8.6, 6, 1, 7.6], "rotation": 180, "texture": "#particle" },
				"up": { "uv": [10, 6, 1, 7.6], "rotation": 180, "texture": "#particle" },
				"down": { "uv": [10, 6, 1, 7.6], "rotation": 180, "texture": "#particle" }
			}
		},
		{
			"from": [7.618, -7.14975, 2.6],
			"to": [9.71275, -5.95275, 3.49775],
			"rotation": { "angle": 45, "axis": "z", "origin": [10.0785, -7.3825, 2.89925] },
			"faces": {
				"north": { "uv": [10, 6, 1, 7.6], "rotation": 180, "texture": "#particle" },
				"east": { "uv": [8.6, 6, 1, 7.6], "rotation": 180, "texture": "#particle" },
				"south": { "uv": [10, 6, 1, 7.6], "rotation": 180, "texture": "#particle" },
				"west": { "uv": [8.6, 6, 1, 7.6], "rotation": 180, "texture": "#particle" },
				"up": { "uv": [10, 6, 1, 7.6], "rotation": 180, "texture": "#particle" },
				"down": { "uv": [10, 6, 1, 7.6], "rotation": 180, "texture": "#particle" }
			}
		},
		{
			"from": [6.4875, -7.981, 2.56675],
			"to": [8.58225, -6.784, 3.49775],
			"rotation": { "angle": -45, "axis": "z", "origin": [7.4185, -7.3825, 2.89925] },
			"faces": {
				"north": { "uv": [10, 6, 1, 7.6], "rotation": 180, "texture": "#particle" },
				"east": { "uv": [8.6, 6, 1, 7.6], "rotation": 180, "texture": "#particle" },
				"south": { "uv": [10, 6, 1, 7.6], "rotation": 180, "texture": "#particle" },
				"west": { "uv": [8.6, 6, 1, 7.6], "rotation": 180, "texture": "#particle" },
				"up": { "uv": [10, 6, 1, 7.6], "rotation": 180, "texture": "#particle" },
				"down": { "uv": [10, 6, 1, 7.6], "rotation": 180, "texture": "#particle" }
			}
		},
		{
			"from": [7.618, -8.81225, 2.6665],
			"to": [9.64625, -7.61525, 3.49775],
			"rotation": { "angle": 45, "axis": "z", "origin": [10.0785, -9.045, 2.89925] },
			"faces": {
				"north": { "uv": [10, 6, 1, 7.6], "rotation": 180, "texture": "#particle" },
				"east": { "uv": [8.6, 6, 1, 7.6], "rotation": 180, "texture": "#particle" },
				"south": { "uv": [10, 6, 1, 7.6], "rotation": 180, "texture": "#particle" },
				"west": { "uv": [8.6, 6, 1, 7.6], "rotation": 180, "texture": "#particle" },
				"up": { "uv": [10, 6, 1, 7.6], "rotation": 180, "texture": "#particle" },
				"down": { "uv": [10, 6, 1, 7.6], "rotation": 180, "texture": "#particle" }
			}
		},
		{
			"from": [6.687, -9.6435, 2.63325],
			"to": [8.58225, -8.4465, 3.49775],
			"rotation": { "angle": -45, "axis": "z", "origin": [7.4185, -9.045, 2.89925] },
			"faces": {
				"north": { "uv": [10, 6, 1, 7.6], "rotation": 180, "texture": "#particle" },
				"east": { "uv": [8.6, 6, 1, 7.6], "rotation": 180, "texture": "#particle" },
				"south": { "uv": [10, 6, 1, 7.6], "rotation": 180, "texture": "#particle" },
				"west": { "uv": [8.6, 6, 1, 7.6], "rotation": 180, "texture": "#particle" },
				"up": { "uv": [10, 6, 1, 7.6], "rotation": 180, "texture": "#particle" },
				"down": { "uv": [10, 6, 1, 7.6], "rotation": 180, "texture": "#particle" }
			}
		},
		{
			"from": [7.618, -10.47475, 2.7995],
			"to": [9.38025, -9.27775, 3.49775],
			"rotation": { "angle": 45, "axis": "z", "origin": [10.0785, -10.7075, 2.89925] },
			"faces": {
				"north": { "uv": [10, 6, 1, 7.6], "rotation": 180, "texture": "#particle" },
				"east": { "uv": [8.6, 6, 1, 7.6], "rotation": 180, "texture": "#particle" },
				"south": { "uv": [10, 6, 1, 7.6], "rotation": 180, "texture": "#particle" },
				"west": { "uv": [8.6, 6, 1, 7.6], "rotation": 180, "texture": "#particle" },
				"up": { "uv": [10, 6, 1, 7.6], "rotation": 180, "texture": "#particle" },
				"down": { "uv": [10, 6, 1, 7.6], "rotation": 180, "texture": "#particle" }
			}
		},
		{
			"from": [6.953, -11.306, 2.76625],
			"to": [8.58225, -10.109, 3.49775],
			"rotation": { "angle": -45, "axis": "z", "origin": [7.4185, -10.7075, 2.89925] },
			"faces": {
				"north": { "uv": [10, 6, 1, 7.6], "rotation": 180, "texture": "#particle" },
				"east": { "uv": [8.6, 6, 1, 7.6], "rotation": 180, "texture": "#particle" },
				"south": { "uv": [10, 6, 1, 7.6], "rotation": 180, "texture": "#particle" },
				"west": { "uv": [8.6, 6, 1, 7.6], "rotation": 180, "texture": "#particle" },
				"up": { "uv": [10, 6, 1, 7.6], "rotation": 180, "texture": "#particle" },
				"down": { "uv": [10, 6, 1, 7.6], "rotation": 180, "texture": "#particle" }
			}
		},
		{
			"from": [10.175, -0.175, 2.35],
			"to": [11.925, 0.725, 3.25],
			"rotation": { "angle": 45, "axis": "z", "origin": [11.05, 0.275, 2.8] },
			"faces": {
				"north": { "uv": [1, 6, 10, 7.6], "rotation": 180, "texture": "#particle" },
				"east": { "uv": [1, 6, 8.6, 7.6], "rotation": 180, "texture": "#particle" },
				"south": { "uv": [1, 6, 10, 7.6], "rotation": 180, "texture": "#particle" },
				"west": { "uv": [1, 6, 8.6, 7.6], "rotation": 180, "texture": "#particle" },
				"up": { "uv": [1, 6, 10, 7.6], "rotation": 180, "texture": "#particle" },
				"down": { "uv": [1, 6, 10, 7.6], "rotation": 180, "texture": "#particle" }
			}
		},
		{
			"from": [9.15, 0.45, 2.375],
			"to": [10.9, 1.35, 3.25],
			"rotation": { "angle": -45, "axis": "z", "origin": [9.05, 0.275, 2.8] },
			"faces": {
				"north": { "uv": [1, 6, 10, 7.6], "rotation": 180, "texture": "#particle" },
				"east": { "uv": [1, 6, 8.6, 7.6], "rotation": 180, "texture": "#particle" },
				"south": { "uv": [1, 6, 10, 7.6], "rotation": 180, "texture": "#particle" },
				"west": { "uv": [1, 6, 8.6, 7.6], "rotation": 180, "texture": "#particle" },
				"up": { "uv": [1, 6, 10, 7.6], "rotation": 180, "texture": "#particle" },
				"down": { "uv": [1, 6, 10, 7.6], "rotation": 180, "texture": "#particle" }
			}
		},
		{
			"from": [10.175, -1.45, 2.4],
			"to": [11.925, -0.55, 3.25],
			"rotation": { "angle": 45, "axis": "z", "origin": [11.05, -1, 2.8] },
			"faces": {
				"north": { "uv": [1, 6, 10, 7.6], "rotation": 180, "texture": "#particle" },
				"east": { "uv": [1, 6, 8.6, 7.6], "rotation": 180, "texture": "#particle" },
				"south": { "uv": [1, 6, 10, 7.6], "rotation": 180, "texture": "#particle" },
				"west": { "uv": [1, 6, 8.6, 7.6], "rotation": 180, "texture": "#particle" },
				"up": { "uv": [1, 6, 10, 7.6], "rotation": 180, "texture": "#particle" },
				"down": { "uv": [1, 6, 10, 7.6], "rotation": 180, "texture": "#particle" }
			}
		},
		{
			"from": [9.15, -0.825, 2.425],
			"to": [10.9, 0.075, 3.25],
			"rotation": { "angle": -45, "axis": "z", "origin": [9.05, -1, 2.8] },
			"faces": {
				"north": { "uv": [1, 6, 10, 7.6], "rotation": 180, "texture": "#particle" },
				"east": { "uv": [1, 6, 8.6, 7.6], "rotation": 180, "texture": "#particle" },
				"south": { "uv": [1, 6, 10, 7.6], "rotation": 180, "texture": "#particle" },
				"west": { "uv": [1, 6, 8.6, 7.6], "rotation": 180, "texture": "#particle" },
				"up": { "uv": [1, 6, 10, 7.6], "rotation": 180, "texture": "#particle" },
				"down": { "uv": [1, 6, 10, 7.6], "rotation": 180, "texture": "#particle" }
			}
		},
		{
			"from": [10.175, -2.7, 2.45],
			"to": [11.925, -1.8, 3.25],
			"rotation": { "angle": 45, "axis": "z", "origin": [11.05, -2.25, 2.8] },
			"faces": {
				"north": { "uv": [1, 6, 10, 7.6], "rotation": 180, "texture": "#particle" },
				"east": { "uv": [1, 6, 8.6, 7.6], "rotation": 180, "texture": "#particle" },
				"south": { "uv": [1, 6, 10, 7.6], "rotation": 180, "texture": "#particle" },
				"west": { "uv": [1, 6, 8.6, 7.6], "rotation": 180, "texture": "#particle" },
				"up": { "uv": [1, 6, 10, 7.6], "rotation": 180, "texture": "#particle" },
				"down": { "uv": [1, 6, 10, 7.6], "rotation": 180, "texture": "#particle" }
			}
		},
		{
			"from": [9.15, -2.075, 2.475],
			"to": [10.9, -1.175, 3.25],
			"rotation": { "angle": -45, "axis": "z", "origin": [9.05, -2.25, 2.8] },
			"faces": {
				"north": { "uv": [1, 6, 10, 7.6], "rotation": 180, "texture": "#particle" },
				"east": { "uv": [1, 6, 8.6, 7.6], "rotation": 180, "texture": "#particle" },
				"south": { "uv": [1, 6, 10, 7.6], "rotation": 180, "texture": "#particle" },
				"west": { "uv": [1, 6, 8.6, 7.6], "rotation": 180, "texture": "#particle" },
				"up": { "uv": [1, 6, 10, 7.6], "rotation": 180, "texture": "#particle" },
				"down": { "uv": [1, 6, 10, 7.6], "rotation": 180, "texture": "#particle" }
			}
		},
		{
			"from": [9.2, -3.325, 2.525],
			"to": [10.9, -2.425, 3.25],
			"rotation": { "angle": -45, "axis": "z", "origin": [9.05, -3.5, 2.8] },
			"faces": {
				"north": { "uv": [1, 6, 10, 7.6], "rotation": 180, "texture": "#particle" },
				"east": { "uv": [1, 6, 8.6, 7.6], "rotation": 180, "texture": "#particle" },
				"south": { "uv": [1, 6, 10, 7.6], "rotation": 180, "texture": "#particle" },
				"west": { "uv": [1, 6, 8.6, 7.6], "rotation": 180, "texture": "#particle" },
				"up": { "uv": [1, 6, 10, 7.6], "rotation": 180, "texture": "#particle" },
				"down": { "uv": [1, 6, 10, 7.6], "rotation": 180, "texture": "#particle" }
			}
		},
		{
			"from": [10.175, -3.95, 2.5],
			"to": [11.875, -3.05, 3.25],
			"rotation": { "angle": 45, "axis": "z", "origin": [11.05, -3.5, 2.8] },
			"faces": {
				"north": { "uv": [1, 6, 10, 7.6], "rotation": 180, "texture": "#particle" },
				"east": { "uv": [1, 6, 8.6, 7.6], "rotation": 180, "texture": "#particle" },
				"south": { "uv": [1, 6, 10, 7.6], "rotation": 180, "texture": "#particle" },
				"west": { "uv": [1, 6, 8.6, 7.6], "rotation": 180, "texture": "#particle" },
				"up": { "uv": [1, 6, 10, 7.6], "rotation": 180, "texture": "#particle" },
				"down": { "uv": [1, 6, 10, 7.6], "rotation": 180, "texture": "#particle" }
			}
		},
		{
			"from": [9.325, -4.575, 2.575],
			"to": [10.9, -3.675, 3.25],
			"rotation": { "angle": -45, "axis": "z", "origin": [9.05, -4.75, 2.8] },
			"faces": {
				"north": { "uv": [1, 6, 10, 7.6], "rotation": 180, "texture": "#particle" },
				"east": { "uv": [1, 6, 8.6, 7.6], "rotation": 180, "texture": "#particle" },
				"south": { "uv": [1, 6, 10, 7.6], "rotation": 180, "texture": "#particle" },
				"west": { "uv": [1, 6, 8.6, 7.6], "rotation": 180, "texture": "#particle" },
				"up": { "uv": [1, 6, 10, 7.6], "rotation": 180, "texture": "#particle" },
				"down": { "uv": [1, 6, 10, 7.6], "rotation": 180, "texture": "#particle" }
			}
		},
		{
			"from": [10.175, -5.2, 2.55],
			"to": [11.75, -4.3, 3.25],
			"rotation": { "angle": 45, "axis": "z", "origin": [11.05, -4.75, 2.8] },
			"faces": {
				"north": { "uv": [1, 6, 10, 7.6], "rotation": 180, "texture": "#particle" },
				"east": { "uv": [1, 6, 8.6, 7.6], "rotation": 180, "texture": "#particle" },
				"south": { "uv": [1, 6, 10, 7.6], "rotation": 180, "texture": "#particle" },
				"west": { "uv": [1, 6, 8.6, 7.6], "rotation": 180, "texture": "#particle" },
				"up": { "uv": [1, 6, 10, 7.6], "rotation": 180, "texture": "#particle" },
				"down": { "uv": [1, 6, 10, 7.6], "rotation": 180, "texture": "#particle" }
			}
		},
		{
			"from": [9.375, -5.825, 2.625],
			"to": [10.9, -4.925, 3.25],
			"rotation": { "angle": -45, "axis": "z", "origin": [9.05, -6, 2.8] },
			"faces": {
				"north": { "uv": [1, 6, 10, 7.6], "rotation": 180, "texture": "#particle" },
				"east": { "uv": [1, 6, 8.6, 7.6], "rotation": 180, "texture": "#particle" },
				"south": { "uv": [1, 6, 10, 7.6], "rotation": 180, "texture": "#particle" },
				"west": { "uv": [1, 6, 8.6, 7.6], "rotation": 180, "texture": "#particle" },
				"up": { "uv": [1, 6, 10, 7.6], "rotation": 180, "texture": "#particle" },
				"down": { "uv": [1, 6, 10, 7.6], "rotation": 180, "texture": "#particle" }
			}
		},
		{
			"from": [10.175, -6.45, 2.6],
			"to": [11.6, -5.55, 3.25],
			"rotation": { "angle": 45, "axis": "z", "origin": [11.05, -6, 2.8] },
			"faces": {
				"north": { "uv": [1, 6, 10, 7.6], "rotation": 180, "texture": "#particle" },
				"east": { "uv": [1, 6, 8.6, 7.6], "rotation": 180, "texture": "#particle" },
				"south": { "uv": [1, 6, 10, 7.6], "rotation": 180, "texture": "#particle" },
				"west": { "uv": [1, 6, 8.6, 7.6], "rotation": 180, "texture": "#particle" },
				"up": { "uv": [1, 6, 10, 7.6], "rotation": 180, "texture": "#particle" },
				"down": { "uv": [1, 6, 10, 7.6], "rotation": 180, "texture": "#particle" }
			}
		},
		{
			"from": [9.575, -7.075, 2.725],
			"to": [10.9, -6.175, 3.25],
			"rotation": { "angle": -45, "axis": "z", "origin": [9.05, -7.25, 2.8] },
			"faces": {
				"north": { "uv": [1, 6, 10, 7.6], "rotation": 180, "texture": "#particle" },
				"east": { "uv": [1, 6, 8.6, 7.6], "rotation": 180, "texture": "#particle" },
				"south": { "uv": [1, 6, 10, 7.6], "rotation": 180, "texture": "#particle" },
				"west": { "uv": [1, 6, 8.6, 7.6], "rotation": 180, "texture": "#particle" },
				"up": { "uv": [1, 6, 10, 7.6], "rotation": 180, "texture": "#particle" },
				"down": { "uv": [1, 6, 10, 7.6], "rotation": 180, "texture": "#particle" }
			}
		},
		{
			"from": [10.175, -7.7, 2.7],
			"to": [11.4, -6.8, 3.25],
			"rotation": { "angle": 45, "axis": "z", "origin": [11.05, -7.25, 2.8] },
			"faces": {
				"north": { "uv": [1, 6, 10, 7.6], "rotation": 180, "texture": "#particle" },
				"east": { "uv": [1, 6, 8.6, 7.6], "rotation": 180, "texture": "#particle" },
				"south": { "uv": [1, 6, 10, 7.6], "rotation": 180, "texture": "#particle" },
				"west": { "uv": [1, 6, 8.6, 7.6], "rotation": 180, "texture": "#particle" },
				"up": { "uv": [1, 6, 10, 7.6], "rotation": 180, "texture": "#particle" },
				"down": { "uv": [1, 6, 10, 7.6], "rotation": 180, "texture": "#particle" }
			}
		},
		{
			"from": [10.1625, -8.9375, 2.475],
			"to": [10.8375, -8.4875, 2.875],
			"rotation": { "angle": -45, "axis": "x", "origin": [10.4, -8.3125, 2.675] },
			"faces": {
				"north": { "uv": [14.8, 0.8, 15.825, 4.775], "rotation": 180, "texture": "#particle" },
				"east": { "uv": [14.275, 0.8, 15.3, 4.775], "rotation": 180, "texture": "#particle" },
				"south": { "uv": [14.275, 0.8, 15.3, 4.775], "rotation": 180, "texture": "#particle" },
				"west": { "uv": [14.275, 0.8, 15.3, 4.775], "rotation": 180, "texture": "#particle" },
				"up": { "uv": [14.275, 0.8, 15.3, 4.775], "rotation": 180, "texture": "#particle" },
				"down": { "uv": [14.275, 0.8, 15.3, 4.775], "rotation": 180, "texture": "#particle" }
			}
		},
		{
			"from": [5.1625, -8.9375, 2.475],
			"to": [5.8375, -8.4875, 2.875],
			"rotation": { "angle": -45, "axis": "x", "origin": [5.6, -8.3125, 2.675] },
			"faces": {
				"north": { "uv": [15.825, 0.8, 14.8, 4.775], "rotation": 180, "texture": "#particle" },
				"east": { "uv": [15.3, 0.8, 14.275, 4.775], "rotation": 180, "texture": "#particle" },
				"south": { "uv": [15.3, 0.8, 14.275, 4.775], "rotation": 180, "texture": "#particle" },
				"west": { "uv": [15.3, 0.8, 14.275, 4.775], "rotation": 180, "texture": "#particle" },
				"up": { "uv": [15.3, 0.8, 14.275, 4.775], "rotation": 180, "texture": "#particle" },
				"down": { "uv": [15.3, 0.8, 14.275, 4.775], "rotation": 180, "texture": "#particle" }
			}
		},
		{
			"from": [7.88195, -12.82, 2.95225],
			"to": [8.37695, -12.0775, 3.41725],
			"rotation": { "angle": 0, "axis": "y", "origin": [8.12945, -12.69875, 2.57225] },
			"faces": {
				"north": { "uv": [14.45, 0.575, 15.475, 4.55], "rotation": 180, "texture": "#particle" },
				"east": { "uv": [14.45, 0.575, 15.475, 4.55], "rotation": 180, "texture": "#particle" },
				"south": { "uv": [14.45, 0.575, 15.475, 4.55], "rotation": 180, "texture": "#particle" },
				"west": { "uv": [14.45, 0.575, 15.475, 4.55], "rotation": 180, "texture": "#particle" },
				"up": { "uv": [14.45, 0.575, 15.475, 4.55], "rotation": 180, "texture": "#particle" },
				"down": { "uv": [14.45, 0.575, 15.475, 4.55], "rotation": 180, "texture": "#particle" }
			}
		}
	],
	"display": {
		"thirdperson_righthand": {
			"rotation": [52, 0, 0],
			"translation": [0, 0.5, 5],
			"scale": [0.69, 0.69, 0.69]
		},
		"thirdperson_lefthand": {
			"rotation": [52, 0, 0],
			"translation": [0, 0.75, 5.25],
			"scale": [0.69, 0.69, 0.69]
		},
		"firstperson_righthand": {
			"rotation": [18, 46, 0],
			"translation": [2.5, 4.25, 0],
			"scale": [0.42, 0.42, 0.42]
		},
		"firstperson_lefthand": {
			"rotation": [18, 46, 0],
			"translation": [2.5, 4.25, 0],
			"scale": [0.42, 0.42, 0.42]
		},
		"ground": {
			"translation": [0, 13.25, 0],
			"scale": [0.81, 0.81, 0.81]
		},
		"gui": {
			"rotation": [20, -136, 0],
			"translation": [-1, 11, 0],
			"scale": [0.91, 0.91, 0.91]
		},
		"head": {
			"translation": [0, 5, 0],
			"scale": [1.44, 1.44, 1.44]
		},
		"fixed": {
			"rotation": [-11.75, 0, 0],
			"translation": [0, 20, -0.25],
			"scale": [2.4, 2.4, 2.4]
		}
	},
	"groups": [
		0,
		{
			"name": "group",
			"origin": [8, 8, 8],
			"color": 0,
			"children": [
				1,
				2,
				3,
				4,
				5,
				6,
				7,
				8,
				9,
				10,
				11,
				12,
				13,
				14,
				15,
				16,
				17,
				18,
				19,
				20,
				21,
				{
					"name": "group",
					"origin": [8, 8, 8],
					"color": 0,
					"children": [22, 23, 24, 25, 26, 27, 28, 29, 30, 31, 32, 33, 34, 35, 36, 37, 38]
				},
				{
					"name": "group",
					"origin": [8, 8, 8],
					"color": 0,
					"children": [39, 40, 41, 42, 43, 44, 45, 46, 47, 48, 49, 50, 51, 52]
				},
				{
					"name": "group",
					"origin": [8, 8, 8],
					"color": 0,
					"children": [53, 54, 55, 56, 57, 58, 59, 60, 61, 62, 63, 64, 65, 66]
				}
			]
		},
		67,
		68,
		69
	]
}
