{
	"credit": "Made with Blockbench by bwoodfield",
	"textures": {
		"particle": "lom:item/hats/beards/redtexture"
	},
	"elements": [
		{
			"from": [6.9, 1.1, 3.3],
			"to": [9.1, 2.2, 3.5],
			"faces": {
				"north": { "uv": [15, 14.9, 16, 16], "texture": "#particle" },
				"east": { "uv": [15, 14.9, 16, 16], "texture": "#particle" },
				"south": { "uv": [15, 14.9, 16, 16], "texture": "#particle" },
				"west": { "uv": [15, 14.9, 16, 16], "texture": "#particle" },
				"up": { "uv": [15, 14.9, 16, 15.1], "texture": "#particle" },
				"down": { "uv": [15, 14.9, 16, 15.1], "texture": "#particle" }
			}
		},
		{
			"from": [8.75495, 0.87081, 3.1],
			"to": [10.75495, 1.97081, 3.7],
			"rotation": { "angle": -45, "axis": "z", "origin": [9.75495, 1.97081, 3.4] },
			"faces": {
				"north": { "uv": [0, 7, 11, 14.6], "rotation": 180, "texture": "#particle" },
				"east": { "uv": [0, 7, 9.7, 14.6], "rotation": 180, "texture": "#particle" },
				"south": { "uv": [0, 7, 11, 14.6], "rotation": 180, "texture": "#particle" },
				"west": { "uv": [0, 7, 9.7, 14.6], "rotation": 180, "texture": "#particle" },
				"up": { "uv": [0, 7, 11, 14.6], "rotation": 180, "texture": "#particle" },
				"down": { "uv": [0, 7, 11, 14.6], "rotation": 180, "texture": "#particle" }
			}
		},
		{
			"from": [5.24505, 0.87081, 3.1],
			"to": [7.24505, 1.97081, 3.7],
			"rotation": { "angle": 45, "axis": "z", "origin": [6.24505, 1.97081, 3.4] },
			"faces": {
				"north": { "uv": [11, 7, 0, 14.6], "rotation": 180, "texture": "#particle" },
				"east": { "uv": [9.7, 7, 0, 14.6], "rotation": 180, "texture": "#particle" },
				"south": { "uv": [11, 7, 0, 14.6], "rotation": 180, "texture": "#particle" },
				"west": { "uv": [9.7, 7, 0, 14.6], "rotation": 180, "texture": "#particle" },
				"up": { "uv": [11, 7, 0, 14.6], "rotation": 180, "texture": "#particle" },
				"down": { "uv": [11, 7, 0, 14.6], "rotation": 180, "texture": "#particle" }
			}
		},
		{
			"from": [6.9, 1.8, 3.075],
			"to": [9.1, 2.7, 3.7],
			"rotation": { "angle": 0, "axis": "z", "origin": [8, 2.25, 3.4] },
			"faces": {
				"north": { "uv": [0, 4.6, 11, 14.6], "rotation": 180, "texture": "#particle" },
				"east": { "uv": [0, 4.6, 9.6, 14.6], "rotation": 180, "texture": "#particle" },
				"south": { "uv": [0, 4.6, 11, 14.6], "rotation": 180, "texture": "#particle" },
				"west": { "uv": [0, 4.6, 9.6, 14.6], "rotation": 180, "texture": "#particle" },
				"up": { "uv": [0, 4.6, 11, 14.6], "rotation": 180, "texture": "#particle" },
				"down": { "uv": [0, 4.6, 11, 14.6], "rotation": 180, "texture": "#particle" }
			}
		},
		{
			"from": [6.8, -2.35, 2.4],
			"to": [9.2, 1.1, 3.9],
			"rotation": { "angle": 0, "axis": "z", "origin": [8, 2.25, 3.4] },
			"faces": {
				"north": { "uv": [0, 4, 11, 12.6], "rotation": 180, "texture": "#particle" },
				"east": { "uv": [0, 4, 9.6, 12.6], "rotation": 180, "texture": "#particle" },
				"south": { "uv": [0, 4, 11, 12.6], "rotation": 180, "texture": "#particle" },
				"west": { "uv": [0, 4, 9.6, 12.6], "rotation": 180, "texture": "#particle" },
				"up": { "uv": [0, 4, 11, 12.6], "rotation": 180, "texture": "#particle" },
				"down": { "uv": [0, 4, 11, 12.6], "rotation": 180, "texture": "#particle" }
			}
		},
		{
			"from": [4.85, -4.9, 2.65],
			"to": [11.15, 1.1, 5.2],
			"rotation": { "angle": 0, "axis": "z", "origin": [9.5, 2.25, 3.4] },
			"faces": {
				"north": { "uv": [0, 3.8, 8.7, 14.6], "rotation": 180, "texture": "#particle" },
				"east": { "uv": [0, 3.8, 7.4, 14.6], "rotation": 180, "texture": "#particle" },
				"south": { "uv": [0, 3.8, 8.7, 14.6], "rotation": 180, "texture": "#particle" },
				"west": { "uv": [0, 3.8, 7.4, 14.6], "rotation": 180, "texture": "#particle" },
				"up": { "uv": [0, 3.8, 8.7, 14.6], "rotation": 180, "texture": "#particle" },
				"down": { "uv": [0, 3.8, 8.7, 14.6], "rotation": 180, "texture": "#particle" }
			}
		},
		{
			"from": [3.35, -3.8, 2.95],
			"to": [6.25, 1.5, 3.65],
			"rotation": { "angle": 0, "axis": "z", "origin": [8, 2.25, 3.4] },
			"faces": {
				"north": { "uv": [0, 6.1, 8.7, 14.6], "rotation": 180, "texture": "#particle" },
				"east": { "uv": [0, 6.1, 7.4, 14.6], "rotation": 180, "texture": "#particle" },
				"south": { "uv": [0, 6.1, 8.7, 14.6], "rotation": 180, "texture": "#particle" },
				"west": { "uv": [0, 6.1, 7.4, 14.6], "rotation": 180, "texture": "#particle" },
				"up": { "uv": [0, 6.1, 8.7, 14.6], "rotation": 180, "texture": "#particle" },
				"down": { "uv": [0, 6.1, 8.7, 14.6], "rotation": 180, "texture": "#particle" }
			}
		},
		{
			"from": [9.75, -3.8, 2.95],
			"to": [12.65, 1.5, 3.65],
			"rotation": { "angle": 0, "axis": "z", "origin": [8, 2.25, 3.4] },
			"faces": {
				"north": { "uv": [8.7, 6.1, 0, 14.6], "rotation": 180, "texture": "#particle" },
				"east": { "uv": [7.4, 6.1, 0, 14.6], "rotation": 180, "texture": "#particle" },
				"south": { "uv": [8.7, 6.1, 0, 14.6], "rotation": 180, "texture": "#particle" },
				"west": { "uv": [7.4, 6.1, 0, 14.6], "rotation": 180, "texture": "#particle" },
				"up": { "uv": [8.7, 6.1, 0, 14.6], "rotation": 180, "texture": "#particle" },
				"down": { "uv": [8.7, 6.1, 0, 14.6], "rotation": 180, "texture": "#particle" }
			}
		},
		{
			"from": [2.95, -4.2, 3.25],
			"to": [6.25, 1.5, 4.95],
			"rotation": { "angle": 0, "axis": "z", "origin": [8, 2.25, 3.4] },
			"faces": {
				"north": { "uv": [0, 4, 8, 10.1], "rotation": 180, "texture": "#particle" },
				"east": { "uv": [0, 4, 6.6, 10.1], "rotation": 180, "texture": "#particle" },
				"south": { "uv": [0, 4, 8, 10.1], "rotation": 180, "texture": "#particle" },
				"west": { "uv": [0, 4, 6.6, 10.1], "rotation": 180, "texture": "#particle" },
				"up": { "uv": [0, 4, 8, 10.1], "rotation": 180, "texture": "#particle" },
				"down": { "uv": [0, 4, 8, 10.1], "rotation": 180, "texture": "#particle" }
			}
		},
		{
			"from": [9.75, -4.2, 3.25],
			"to": [13.05, 1.5, 4.95],
			"rotation": { "angle": 0, "axis": "z", "origin": [8, 2.25, 3.4] },
			"faces": {
				"north": { "uv": [8, 4, 0, 10.1], "rotation": 180, "texture": "#particle" },
				"east": { "uv": [6.6, 4, 0, 10.1], "rotation": 180, "texture": "#particle" },
				"south": { "uv": [8, 4, 0, 10.1], "rotation": 180, "texture": "#particle" },
				"west": { "uv": [6.6, 4, 0, 10.1], "rotation": 180, "texture": "#particle" },
				"up": { "uv": [8, 4, 0, 10.1], "rotation": 180, "texture": "#particle" },
				"down": { "uv": [8, 4, 0, 10.1], "rotation": 180, "texture": "#particle" }
			}
		},
		{
			"from": [2.875, -1.1, 3.35],
			"to": [3.55, 1.5, 5.2],
			"rotation": { "angle": 0, "axis": "z", "origin": [8, 2.25, 3.4] },
			"faces": {
				"north": { "uv": [0, 5, 4, 14.6], "rotation": 180, "texture": "#particle" },
				"east": { "uv": [0, 5, 2.6, 14.6], "rotation": 180, "texture": "#particle" },
				"south": { "uv": [0, 5, 4, 14.6], "rotation": 180, "texture": "#particle" },
				"west": { "uv": [0, 5, 2.6, 14.6], "rotation": 180, "texture": "#particle" },
				"up": { "uv": [0, 5, 4, 14.6], "rotation": 180, "texture": "#particle" },
				"down": { "uv": [0, 5, 4, 14.6], "rotation": 180, "texture": "#particle" }
			}
		},
		{
			"from": [12.45, -1.1, 3.35],
			"to": [13.125, 1.5, 5.2],
			"rotation": { "angle": 0, "axis": "z", "origin": [8, 2.25, 3.4] },
			"faces": {
				"north": { "uv": [4, 5, 0, 14.6], "rotation": 180, "texture": "#particle" },
				"east": { "uv": [2.6, 5, 0, 14.6], "rotation": 180, "texture": "#particle" },
				"south": { "uv": [4, 5, 0, 14.6], "rotation": 180, "texture": "#particle" },
				"west": { "uv": [2.6, 5, 0, 14.6], "rotation": 180, "texture": "#particle" },
				"up": { "uv": [4, 5, 0, 14.6], "rotation": 180, "texture": "#particle" },
				"down": { "uv": [4, 5, 0, 14.6], "rotation": 180, "texture": "#particle" }
			}
		},
		{
			"from": [3.05, 1.2, 4.675],
			"to": [3.55, 2.65, 7.2],
			"rotation": { "angle": 0, "axis": "z", "origin": [3.3, 1.78676, 5.09056] },
			"faces": {
				"north": { "uv": [0, 7.3, 11, 9.2], "rotation": 180, "texture": "#particle" },
				"east": { "uv": [0, 7.3, 9.8, 9.2], "rotation": 180, "texture": "#particle" },
				"south": { "uv": [0, 7.3, 11, 9.2], "rotation": 180, "texture": "#particle" },
				"west": { "uv": [0, 5, 9.6, 14.2], "rotation": 180, "texture": "#particle" },
				"up": { "uv": [0, 7.3, 11, 9.2], "rotation": 180, "texture": "#particle" },
				"down": { "uv": [0, 7.3, 11, 9.2], "rotation": 180, "texture": "#particle" }
			}
		},
		{
			"from": [12.45, 1.2, 4.675],
			"to": [12.95, 2.65, 7.2],
			"rotation": { "angle": 0, "axis": "z", "origin": [12.7, 1.78676, 5.09056] },
			"faces": {
				"north": { "uv": [11, 7.3, 0, 9.2], "rotation": 180, "texture": "#particle" },
				"east": { "uv": [9.6, 5, 0, 14.2], "rotation": 180, "texture": "#particle" },
				"south": { "uv": [11, 7.3, 0, 9.2], "rotation": 180, "texture": "#particle" },
				"west": { "uv": [9.8, 7.3, 0, 9.2], "rotation": 180, "texture": "#particle" },
				"up": { "uv": [11, 7.3, 0, 9.2], "rotation": 180, "texture": "#particle" },
				"down": { "uv": [11, 7.3, 0, 9.2], "rotation": 180, "texture": "#particle" }
			}
		},
		{
			"from": [3.05, 2.625, 6.075],
			"to": [3.55, 3.475, 8],
			"rotation": { "angle": 0, "axis": "z", "origin": [3.3, 1.78676, 5.09056] },
			"faces": {
				"north": { "uv": [0, 3, 10, 4.9], "rotation": 180, "texture": "#particle" },
				"east": { "uv": [0, 3, 8.6, 4.9], "rotation": 180, "texture": "#particle" },
				"south": { "uv": [0, 10, 10, 11.9], "rotation": 180, "texture": "#particle" },
				"west": { "uv": [0, 5, 9.6, 14.2], "rotation": 180, "texture": "#particle" },
				"up": { "uv": [0, 7, 10, 5.9], "rotation": 180, "texture": "#particle" },
				"down": { "uv": [0, 5, 10, 5.9], "rotation": 180, "texture": "#particle" }
			}
		},
		{
			"from": [12.45, 2.625, 6.075],
			"to": [12.95, 3.475, 8],
			"rotation": { "angle": 0, "axis": "z", "origin": [12.7, 1.78676, 5.09056] },
			"faces": {
				"north": { "uv": [10, 3, 0, 4.9], "rotation": 180, "texture": "#particle" },
				"east": { "uv": [9.6, 5, 0, 14.2], "rotation": 180, "texture": "#particle" },
				"south": { "uv": [10, 10, 0, 11.9], "rotation": 180, "texture": "#particle" },
				"west": { "uv": [8.6, 3, 0, 4.9], "rotation": 180, "texture": "#particle" },
				"up": { "uv": [10, 7, 0, 5.9], "rotation": 180, "texture": "#particle" },
				"down": { "uv": [10, 5, 0, 5.9], "rotation": 180, "texture": "#particle" }
			}
		},
		{
			"from": [3, 2.25, 4.35],
			"to": [3.55, 3.1, 6.275],
			"rotation": { "angle": -45, "axis": "x", "origin": [3.3, 3.05, 5.7375] },
			"faces": {
				"north": { "uv": [0.4, 5.9, 11, 8.3], "texture": "#particle" },
				"east": { "uv": [0.4, 5.9, 10.4, 8.3], "texture": "#particle" },
				"south": { "uv": [0.4, 5.9, 11, 8.3], "texture": "#particle" },
				"west": { "uv": [0, 5, 9.6, 14.2], "rotation": 180, "texture": "#particle" },
				"up": { "uv": [0.1, 9.8, 10.7, 10.6], "texture": "#particle" },
				"down": { "uv": [0.4, 5.9, 11, 8.3], "texture": "#particle" }
			}
		},
		{
			"from": [12.45, 2.25, 4.35],
			"to": [13, 3.1, 6.275],
			"rotation": { "angle": -45, "axis": "x", "origin": [12.7, 3.05, 5.7375] },
			"faces": {
				"north": { "uv": [11, 5.9, 0.4, 8.3], "texture": "#particle" },
				"east": { "uv": [9.6, 5, 0, 14.2], "rotation": 180, "texture": "#particle" },
				"south": { "uv": [11, 5.9, 0.4, 8.3], "texture": "#particle" },
				"west": { "uv": [10.4, 5.9, 0.4, 8.3], "texture": "#particle" },
				"up": { "uv": [10.7, 9.8, 0.1, 10.6], "texture": "#particle" },
				"down": { "uv": [11, 5.9, 0.4, 8.3], "texture": "#particle" }
			}
		},
		{
			"from": [3.125, 0.4, 4.35],
			"to": [3.55, 1.4, 6.4],
			"rotation": { "angle": -45, "axis": "x", "origin": [3.3, 0.8, 5.375] },
			"faces": {
				"north": { "uv": [0, 4, 10.9, 7.8], "rotation": 180, "texture": "#particle" },
				"east": { "uv": [0, 4, 9.5, 7.8], "rotation": 180, "texture": "#particle" },
				"south": { "uv": [0, 4, 10.9, 7.8], "rotation": 180, "texture": "#particle" },
				"west": { "uv": [0, 5, 9.6, 14.2], "rotation": 180, "texture": "#particle" },
				"up": { "uv": [0, 4, 10.9, 7.8], "rotation": 180, "texture": "#particle" },
				"down": { "uv": [0, 4, 10.9, 7.8], "rotation": 180, "texture": "#particle" }
			}
		},
		{
			"from": [12.45, 0.4, 4.35],
			"to": [12.875, 1.4, 6.4],
			"rotation": { "angle": -45, "axis": "x", "origin": [12.7, 0.8, 5.375] },
			"faces": {
				"north": { "uv": [10.9, 4, 0, 7.8], "rotation": 180, "texture": "#particle" },
				"east": { "uv": [9.6, 5, 0, 14.2], "rotation": 180, "texture": "#particle" },
				"south": { "uv": [10.9, 4, 0, 7.8], "rotation": 180, "texture": "#particle" },
				"west": { "uv": [9.5, 4, 0, 7.8], "rotation": 180, "texture": "#particle" },
				"up": { "uv": [10.9, 4, 0, 7.8], "rotation": 180, "texture": "#particle" },
				"down": { "uv": [10.9, 4, 0, 7.8], "rotation": 180, "texture": "#particle" }
			}
		},
		{
			"from": [3.1, 1.58789, 3.66894],
			"to": [3.55, 2.68789, 5.41894],
			"rotation": { "angle": -45, "axis": "x", "origin": [3.3, 1.78676, 5.09056] },
			"faces": {
				"north": { "uv": [0, 5.2, 11, 9.9], "rotation": 180, "texture": "#particle" },
				"east": { "uv": [0, 5.2, 10.5, 9.9], "rotation": 180, "texture": "#particle" },
				"south": { "uv": [0, 5.2, 11, 9.9], "rotation": 180, "texture": "#particle" },
				"west": { "uv": [0, 5, 9.6, 14.2], "rotation": 180, "texture": "#particle" },
				"up": { "uv": [0, 8.2, 1, 8.9], "rotation": 180, "texture": "#particle" },
				"down": { "uv": [0, 5.2, 11, 9.9], "rotation": 180, "texture": "#particle" }
			}
		},
		{
			"from": [12.45, 1.58789, 3.76894],
			"to": [12.9, 2.68789, 5.41894],
			"rotation": { "angle": -45, "axis": "x", "origin": [12.7, 1.78676, 5.09056] },
			"faces": {
				"north": { "uv": [11, 5.2, 0, 9.9], "rotation": 180, "texture": "#particle" },
				"east": { "uv": [9.6, 5, 0, 14.2], "rotation": 180, "texture": "#particle" },
				"south": { "uv": [11, 5.2, 0, 9.9], "rotation": 180, "texture": "#particle" },
				"west": { "uv": [10.5, 5.2, 0, 9.9], "rotation": 180, "texture": "#particle" },
				"up": { "uv": [1, 8.2, 0, 8.9], "rotation": 180, "texture": "#particle" },
				"down": { "uv": [11, 5.2, 0, 9.9], "rotation": 180, "texture": "#particle" }
			}
		},
		{
			"from": [5.575, -6, 2.85],
			"to": [10.325, -4.5, 4.95],
			"rotation": { "angle": 0, "axis": "z", "origin": [8.275, 2.25, 3.4] },
			"faces": {
				"north": { "uv": [10, 6, 1, 7.6], "rotation": 180, "texture": "#particle" },
				"east": { "uv": [8.6, 6, 1, 7.6], "rotation": 180, "texture": "#particle" },
				"south": { "uv": [10, 6, 1, 7.6], "rotation": 180, "texture": "#particle" },
				"west": { "uv": [8.6, 6, 1, 7.6], "rotation": 180, "texture": "#particle" },
				"up": { "uv": [10, 6, 1, 7.6], "rotation": 180, "texture": "#particle" },
				"down": { "uv": [10, 6, 1, 7.6], "rotation": 180, "texture": "#particle" }
			}
		},
		{
			"from": [6.075, -6.6, 3.15],
			"to": [9.825, -5.7, 4.55],
			"rotation": { "angle": 0, "axis": "z", "origin": [8.275, 2.25, 3.4] },
			"faces": {
				"north": { "uv": [9, 5, 0, 6.6], "rotation": 180, "texture": "#particle" },
				"east": { "uv": [7.6, 5, 0, 6.6], "rotation": 180, "texture": "#particle" },
				"south": { "uv": [9, 5, 0, 6.6], "rotation": 180, "texture": "#particle" },
				"west": { "uv": [7.6, 5, 0, 6.6], "rotation": 180, "texture": "#particle" },
				"up": { "uv": [9, 5, 0, 6.6], "rotation": 180, "texture": "#particle" },
				"down": { "uv": [9, 5, 0, 6.6], "rotation": 180, "texture": "#particle" }
			}
		}
	],
	"display": {
		"thirdperson_righthand": {
			"rotation": [52, 0, 0],
			"translation": [0, 1.75, 4],
			"scale": [0.69, 0.69, 0.69]
		},
		"thirdperson_lefthand": {
			"rotation": [52, 0, 0],
			"translation": [0, 1, 4.5],
			"scale": [0.69, 0.69, 0.69]
		},
		"firstperson_righthand": {
			"rotation": [18, 46, 0],
			"translation": [2.5, 4.25, 0],
			"scale": [0.42, 0.42, 0.42]
		},
		"firstperson_lefthand": {
			"rotation": [18, 46, 0],
			"translation": [2.5, 4.25, 0],
			"scale": [0.42, 0.42, 0.42]
		},
		"ground": {
			"translation": [0, 5.75, 0],
			"scale": [0.81, 0.81, 0.81]
		},
		"gui": {
			"rotation": [20, -136, 0],
			"translation": [-1.5, 8.75, 0],
			"scale": [0.91, 0.91, 0.91]
		},
		"head": {
			"translation": [0, 5, 0],
			"scale": [1.44, 1.44, 1.44]
		},
		"fixed": {
			"rotation": [0.5, 0, 0],
			"translation": [0, 17.25, 1],
			"scale": [1.75156, 1.75156, 1.75156]
		}
	},
	"groups": [
		0,
		{
			"name": "group",
			"origin": [8, 8, 8],
			"color": 0,
			"children": [1, 2, 3, 4, 5, 6, 7, 8, 9, 10, 11, 12, 13, 14, 15, 16, 17, 18, 19, 20, 21, 22, 23]
		}
	]
}
