{
	"credit": "Made with Blockbench by bwoodfield",
	"textures": {
		"particle": "lom:item/hats/beards/brwntexture"
	},
	"elements": [
		{
			"from": [6.9, 1.1, 3.3],
			"to": [9.1, 2.2, 3.5],
			"faces": {
				"north": { "uv": [14.4, 14.8, 16, 16], "texture": "#particle" },
				"east": { "uv": [14.4, 14.8, 14, 16], "texture": "#missing" },
				"south": { "uv": [14.4, 14.8, 16, 16], "texture": "#missing" },
				"west": { "uv": [14.4, 14.8, 14, 16], "texture": "#missing" },
				"up": { "uv": [14.4, 14.8, 16, 15.1], "texture": "#missing" },
				"down": { "uv": [14.4, 14.8, 16, 15.1], "texture": "#missing" }
			}
		},
		{
			"from": [8.75495, 0.87081, 3.1],
			"to": [10.75495, 1.97081, 3.7],
			"rotation": { "angle": -45, "axis": "z", "origin": [9.75495, 1.97081, 3.4] },
			"faces": {
				"north": { "uv": [0, 0, 7.8, 14.6], "rotation": 180, "texture": "#particle" },
				"east": { "uv": [0, 0, 6.4, 14.6], "rotation": 180, "texture": "#particle" },
				"south": { "uv": [0, 0, 7.8, 14.6], "rotation": 180, "texture": "#particle" },
				"west": { "uv": [0, 0, 6.4, 14.6], "rotation": 180, "texture": "#particle" },
				"up": { "uv": [0, 0, 7.8, 14.6], "rotation": 180, "texture": "#particle" },
				"down": { "uv": [0, 0, 7.8, 14.6], "rotation": 180, "texture": "#particle" }
			}
		},
		{
			"from": [5.24505, 0.87081, 3.1],
			"to": [7.24505, 1.97081, 3.7],
			"rotation": { "angle": 45, "axis": "z", "origin": [6.24505, 1.97081, 3.4] },
			"faces": {
				"north": { "uv": [7.8, 0, 0, 14.6], "rotation": 180, "texture": "#particle" },
				"east": { "uv": [6.4, 0, 0, 14.6], "rotation": 180, "texture": "#particle" },
				"south": { "uv": [7.8, 0, 0, 14.6], "rotation": 180, "texture": "#particle" },
				"west": { "uv": [6.4, 0, 0, 14.6], "rotation": 180, "texture": "#particle" },
				"up": { "uv": [7.8, 0, 0, 14.6], "rotation": 180, "texture": "#particle" },
				"down": { "uv": [7.8, 0, 0, 14.6], "rotation": 180, "texture": "#particle" }
			}
		},
		{
			"from": [6.9, 1.8, 3.075],
			"to": [9.1, 2.7, 3.7],
			"rotation": { "angle": 0, "axis": "z", "origin": [8, 2.25, 3.4] },
			"faces": {
				"north": { "uv": [0, 4.6, 7.8, 14.6], "rotation": 180, "texture": "#particle" },
				"east": { "uv": [0, 4.6, 6.4, 14.6], "rotation": 180, "texture": "#particle" },
				"south": { "uv": [0, 4.6, 7.8, 14.6], "rotation": 180, "texture": "#particle" },
				"west": { "uv": [0, 4.6, 6.4, 14.6], "rotation": 180, "texture": "#particle" },
				"up": { "uv": [0, 4.6, 7.8, 14.6], "rotation": 180, "texture": "#particle" },
				"down": { "uv": [0, 4.6, 7.8, 14.6], "rotation": 180, "texture": "#particle" }
			}
		},
		{
			"from": [7.1, -1.95, 2.6],
			"to": [8.9, 1.2, 3.7],
			"rotation": { "angle": 0, "axis": "z", "origin": [8, 2.25, 3.4] },
			"faces": {
				"north": { "uv": [0, 4, 7.8, 12.6], "rotation": 180, "texture": "#particle" },
				"east": { "uv": [0, 4, 6.4, 12.6], "rotation": 180, "texture": "#particle" },
				"south": { "uv": [0, 4, 7.8, 12.6], "rotation": 180, "texture": "#particle" },
				"west": { "uv": [0, 4, 6.4, 12.6], "rotation": 180, "texture": "#particle" },
				"up": { "uv": [0, 4, 7.8, 12.6], "rotation": 180, "texture": "#particle" },
				"down": { "uv": [0, 4, 7.8, 12.6], "rotation": 180, "texture": "#particle" }
			}
		},
		{
			"from": [5.15, -4.5, 2.85],
			"to": [10.85, 1.2, 4.6],
			"rotation": { "angle": 0, "axis": "z", "origin": [9.5, 2.25, 3.4] },
			"faces": {
				"north": { "uv": [0, 0, 7.8, 14.6], "rotation": 180, "texture": "#particle" },
				"east": { "uv": [0, 0, 6.4, 14.6], "rotation": 180, "texture": "#particle" },
				"south": { "uv": [0, 0, 7.8, 14.6], "rotation": 180, "texture": "#particle" },
				"west": { "uv": [0, 0, 6.4, 14.6], "rotation": 180, "texture": "#particle" },
				"up": { "uv": [0, 0, 7.8, 14.6], "rotation": 180, "texture": "#particle" },
				"down": { "uv": [0, 0, 7.8, 14.6], "rotation": 180, "texture": "#particle" }
			}
		},
		{
			"from": [3.65, -3.4, 3.15],
			"to": [5.95, 1.6, 3.45],
			"rotation": { "angle": 0, "axis": "z", "origin": [8, 2.25, 3.4] },
			"faces": {
				"north": { "uv": [0, 2.3, 7.8, 14.6], "rotation": 180, "texture": "#particle" },
				"east": { "uv": [0, 2.3, 6.4, 14.6], "rotation": 180, "texture": "#particle" },
				"south": { "uv": [0, 2.3, 7.8, 14.6], "rotation": 180, "texture": "#particle" },
				"west": { "uv": [0, 2.3, 6.4, 14.6], "rotation": 180, "texture": "#particle" },
				"up": { "uv": [0, 2.3, 7.8, 14.6], "rotation": 180, "texture": "#particle" },
				"down": { "uv": [0, 2.3, 7.8, 14.6], "rotation": 180, "texture": "#particle" }
			}
		},
		{
			"from": [10.05, -3.4, 3.15],
			"to": [12.35, 1.6, 3.45],
			"rotation": { "angle": 0, "axis": "z", "origin": [8, 2.25, 3.4] },
			"faces": {
				"north": { "uv": [7.8, 2.3, 0, 14.6], "rotation": 180, "texture": "#particle" },
				"east": { "uv": [6.4, 2.3, 0, 14.6], "rotation": 180, "texture": "#particle" },
				"south": { "uv": [7.8, 2.3, 0, 14.6], "rotation": 180, "texture": "#particle" },
				"west": { "uv": [6.4, 2.3, 0, 14.6], "rotation": 180, "texture": "#particle" },
				"up": { "uv": [7.8, 2.3, 0, 14.6], "rotation": 180, "texture": "#particle" },
				"down": { "uv": [7.8, 2.3, 0, 14.6], "rotation": 180, "texture": "#particle" }
			}
		},
		{
			"from": [3.25, -3.8, 3.45],
			"to": [5.95, 1.6, 4.35],
			"rotation": { "angle": 0, "axis": "z", "origin": [8, 2.25, 3.4] },
			"faces": {
				"north": { "uv": [0, 0, 7.8, 6.1], "rotation": 180, "texture": "#particle" },
				"east": { "uv": [0, 0, 6.4, 6.1], "rotation": 180, "texture": "#particle" },
				"south": { "uv": [0, 0, 7.8, 6.1], "rotation": 180, "texture": "#particle" },
				"west": { "uv": [0, 0, 6.4, 6.1], "rotation": 180, "texture": "#particle" },
				"up": { "uv": [0, 0, 7.8, 6.1], "rotation": 180, "texture": "#particle" },
				"down": { "uv": [0, 0, 7.8, 6.1], "rotation": 180, "texture": "#particle" }
			}
		},
		{
			"from": [10.05, -3.8, 3.45],
			"to": [12.75, 1.6, 4.35],
			"rotation": { "angle": 0, "axis": "z", "origin": [8, 2.25, 3.4] },
			"faces": {
				"north": { "uv": [7.8, 0, 0, 6.1], "rotation": 180, "texture": "#particle" },
				"east": { "uv": [6.4, 0, 0, 6.1], "rotation": 180, "texture": "#particle" },
				"south": { "uv": [7.8, 0, 0, 6.1], "rotation": 180, "texture": "#particle" },
				"west": { "uv": [6.4, 0, 0, 6.1], "rotation": 180, "texture": "#particle" },
				"up": { "uv": [7.8, 0, 0, 6.1], "rotation": 180, "texture": "#particle" },
				"down": { "uv": [7.8, 0, 0, 6.1], "rotation": 180, "texture": "#particle" }
			}
		},
		{
			"from": [2.875, -1.1, 3.35],
			"to": [3.55, 1.5, 5.2],
			"rotation": { "angle": 0, "axis": "z", "origin": [8, 2.25, 3.4] },
			"faces": {
				"north": { "uv": [0, 0, 7.8, 14.6], "rotation": 180, "texture": "#particle" },
				"east": { "uv": [0, 0, 6.4, 14.6], "rotation": 180, "texture": "#particle" },
				"south": { "uv": [0, 0, 7.8, 14.6], "rotation": 180, "texture": "#particle" },
				"west": { "uv": [0, 0, 6.4, 14.6], "rotation": 180, "texture": "#particle" },
				"up": { "uv": [0, 0, 7.8, 14.6], "rotation": 180, "texture": "#particle" },
				"down": { "uv": [0, 0, 7.8, 14.6], "rotation": 180, "texture": "#particle" }
			}
		},
		{
			"from": [12.45, -1.1, 3.35],
			"to": [13.125, 1.5, 5.2],
			"rotation": { "angle": 0, "axis": "z", "origin": [8, 2.25, 3.4] },
			"faces": {
				"north": { "uv": [7.8, 0, 0, 14.6], "rotation": 180, "texture": "#particle" },
				"east": { "uv": [6.4, 0, 0, 14.6], "rotation": 180, "texture": "#particle" },
				"south": { "uv": [7.8, 0, 0, 14.6], "rotation": 180, "texture": "#particle" },
				"west": { "uv": [6.4, 0, 0, 14.6], "rotation": 180, "texture": "#particle" },
				"up": { "uv": [7.8, 0, 0, 14.6], "rotation": 180, "texture": "#particle" },
				"down": { "uv": [7.8, 0, 0, 14.6], "rotation": 180, "texture": "#particle" }
			}
		},
		{
			"from": [3.05, 1.2, 4.675],
			"to": [3.55, 2.65, 7.2],
			"rotation": { "angle": 0, "axis": "z", "origin": [3.3, 1.78676, 5.09056] },
			"faces": {
				"north": { "uv": [0, 7.3, 7.8, 9.2], "rotation": 180, "texture": "#particle" },
				"east": { "uv": [0, 7.3, 6.6, 9.2], "rotation": 180, "texture": "#particle" },
				"south": { "uv": [0, 7.3, 7.8, 9.2], "rotation": 180, "texture": "#particle" },
				"west": { "uv": [0, 5, 6.4, 14.2], "rotation": 180, "texture": "#particle" },
				"up": { "uv": [0, 7.3, 7.8, 9.2], "rotation": 180, "texture": "#particle" },
				"down": { "uv": [0, 7.3, 7.8, 9.2], "rotation": 180, "texture": "#particle" }
			}
		},
		{
			"from": [12.45, 1.2, 4.675],
			"to": [12.95, 2.65, 7.2],
			"rotation": { "angle": 0, "axis": "z", "origin": [12.7, 1.78676, 5.09056] },
			"faces": {
				"north": { "uv": [7.8, 7.3, 0, 9.2], "rotation": 180, "texture": "#particle" },
				"east": { "uv": [6.4, 5, 0, 14.2], "rotation": 180, "texture": "#particle" },
				"south": { "uv": [7.8, 7.3, 0, 9.2], "rotation": 180, "texture": "#particle" },
				"west": { "uv": [6.6, 7.3, 0, 9.2], "rotation": 180, "texture": "#particle" },
				"up": { "uv": [7.8, 7.3, 0, 9.2], "rotation": 180, "texture": "#particle" },
				"down": { "uv": [7.8, 7.3, 0, 9.2], "rotation": 180, "texture": "#particle" }
			}
		},
		{
			"from": [3.05, 2.625, 6.075],
			"to": [3.55, 3.475, 8],
			"rotation": { "angle": 0, "axis": "z", "origin": [3.3, 1.78676, 5.09056] },
			"faces": {
				"north": { "uv": [0, 3, 6.8, 4.9], "rotation": 180, "texture": "#particle" },
				"east": { "uv": [0, 3, 5.4, 4.9], "rotation": 180, "texture": "#particle" },
				"south": { "uv": [0, 10, 6.8, 11.9], "rotation": 180, "texture": "#particle" },
				"west": { "uv": [0, 5, 6.4, 14.2], "rotation": 180, "texture": "#particle" },
				"up": { "uv": [0, 7, 6.8, 5.9], "rotation": 180, "texture": "#particle" },
				"down": { "uv": [0, 5, 6.8, 5.9], "rotation": 180, "texture": "#particle" }
			}
		},
		{
			"from": [12.45, 2.625, 6.075],
			"to": [12.95, 3.475, 8],
			"rotation": { "angle": 0, "axis": "z", "origin": [12.7, 1.78676, 5.09056] },
			"faces": {
				"north": { "uv": [6.8, 3, 0, 4.9], "rotation": 180, "texture": "#particle" },
				"east": { "uv": [6.4, 5, 0, 14.2], "rotation": 180, "texture": "#particle" },
				"south": { "uv": [6.8, 10, 0, 11.9], "rotation": 180, "texture": "#particle" },
				"west": { "uv": [5.4, 3, 0, 4.9], "rotation": 180, "texture": "#particle" },
				"up": { "uv": [6.8, 7, 0, 5.9], "rotation": 180, "texture": "#particle" },
				"down": { "uv": [6.8, 5, 0, 5.9], "rotation": 180, "texture": "#particle" }
			}
		},
		{
			"from": [3, 2.25, 4.35],
			"to": [3.55, 3.1, 6.275],
			"rotation": { "angle": -45, "axis": "x", "origin": [3.3, 3.05, 5.7375] },
			"faces": {
				"north": { "uv": [0.4, 5.9, 7.8, 8.3], "texture": "#particle" },
				"east": { "uv": [0.4, 5.9, 7.2, 8.3], "texture": "#particle" },
				"south": { "uv": [0.4, 5.9, 7.8, 8.3], "texture": "#particle" },
				"west": { "uv": [0, 5, 6.4, 14.2], "rotation": 180, "texture": "#particle" },
				"up": { "uv": [0.1, 9.8, 7.5, 10.6], "texture": "#particle" },
				"down": { "uv": [0.4, 5.9, 7.8, 8.3], "texture": "#particle" }
			}
		},
		{
			"from": [12.45, 2.25, 4.35],
			"to": [13, 3.1, 6.275],
			"rotation": { "angle": -45, "axis": "x", "origin": [12.7, 3.05, 5.7375] },
			"faces": {
				"north": { "uv": [7.8, 5.9, 0.4, 8.3], "texture": "#particle" },
				"east": { "uv": [6.4, 5, 0, 14.2], "rotation": 180, "texture": "#particle" },
				"south": { "uv": [7.8, 5.9, 0.4, 8.3], "texture": "#particle" },
				"west": { "uv": [7.2, 5.9, 0.4, 8.3], "texture": "#particle" },
				"up": { "uv": [7.5, 9.8, 0.1, 10.6], "texture": "#particle" },
				"down": { "uv": [7.8, 5.9, 0.4, 8.3], "texture": "#particle" }
			}
		},
		{
			"from": [3.125, 0.4, 4.35],
			"to": [3.55, 1.4, 6.4],
			"rotation": { "angle": -45, "axis": "x", "origin": [3.3, 0.8, 5.375] },
			"faces": {
				"north": { "uv": [0, 4, 7.7, 7.8], "rotation": 180, "texture": "#particle" },
				"east": { "uv": [0, 4, 6.3, 7.8], "rotation": 180, "texture": "#particle" },
				"south": { "uv": [0, 4, 7.7, 7.8], "rotation": 180, "texture": "#particle" },
				"west": { "uv": [0, 5, 6.4, 14.2], "rotation": 180, "texture": "#particle" },
				"up": { "uv": [0, 4, 7.7, 7.8], "rotation": 180, "texture": "#particle" },
				"down": { "uv": [0, 4, 7.7, 7.8], "rotation": 180, "texture": "#particle" }
			}
		},
		{
			"from": [12.45, 0.4, 4.35],
			"to": [12.875, 1.4, 6.4],
			"rotation": { "angle": -45, "axis": "x", "origin": [12.7, 0.8, 5.375] },
			"faces": {
				"north": { "uv": [7.7, 4, 0, 7.8], "rotation": 180, "texture": "#particle" },
				"east": { "uv": [6.4, 5, 0, 14.2], "rotation": 180, "texture": "#particle" },
				"south": { "uv": [7.7, 4, 0, 7.8], "rotation": 180, "texture": "#particle" },
				"west": { "uv": [6.3, 4, 0, 7.8], "rotation": 180, "texture": "#particle" },
				"up": { "uv": [7.7, 4, 0, 7.8], "rotation": 180, "texture": "#particle" },
				"down": { "uv": [7.7, 4, 0, 7.8], "rotation": 180, "texture": "#particle" }
			}
		},
		{
			"from": [3.1, 1.58789, 3.66894],
			"to": [3.55, 2.68789, 5.41894],
			"rotation": { "angle": -45, "axis": "x", "origin": [3.3, 1.78676, 5.09056] },
			"faces": {
				"north": { "uv": [0, 5.2, 7.8, 9.9], "rotation": 180, "texture": "#particle" },
				"east": { "uv": [0, 5.2, 7.3, 9.9], "rotation": 180, "texture": "#particle" },
				"south": { "uv": [0, 5.2, 7.8, 9.9], "rotation": 180, "texture": "#particle" },
				"west": { "uv": [0, 5, 6.4, 14.2], "rotation": 180, "texture": "#particle" },
				"up": { "uv": [0, 8.2, 7.8, 9.9], "rotation": 180, "texture": "#particle" },
				"down": { "uv": [0, 5.2, 7.8, 9.9], "rotation": 180, "texture": "#particle" }
			}
		},
		{
			"from": [12.45, 1.58789, 3.76894],
			"to": [12.9, 2.68789, 5.41894],
			"rotation": { "angle": -45, "axis": "x", "origin": [12.7, 1.78676, 5.09056] },
			"faces": {
				"north": { "uv": [7.8, 5.2, 0, 9.9], "rotation": 180, "texture": "#particle" },
				"east": { "uv": [6.4, 5, 0, 14.2], "rotation": 180, "texture": "#particle" },
				"south": { "uv": [7.8, 5.2, 0, 9.9], "rotation": 180, "texture": "#particle" },
				"west": { "uv": [7.3, 5.2, 0, 9.9], "rotation": 180, "texture": "#particle" },
				"up": { "uv": [6.8, 8.2, 0, 9.9], "rotation": 180, "texture": "#particle" },
				"down": { "uv": [7.8, 5.2, 0, 9.9], "rotation": 180, "texture": "#particle" }
			}
		},
		{
			"from": [5.875, -5.6, 3.05],
			"to": [10.025, -4.4, 4.35],
			"rotation": { "angle": 0, "axis": "z", "origin": [8.275, 2.25, 3.4] },
			"faces": {
				"north": { "uv": [5.8, 0, 0, 1.6], "rotation": 180, "texture": "#particle" },
				"east": { "uv": [4.4, 0, 0, 1.6], "rotation": 180, "texture": "#particle" },
				"south": { "uv": [5.8, 0, 0, 1.6], "rotation": 180, "texture": "#particle" },
				"west": { "uv": [4.4, 0, 0, 1.6], "rotation": 180, "texture": "#particle" },
				"up": { "uv": [5.8, 0, 0, 1.6], "rotation": 180, "texture": "#particle" },
				"down": { "uv": [5.8, 0, 0, 1.6], "rotation": 180, "texture": "#particle" }
			}
		},
		{
			"from": [6.375, -6.2, 3.35],
			"to": [9.525, -5.6, 4.05],
			"rotation": { "angle": 0, "axis": "z", "origin": [8.275, 2.25, 3.4] },
			"faces": {
				"north": { "uv": [5.8, 0, 0, 1.6], "rotation": 180, "texture": "#particle" },
				"east": { "uv": [4.4, 0, 0, 1.6], "rotation": 180, "texture": "#particle" },
				"south": { "uv": [5.8, 0, 0, 1.6], "rotation": 180, "texture": "#particle" },
				"west": { "uv": [4.4, 0, 0, 1.6], "rotation": 180, "texture": "#particle" },
				"up": { "uv": [5.8, 0, 0, 1.6], "rotation": 180, "texture": "#particle" },
				"down": { "uv": [5.8, 0, 0, 1.6], "rotation": 180, "texture": "#particle" }
			}
		}
	],
	"display": {
		"thirdperson_righthand": {
			"rotation": [52, 0, 0],
			"translation": [0, 1, 5.5],
			"scale": [0.69, 0.69, 0.69]
		},
		"thirdperson_lefthand": {
			"rotation": [52, 0, 0],
			"translation": [0, 1.5, 5.25],
			"scale": [0.69, 0.69, 0.69]
		},
		"firstperson_righthand": {
			"rotation": [18, 46, 0],
			"translation": [2.5, 4.25, 0],
			"scale": [0.42, 0.42, 0.42]
		},
		"firstperson_lefthand": {
			"rotation": [18, 46, 0],
			"translation": [2.5, 4.25, 0],
			"scale": [0.42, 0.42, 0.42]
		},
		"ground": {
			"translation": [0, 6.5, 0],
			"scale": [0.81, 0.81, 0.81]
		},
		"gui": {
			"rotation": [20, -136, 0],
			"translation": [-0.75, 8.5, 0],
			"scale": [0.91, 0.91, 0.91]
		},
		"head": {
			"translation": [0, 5, 0],
			"scale": [1.44, 1.44, 1.44]
		},
		"fixed": {
			"rotation": [-2, 0, 0],
			"translation": [0, 17.75, 3.75],
			"scale": [1.94883, 1.94883, 1.94883]
		}
	},
	"groups": [
		0,
		{
			"name": "group",
			"origin": [8, 8, 8],
			"color": 0,
			"children": [1, 2, 3, 4, 5, 6, 7, 8, 9, 10, 11, 12, 13, 14, 15, 16, 17, 18, 19, 20, 21, 22, 23]
		}
	]
}
