{
	"parent": "minecraft:block/carved_pumpkin",
	"overrides": [
		{ "predicate": { "custom_model_data": 1 }, "model": "lom:item/hats/beard" },
		{ "predicate": { "custom_model_data": 2 }, "model": "lom:item/hats/dwarven_beard" },
		{ "predicate": { "custom_model_data": 3 }, "model": "lom:item/hats/roamin_helmet" },
		{ "predicate": { "custom_model_data": 4 }, "model": "lom:item/hats/knight_helm" },
		{ "predicate": { "custom_model_data": 5 }, "model": "lom:item/hats/wizard_hat" },
		{ "predicate": { "custom_model_data": 6 }, "model": "lom:item/hats/imperfect_crown" },
		{ "predicate": { "custom_model_data": 7 }, "model": "lom:item/hats/tiara" },
		{ "predicate": { "custom_model_data": 8 }, "model": "lom:item/hats/shell_wall" },
		{ "predicate": { "custom_model_data": 9 }, "model": "lom:item/hats/fallen_valk" },
		{ "predicate": { "custom_model_data": 10 }, "model": "lom:item/hats/pharaoh" },
		{ "predicate": { "custom_model_data": 11 }, "model": "lom:item/hats/the_buccaneer" },
		{ "predicate": { "custom_model_data": 12 }, "model": "lom:item/hats/shaman_mask" },
		{ "predicate": { "custom_model_data": 13 }, "model": "lom:item/hats/the_wolf_hunter" },
		{ "predicate": { "custom_model_data": 14 }, "model": "lom:item/hats/dragons_breath" },
		{ "predicate": { "custom_model_data": 15 }, "model": "lom:item/hats/bull_horn" },
		{ "predicate": { "custom_model_data": 16 }, "model": "lom:item/hats/wowzers" },
		{ "predicate": { "custom_model_data": 17 }, "model": "lom:item/hats/tophat" },
		{ "predicate": { "custom_model_data": 18 }, "model": "lom:item/hats/gnomish_goggles" },
		{ "predicate": { "custom_model_data": 19 }, "model": "lom:item/hats/dragon_warrior" },
		{ "predicate": { "custom_model_data": 20 }, "model": "lom:item/hats/nismas_hat" },
		{ "predicate": { "custom_model_data": 21 }, "model": "lom:item/hats/chameleon" },
		{ "predicate": { "custom_model_data": 22 }, "model": "lom:item/hats/rainbow_kitty" },
		{ "predicate": { "custom_model_data": 23 }, "model": "lom:item/hats/mama" },
		{ "predicate": { "custom_model_data": 24 }, "model": "lom:item/hats/mama2" },
		{ "predicate": { "custom_model_data": 25 }, "model": "lom:item/hats/mama3" },
		{ "predicate": { "custom_model_data": 26 }, "model": "lom:item/hats/mama4" },
		{ "predicate": { "custom_model_data": 27 }, "model": "lom:item/hats/mama5" },
		{ "predicate": { "custom_model_data": 28 }, "model": "lom:item/hats/jimmy_the_rat" },
		{ "predicate": { "custom_model_data": 29 }, "model": "lom:item/hats/headbox" },
		{ "predicate": { "custom_model_data": 30 }, "model": "lom:item/hats/knight_hat_red" },
		{ "predicate": { "custom_model_data": 31 }, "model": "lom:item/hats/knight_hat_green" },
		{ "predicate": { "custom_model_data": 32 }, "model": "lom:item/hats/jimmy_the_rat045" },
		{ "predicate": { "custom_model_data": 33 }, "model": "lom:item/hats/jimmy_the_rat090" },
		{ "predicate": { "custom_model_data": 34 }, "model": "lom:item/hats/jimmy_the_rat135" },
		{ "predicate": { "custom_model_data": 35 }, "model": "lom:item/hats/jimmy_the_rat180" },
		{ "predicate": { "custom_model_data": 36 }, "model": "lom:item/hats/jimmy_the_rat225" },
		{ "predicate": { "custom_model_data": 37 }, "model": "lom:item/hats/jimmy_the_rat270" },
		{ "predicate": { "custom_model_data": 38 }, "model": "lom:item/hats/jimmy_the_rat315" },
		{ "predicate": { "custom_model_data": 39 }, "model": "lom:item/hats/beards/beard1-black" },
		{ "predicate": { "custom_model_data": 40 }, "model": "lom:item/hats/beards/beard1-brown" },
		{ "predicate": { "custom_model_data": 41 }, "model": "lom:item/hats/beards/beard1-gray" },
		{ "predicate": { "custom_model_data": 42 }, "model": "lom:item/hats/beards/beard1-red" },
		{ "predicate": { "custom_model_data": 43 }, "model": "lom:item/hats/beards/beard2-black" },
		{ "predicate": { "custom_model_data": 44 }, "model": "lom:item/hats/beards/beard2-brown" },
		{ "predicate": { "custom_model_data": 45 }, "model": "lom:item/hats/beards/beard2-gray" },
		{ "predicate": { "custom_model_data": 46 }, "model": "lom:item/hats/beards/beard2-red" },
		{ "predicate": { "custom_model_data": 47 }, "model": "lom:item/hats/fine_moustache" },
		{ "predicate": { "custom_model_data": 48 }, "model": "lom:item/hats/very_fine_moustache" },
		{ "predicate": { "custom_model_data": 49 }, "model": "lom:item/hats/mohawk" },
		{ "predicate": { "custom_model_data": 50 }, "model": "lom:item/hats/powdered_wig" },
		{ "predicate": { "custom_model_data": 51 }, "model": "lom:item/hats/pompadour" },
		{ "predicate": { "custom_model_data": 52 }, "model": "lom:item/hats/afro" },
		{ "predicate": { "custom_model_data": 53 }, "model": "lom:item/hats/cowboy" },
		{ "predicate": { "custom_model_data": 54 }, "model": "lom:item/hats/manbun" },
		{ "predicate": { "custom_model_data": 55 }, "model": "lom:item/hats/knight_helmet" },
		{ "predicate": { "custom_model_data": 56 }, "model": "lom:item/hats/captain_helmet" },
		{ "predicate": { "custom_model_data": 57 }, "model": "lom:item/hats/waluigi" },
		{ "predicate": { "custom_model_data": 58 }, "model": "lom:item/hats/waluigi_small" },
		{ "predicate": { "custom_model_data": 59 }, "model": "lom:item/hats/tricorn" },
		{ "predicate": { "custom_model_data": 60 }, "model": "lom:item/hats/swammy-hat" },
		{ "predicate": { "custom_model_data": 61 }, "model": "lom:item/hats/lolly" },
		{ "predicate": { "custom_model_data": 62 }, "model": "lom:item/hats/musketeer" },
		{ "predicate": { "custom_model_data": 63 }, "model": "lom:item/hats/present" },
		{ "predicate": { "custom_model_data": 64 }, "model": "lom:item/hats/regalhat" },
		{ "predicate": { "custom_model_data": 65 }, "model": "lom:item/hats/xantenex-hat" }
	]
}
