{
    "parent": "item/generated",
    "textures": {
        "layer0": "item/goat_horn"
    },
    "display": {
        "thirdperson_righthand": {
            "rotation": [ 0, 180, 0 ],
            "translation": [ 0, 3, 1 ],
            "scale": [ 0.55, 0.55, 0.55 ]
        },
        "thirdperson_lefthand": {
            "rotation": [ 0, 0, 0 ],
            "translation": [ 0, 3, 1 ],
            "scale": [ 0.55, 0.55, 0.55 ]
        },
        "firstperson_righthand": {
            "rotation": [ 0, -90, 25 ],
            "translation": [ 1.13, 3.2, 1.13 ],
            "scale": [ 0.68, 0.68, 0.68 ]
        },
        "firstperson_lefthand": {
            "rotation": [ 0, 90, -25 ],
            "translation": [ 1.13, 3.2, 1.13 ],
            "scale": [ 0.68, 0.68, 0.68 ]
        }
    },
    "overrides": [
        { "predicate": { "tooting": 1 }, "model": "item/tooting_goat_horn" },
		{ "predicate": { "custom_model_data": 1, "tooting": 0 }, "model": "lom:item/tools/horn" },
		{ "predicate": { "custom_model_data": 1, "tooting": 1 }, "model": "lom:item/tools/tooting_horn" }
    ]
}
