{
	"parent": "minecraft:block/jigsaw",
	"overrides": [
		{ "predicate": { "custom_model_data": 1 }, "model": "lom:item/icons/1111" },
		{ "predicate": { "custom_model_data": 2 }, "model": "lom:item/icons/aerialdodge" },
		{ "predicate": { "custom_model_data": 3 }, "model": "lom:item/icons/agilecowpoke" },
		{ "predicate": { "custom_model_data": 4 }, "model": "lom:item/icons/agilityfocus" },
		{ "predicate": { "custom_model_data": 5 }, "model": "lom:item/icons/airtime" },
		{ "predicate": { "custom_model_data": 6 }, "model": "lom:item/icons/ancientfocus" },
		{ "predicate": { "custom_model_data": 7 }, "model": "lom:item/icons/arcanehand" },
		{ "predicate": { "custom_model_data": 8 }, "model": "lom:item/icons/arcaneportals" },
		{ "predicate": { "custom_model_data": 9 }, "model": "lom:item/icons/archerytraining" },
		{ "predicate": { "custom_model_data": 10 }, "model": "lom:item/icons/balanceddiet" },
		{ "predicate": { "custom_model_data": 11 }, "model": "lom:item/icons/bargainplayer" },
		{ "predicate": { "custom_model_data": 12 }, "model": "lom:item/icons/bounceknowledge" },
		{ "predicate": { "custom_model_data": 13 }, "model": "lom:item/icons/bouncestep" },
		{ "predicate": { "custom_model_data": 14 }, "model": "lom:item/icons/bulkorder" },
		{ "predicate": { "custom_model_data": 15 }, "model": "lom:item/icons/chaosstone" },
		{ "predicate": { "custom_model_data": 16 }, "model": "lom:item/icons/chargedstones" },
		{ "predicate": { "custom_model_data": 17 }, "model": "lom:item/icons/conjurebuffet" },
		{ "predicate": { "custom_model_data": 18 }, "model": "lom:item/icons/conjurefire" },
		{ "predicate": { "custom_model_data": 19 }, "model": "lom:item/icons/conjurefood" },
		{ "predicate": { "custom_model_data": 20 }, "model": "lom:item/icons/conjurefrost" },
		{ "predicate": { "custom_model_data": 21 }, "model": "lom:item/icons/conjurelightning" },
		{ "predicate": { "custom_model_data": 22 }, "model": "lom:item/icons/coupons" },
		{ "predicate": { "custom_model_data": 23 }, "model": "lom:item/icons/criticalexploit" },
		{ "predicate": { "custom_model_data": 24 }, "model": "lom:item/icons/criticalswings" },
		{ "predicate": { "custom_model_data": 25 }, "model": "lom:item/icons/dailyallowance" },
		{ "predicate": { "custom_model_data": 26 }, "model": "lom:item/icons/darkvision" },
		{ "predicate": { "custom_model_data": 27 }, "model": "lom:item/icons/dietstudy" },
		{ "predicate": { "custom_model_data": 28 }, "model": "lom:item/icons/doublejump" },
		{ "predicate": { "custom_model_data": 29 }, "model": "lom:item/icons/efficientsniper" },
		{ "predicate": { "custom_model_data": 30 }, "model": "lom:item/icons/endurancetraining" },
		{ "predicate": { "custom_model_data": 31 }, "model": "lom:item/icons/everlast" },
		{ "predicate": { "custom_model_data": 32 }, "model": "lom:item/icons/exoticridingpermit" },
		{ "predicate": { "custom_model_data": 33 }, "model": "lom:item/icons/fireblast" },
		{ "predicate": { "custom_model_data": 34 }, "model": "lom:item/icons/flamingagility" },
		{ "predicate": { "custom_model_data": 35 }, "model": "lom:item/icons/fletching" },
		{ "predicate": { "custom_model_data": 36 }, "model": "lom:item/icons/foodconnoisseur" },
		{ "predicate": { "custom_model_data": 37 }, "model": "lom:item/icons/foodquests" },
		{ "predicate": { "custom_model_data": 38 }, "model": "lom:item/icons/fortitudesave" },
		{ "predicate": { "custom_model_data": 39 }, "model": "lom:item/icons/forwardreflections" },
		{ "predicate": { "custom_model_data": 40 }, "model": "lom:item/icons/geomancy" },
		{ "predicate": { "custom_model_data": 41 }, "model": "lom:item/icons/gildedmeditation" },
		{ "predicate": { "custom_model_data": 42 }, "model": "lom:item/icons/goldenlocks" },
		{ "predicate": { "custom_model_data": 43 }, "model": "lom:item/icons/grapple" },
		{ "predicate": { "custom_model_data": 44 }, "model": "lom:item/icons/hardenedbody" },
		{ "predicate": { "custom_model_data": 45 }, "model": "lom:item/icons/healthybreakfast" },
		{ "predicate": { "custom_model_data": 46 }, "model": "lom:item/icons/homestone" },
		{ "predicate": { "custom_model_data": 47 }, "model": "lom:item/icons/immovable" },
		{ "predicate": { "custom_model_data": 48 }, "model": "lom:item/icons/inspiration" },
		{ "predicate": { "custom_model_data": 49 }, "model": "lom:item/icons/ironsecurity" },
		{ "predicate": { "custom_model_data": 50 }, "model": "lom:item/icons/jumpquests" },
		{ "predicate": { "custom_model_data": 51 }, "model": "lom:item/icons/knowledgefocus" },
		{ "predicate": { "custom_model_data": 52 }, "model": "lom:item/icons/knownface" },
		{ "predicate": { "custom_model_data": 53 }, "model": "lom:item/icons/librarian" },
		{ "predicate": { "custom_model_data": 54 }, "model": "lom:item/icons/lockpicks" },
		{ "predicate": { "custom_model_data": 55 }, "model": "lom:item/icons/loosechange" },
		{ "predicate": { "custom_model_data": 56 }, "model": "lom:item/icons/lovefocus" },
		{ "predicate": { "custom_model_data": 57 }, "model": "lom:item/icons/maskcasket" },
		{ "predicate": { "custom_model_data": 58 }, "model": "lom:item/icons/masterpiece" },
		{ "predicate": { "custom_model_data": 59 }, "model": "lom:item/icons/mealplan" },
		{ "predicate": { "custom_model_data": 60 }, "model": "lom:item/icons/mentor" },
		{ "predicate": { "custom_model_data": 61 }, "model": "lom:item/icons/metalworking" },
		{ "predicate": { "custom_model_data": 62 }, "model": "lom:item/icons/moneyshower" },
		{ "predicate": { "custom_model_data": 63 }, "model": "lom:item/icons/moonjump" },
		{ "predicate": { "custom_model_data": 64 }, "model": "lom:item/icons/musiccrafter" },
		{ "predicate": { "custom_model_data": 65 }, "model": "lom:item/icons/nimblejumper" },
		{ "predicate": { "custom_model_data": 66 }, "model": "lom:item/icons/parkourchamp" },
		{ "predicate": { "custom_model_data": 67 }, "model": "lom:item/icons/pathofenlightenment" },
		{ "predicate": { "custom_model_data": 68 }, "model": "lom:item/icons/patientstones" },
		{ "predicate": { "custom_model_data": 69 }, "model": "lom:item/icons/peakcondition" },
		{ "predicate": { "custom_model_data": 70 }, "model": "lom:item/icons/peopleschef" },
		{ "predicate": { "custom_model_data": 71 }, "model": "lom:item/icons/personaltrainer" },
		{ "predicate": { "custom_model_data": 72 }, "model": "lom:item/icons/personaltutor" },
		{ "predicate": { "custom_model_data": 73 }, "model": "lom:item/icons/pickingfinesse" },
		{ "predicate": { "custom_model_data": 74 }, "model": "lom:item/icons/pickpocket" },
		{ "predicate": { "custom_model_data": 75 }, "model": "lom:item/icons/potentingredients" },
		{ "predicate": { "custom_model_data": 76 }, "model": "lom:item/icons/powerfocus" },
		{ "predicate": { "custom_model_data": 77 }, "model": "lom:item/icons/premiumsneaks" },
		{ "predicate": { "custom_model_data": 78 }, "model": "lom:item/icons/profefssionaljumpsmith" },
		{ "predicate": { "custom_model_data": 79 }, "model": "lom:item/icons/professional" },
		{ "predicate": { "custom_model_data": 80 }, "model": "lom:item/icons/prospector" },
		{ "predicate": { "custom_model_data": 81 }, "model": "lom:item/icons/purge" },
		{ "predicate": { "custom_model_data": 82 }, "model": "lom:item/icons/quake" },
		{ "predicate": { "custom_model_data": 83 }, "model": "lom:item/icons/rancherdiscount" },
		{ "predicate": { "custom_model_data": 84 }, "model": "lom:item/icons/rapidrecovery" },
		{ "predicate": { "custom_model_data": 85 }, "model": "lom:item/icons/rapidtutoring" },
		{ "predicate": { "custom_model_data": 86 }, "model": "lom:item/icons/rationingexpert" },
		{ "predicate": { "custom_model_data": 87 }, "model": "lom:item/icons/readingcomprehension" },
		{ "predicate": { "custom_model_data": 88 }, "model": "lom:item/icons/recipebook" },
		{ "predicate": { "custom_model_data": 89 }, "model": "lom:item/icons/restaurantpermit" },
		{ "predicate": { "custom_model_data": 90 }, "model": "lom:item/icons/ridingcrop" },
		{ "predicate": { "custom_model_data": 91 }, "model": "lom:item/icons/ridingpermit" },
		{ "predicate": { "custom_model_data": 92 }, "model": "lom:item/icons/righttoforge" },
		{ "predicate": { "custom_model_data": 93 }, "model": "lom:item/icons/royalnepotism" },
		{ "predicate": { "custom_model_data": 94 }, "model": "lom:item/icons/sciencelicense" },
		{ "predicate": { "custom_model_data": 95 }, "model": "lom:item/icons/seasonedrider" },
		{ "predicate": { "custom_model_data": 96 }, "model": "lom:item/icons/seaworthy" },
		{ "predicate": { "custom_model_data": 97 }, "model": "lom:item/icons/seriousjumper" },
		{ "predicate": { "custom_model_data": 98 }, "model": "lom:item/icons/shardstone" },
		{ "predicate": { "custom_model_data": 99 }, "model": "lom:item/icons/siftersprize" },
		{ "predicate": { "custom_model_data": 100 }, "model": "lom:item/icons/simplestudy" },
		{ "predicate": { "custom_model_data": 101 }, "model": "lom:item/icons/sittingpal" },
		{ "predicate": { "custom_model_data": 102 }, "model": "lom:item/icons/sittingquests" },
		{ "predicate": { "custom_model_data": 103 }, "model": "lom:item/icons/skeletonkey" },
		{ "predicate": { "custom_model_data": 104 }, "model": "lom:item/icons/smokebomb" },
		{ "predicate": { "custom_model_data": 105 }, "model": "lom:item/icons/socialdining" },
		{ "predicate": { "custom_model_data": 106 }, "model": "lom:item/icons/spit" },
		{ "predicate": { "custom_model_data": 107 }, "model": "lom:item/icons/staminafocus" },
		{ "predicate": { "custom_model_data": 108 }, "model": "lom:item/icons/stealth" },
		{ "predicate": { "custom_model_data": 109 }, "model": "lom:item/icons/stonefortitude" },
		{ "predicate": { "custom_model_data": 110 }, "model": "lom:item/icons/strongheart" },
		{ "predicate": { "custom_model_data": 111 }, "model": "lom:item/icons/stylefocus" },
		{ "predicate": { "custom_model_data": 112 }, "model": "lom:item/icons/summonstone" },
		{ "predicate": { "custom_model_data": 113 }, "model": "lom:item/icons/sunwatcher" },
		{ "predicate": { "custom_model_data": 114 }, "model": "lom:item/icons/superjump" },
		{ "predicate": { "custom_model_data": 115 }, "model": "lom:item/icons/swallow" },
		{ "predicate": { "custom_model_data": 116 }, "model": "lom:item/icons/targetpractice" },
		{ "predicate": { "custom_model_data": 117 }, "model": "lom:item/icons/teacher" },
		{ "predicate": { "custom_model_data": 118 }, "model": "lom:item/icons/telekinesis" },
		{ "predicate": { "custom_model_data": 119 }, "model": "lom:item/icons/thickskin" },
		{ "predicate": { "custom_model_data": 120 }, "model": "lom:item/icons/tollboothscanner" },
		{ "predicate": { "custom_model_data": 121 }, "model": "lom:item/icons/townstone" },
		{ "predicate": { "custom_model_data": 122 }, "model": "lom:item/icons/trainconductor" },
		{ "predicate": { "custom_model_data": 123 }, "model": "lom:item/icons/transmutation" },
		{ "predicate": { "custom_model_data": 124 }, "model": "lom:item/icons/trident" },
		{ "predicate": { "custom_model_data": 125 }, "model": "lom:item/icons/vaultmaster" },
		{ "predicate": { "custom_model_data": 126 }, "model": "lom:item/icons/warpstone" },
		{ "predicate": { "custom_model_data": 127 }, "model": "lom:item/icons/wellrested" },
		{ "predicate": { "custom_model_data": 128 }, "model": "lom:item/icons/whimsical" },
		{ "predicate": { "custom_model_data": 129 }, "model": "lom:item/icons/whistle" },
		{ "predicate": { "custom_model_data": 130 }, "model": "lom:item/icons/worldpool" },
		{ "predicate": { "custom_model_data": 131 }, "model": "lom:item/icons/yeehaw" },
		{ "predicate": { "custom_model_data": 132 }, "model": "lom:item/icons/aquaaffinity" },
		{ "predicate": { "custom_model_data": 133 }, "model": "lom:item/icons/bigjugs" },
		{ "predicate": { "custom_model_data": 134 }, "model": "lom:item/icons/blacklotus" },
		{ "predicate": { "custom_model_data": 135 }, "model": "lom:item/icons/bouldertoss" },
		{ "predicate": { "custom_model_data": 136 }, "model": "lom:item/icons/breakpoint" },
		{ "predicate": { "custom_model_data": 137 }, "model": "lom:item/icons/catreflexes" },
		{ "predicate": { "custom_model_data": 138 }, "model": "lom:item/icons/chocolatetree" },
		{ "predicate": { "custom_model_data": 139 }, "model": "lom:item/icons/cloudwalker" },
		{ "predicate": { "custom_model_data": 140 }, "model": "lom:item/icons/conjuregold" },
		{ "predicate": { "custom_model_data": 141 }, "model": "lom:item/icons/deepseahelmet" },
		{ "predicate": { "custom_model_data": 142 }, "model": "lom:item/icons/demonfruit" },
		{ "predicate": { "custom_model_data": 143 }, "model": "lom:item/icons/dogpaddle" },
		{ "predicate": { "custom_model_data": 144 }, "model": "lom:item/icons/dolphinkick" },
		{ "predicate": { "custom_model_data": 145 }, "model": "lom:item/icons/dwarvenhaste" },
		{ "predicate": { "custom_model_data": 146 }, "model": "lom:item/icons/elvensickle" },
		{ "predicate": { "custom_model_data": 147 }, "model": "lom:item/icons/familytraditions" },
		{ "predicate": { "custom_model_data": 148 }, "model": "lom:item/icons/farmerseye" },
		{ "predicate": { "custom_model_data": 149 }, "model": "lom:item/icons/farmingquests" },
		{ "predicate": { "custom_model_data": 150 }, "model": "lom:item/icons/fertileseeds" },
		{ "predicate": { "custom_model_data": 151 }, "model": "lom:item/icons/fishingbasics" },
		{ "predicate": { "custom_model_data": 152 }, "model": "lom:item/icons/fishingquests" },
		{ "predicate": { "custom_model_data": 153 }, "model": "lom:item/icons/gaiastouch" },
		{ "predicate": { "custom_model_data": 154 }, "model": "lom:item/icons/goldenblessing" },
		{ "predicate": { "custom_model_data": 155 }, "model": "lom:item/icons/goldenlure" },
		{ "predicate": { "custom_model_data": 156 }, "model": "lom:item/icons/grandexpedition" },
		{ "predicate": { "custom_model_data": 157 }, "model": "lom:item/icons/greenthumb" },
		{ "predicate": { "custom_model_data": 158 }, "model": "lom:item/icons/gymcoach" },
		{ "predicate": { "custom_model_data": 159 }, "model": "lom:item/icons/harvestmoon" },
		{ "predicate": { "custom_model_data": 160 }, "model": "lom:item/icons/harvestsbounty" },
		{ "predicate": { "custom_model_data": 161 }, "model": "lom:item/icons/heartyfisherman" },
		{ "predicate": { "custom_model_data": 162 }, "model": "lom:item/icons/heavyswing" },
		{ "predicate": { "custom_model_data": 163 }, "model": "lom:item/icons/hometurf" },
		{ "predicate": { "custom_model_data": 164 }, "model": "lom:item/icons/hydrate" },
		{ "predicate": { "custom_model_data": 165 }, "model": "lom:item/icons/hydrothrift" },
		{ "predicate": { "custom_model_data": 166 }, "model": "lom:item/icons/joggingbuddy" },
		{ "predicate": { "custom_model_data": 167 }, "model": "lom:item/icons/keeneye" },
		{ "predicate": { "custom_model_data": 168 }, "model": "lom:item/icons/magicalpesticide" },
		{ "predicate": { "custom_model_data": 169 }, "model": "lom:item/icons/manabloom" },
		{ "predicate": { "custom_model_data": 170 }, "model": "lom:item/icons/marathonrunner" },
		{ "predicate": { "custom_model_data": 171 }, "model": "lom:item/icons/minersunion" },
		{ "predicate": { "custom_model_data": 172 }, "model": "lom:item/icons/muscletraining" },
		{ "predicate": { "custom_model_data": 173 }, "model": "lom:item/icons/naturesdew" },
		{ "predicate": { "custom_model_data": 174 }, "model": "lom:item/icons/orderrebate" },
		{ "predicate": { "custom_model_data": 175 }, "model": "lom:item/icons/petalwalk" },
		{ "predicate": { "custom_model_data": 176 }, "model": "lom:item/icons/plumpmelons" },
		{ "predicate": { "custom_model_data": 177 }, "model": "lom:item/icons/powerdash" },
		{ "predicate": { "custom_model_data": 178 }, "model": "lom:item/icons/qualitysneaks" },
		{ "predicate": { "custom_model_data": 179 }, "model": "lom:item/icons/royalsilos" },
		{ "predicate": { "custom_model_data": 180 }, "model": "lom:item/icons/runnerspurse" },
		{ "predicate": { "custom_model_data": 181 }, "model": "lom:item/icons/secondwind" },
		{ "predicate": { "custom_model_data": 182 }, "model": "lom:item/icons/shroomcultivation" },
		{ "predicate": { "custom_model_data": 183 }, "model": "lom:item/icons/silverprize" },
		{ "predicate": { "custom_model_data": 184 }, "model": "lom:item/icons/sprintingquests" },
		{ "predicate": { "custom_model_data": 185 }, "model": "lom:item/icons/staminatraining" },
		{ "predicate": { "custom_model_data": 186 }, "model": "lom:item/icons/stonemason" },
		{ "predicate": { "custom_model_data": 187 }, "model": "lom:item/icons/stoneproc" },
		{ "predicate": { "custom_model_data": 188 }, "model": "lom:item/icons/summonmule" },
		{ "predicate": { "custom_model_data": 189 }, "model": "lom:item/icons/sunbeams" },
		{ "predicate": { "custom_model_data": 190 }, "model": "lom:item/icons/swammies" },
		{ "predicate": { "custom_model_data": 191 }, "model": "lom:item/icons/swimmingquests" },
		{ "predicate": { "custom_model_data": 192 }, "model": "lom:item/icons/tilingtax" },
		{ "predicate": { "custom_model_data": 193 }, "model": "lom:item/icons/trackandfield" },
		{ "predicate": { "custom_model_data": 194 }, "model": "lom:item/icons/trip" },
		{ "predicate": { "custom_model_data": 195 }, "model": "lom:item/icons/waterproofsneaks" },
		{ "predicate": { "custom_model_data": 196 }, "model": "lom:item/icons/wolfpack" },
		{ "predicate": { "custom_model_data": 197 }, "model": "lom:item/icons/bandit" },
		{ "predicate": { "custom_model_data": 198 }, "model": "lom:item/icons/blocks" },
		{ "predicate": { "custom_model_data": 199 }, "model": "lom:item/icons/donttouch" },
		{ "predicate": { "custom_model_data": 200 }, "model": "lom:item/icons/eating" },
		{ "predicate": { "custom_model_data": 201 }, "model": "lom:item/icons/existing" },
		{ "predicate": { "custom_model_data": 202 }, "model": "lom:item/icons/farm" },
		{ "predicate": { "custom_model_data": 203 }, "model": "lom:item/icons/furniture" },
		{ "predicate": { "custom_model_data": 204 }, "model": "lom:item/icons/gold" },
		{ "predicate": { "custom_model_data": 205 }, "model": "lom:item/icons/jumping" },
		{ "predicate": { "custom_model_data": 206 }, "model": "lom:item/icons/junk" },
		{ "predicate": { "custom_model_data": 207 }, "model": "lom:item/icons/mining" },
		{ "predicate": { "custom_model_data": 208 }, "model": "lom:item/icons/plotdeed" },
		{ "predicate": { "custom_model_data": 209 }, "model": "lom:item/icons/run" },
		{ "predicate": { "custom_model_data": 210 }, "model": "lom:item/icons/sit" },
		{ "predicate": { "custom_model_data": 211 }, "model": "lom:item/icons/slums" },
		{ "predicate": { "custom_model_data": 212 }, "model": "lom:item/icons/stoneore" },
		{ "predicate": { "custom_model_data": 213 }, "model": "lom:item/icons/store" },
		{ "predicate": { "custom_model_data": 214 }, "model": "lom:item/icons/swim" },
		{ "predicate": { "custom_model_data": 215 }, "model": "lom:item/icons/thirsty" },
		{ "predicate": { "custom_model_data": 216 }, "model": "lom:item/icons/tools" },
		{ "predicate": { "custom_model_data": 217 }, "model": "lom:item/icons/adrenaline" },
		{ "predicate": { "custom_model_data": 218 }, "model": "lom:item/icons/bagofholding" },
		{ "predicate": { "custom_model_data": 219 }, "model": "lom:item/icons/leappractice" },
		{ "predicate": { "custom_model_data": 220 }, "model": "lom:item/icons/luckysnacker" },
		{ "predicate": { "custom_model_data": 221 }, "model": "lom:item/icons/piggyback" },
		{ "predicate": { "custom_model_data": 222 }, "model": "lom:item/icons/punchingquests" },
		{ "predicate": { "custom_model_data": 223 }, "model": "lom:item/icons/safefall" },
		{ "predicate": { "custom_model_data": 224 }, "model": "lom:item/icons/speedstones" },
		{ "predicate": { "custom_model_data": 225 }, "model": "lom:item/icons/splinterstrike" },
		{ "predicate": { "custom_model_data": 226 }, "model": "lom:item/icons/springssavings" },
		{ "predicate": { "custom_model_data": 227 }, "model": "lom:item/icons/tradingquests" },
		{ "predicate": { "custom_model_data": 228 }, "model": "lom:item/icons/wish" },
		{ "predicate": { "custom_model_data": 229 }, "model": "lom:item/icons/placeholder" },
		{ "predicate": { "custom_model_data": 230 }, "model": "lom:item/icons/back" },
		{ "predicate": { "custom_model_data": 231 }, "model": "lom:item/icons/plotdeed2" },
		{ "predicate": { "custom_model_data": 232 }, "model": "lom:item/icons/plotdeed3" },
		{ "predicate": { "custom_model_data": 233 }, "model": "lom:item/icons/warpcoords" },
		{ "predicate": { "custom_model_data": 1001 }, "model": "lom:item/gui/skillmenu" },
		{ "predicate": { "custom_model_data": 1002 }, "model": "lom:item/gui/skilltree" },
		{ "predicate": { "custom_model_data": 1003 }, "model": "lom:item/gui/shop/jimmy_jordonson" },
		{ "predicate": { "custom_model_data": 1004 }, "model": "lom:item/gui/shop/jimothy_worrywart" },
		{ "predicate": { "custom_model_data": 1005 }, "model": "lom:item/gui/shop/james_barringster" },
		{ "predicate": { "custom_model_data": 1006 }, "model": "lom:item/gui/shop/jamie_franklin" },
		{ "predicate": { "custom_model_data": 1007 }, "model": "lom:item/gui/shop/jamthany_jourdain" }
	]
}
