{
	"parent": "item/vanilla/music_disc_cat",
	"overrides": [
		{ "predicate": { "custom_model_data": 1 }, "model": "lom:item/weapons/excaliju" },
		{ "predicate": { "custom_model_data": 2 }, "model": "lom:item/weapons/runeblade" },
		{ "predicate": { "custom_model_data": 3 }, "model": "lom:item/weapons/flamethrower" },
		{ "predicate": { "custom_model_data": 4 }, "model": "lom:item/weapons/elven_dagger" },
		{ "predicate": { "custom_model_data": 5 }, "model": "lom:item/weapons/sos" },
		{ "predicate": { "custom_model_data": 6 }, "model": "lom:item/weapons/warhammer" },
		{ "predicate": { "custom_model_data": 7 }, "model": "lom:item/weapons/hammer" },
		{ "predicate": { "custom_model_data": 8 }, "model": "lom:item/weapons/malice" },
		{ "predicate": { "custom_model_data": 10 }, "model": "lom:item/weapons/flame_fist" },
		{ "predicate": { "custom_model_data": 11 }, "model": "lom:item/weapons/flame_bow" },
		{ "predicate": { "custom_model_data": 12 }, "model": "lom:item/weapons/emerald_bow" },
		{ "predicate": { "custom_model_data": 13 }, "model": "lom:item/weapons/wand_of_fire" },
		{ "predicate": { "custom_model_data": 14 }, "model": "lom:item/weapons/tombmaker" },
		{ "predicate": { "custom_model_data": 15 }, "model": "lom:item/weapons/staff_of_defile" },
		{ "predicate": { "custom_model_data": 16 }, "model": "lom:item/weapons/wand_of_limited_probabilities" },
		{ "predicate": { "custom_model_data": 17 }, "model": "lom:item/weapons/tinder_flame" },
		{ "predicate": { "custom_model_data": 18 }, "model": "lom:item/weapons/dwarven_crossbow" },
		{ "predicate": { "custom_model_data": 19 }, "model": "lom:item/tools/wiggly_wrench" },
		{ "predicate": { "custom_model_data": 20 }, "model": "lom:item/tools/quiver" },
		{ "predicate": { "custom_model_data": 21 }, "model": "lom:item/tools/spellbook" },
		{ "predicate": { "custom_model_data": 22 }, "model": "lom:item/weapons/foamer" },
		{ "predicate": { "custom_model_data": 23 }, "model": "lom:item/weapons/flintlock" },
		{ "predicate": { "custom_model_data": 24 }, "model": "lom:item/weapons/blunderbuss" },
		{ "predicate": { "custom_model_data": 25 }, "model": "lom:item/weapons/dirthose" },
		{ "predicate": { "custom_model_data": 26 }, "model": "vs:item/vs_back_dive" },
		{ "predicate": { "custom_model_data": 27 }, "model": "vs:item/vs_back_farmer" },
		{ "predicate": { "custom_model_data": 28 }, "model": "vs:item/vs_back_plant" },
		{ "predicate": { "custom_model_data": 29 }, "model": "vs:item/vs_back_quiver" },
		{ "predicate": { "custom_model_data": 30 }, "model": "vs:item/vs_back_urne" },
		{ "predicate": { "custom_model_data": 31 }, "model": "vs:item/vs_back_witch" },
		{ "predicate": { "custom_model_data": 32 }, "model": "abyss_pack:item/abyss_wings" },
		{ "predicate": { "custom_model_data": 33 }, "model": "abyss_pack:item/abyss_wings_white" },
		{ "predicate": { "custom_model_data": 34 }, "model": "abyss_pack:item/abyss_wings_black" },
		{ "predicate": { "custom_model_data": 35 }, "model": "lom:item/weapons/regrowth_morning_star" },
		{ "predicate": { "custom_model_data": 36 }, "model": "lom:item/weapons/paladin_staff" },
		{ "predicate": { "custom_model_data": 37 }, "model": "lom:item/weapons/syringe1" },
		{ "predicate": { "custom_model_data": 38 }, "model": "lom:item/weapons/syringe2" },
		{ "predicate": { "custom_model_data": 39 }, "model": "lom:item/weapons/syringe3" },
		{ "predicate": { "custom_model_data": 40 }, "model": "lom:item/tools/grondboor" },
		{ "predicate": { "custom_model_data": 41 }, "model": "lom:item/weapons/runedagger" },
		{ "predicate": { "custom_model_data": 42 }, "model": "lom:item/weapons/lowq_runeblade" },
		{ "predicate": { "custom_model_data": 43 }, "model": "lom:item/weapons/lowq_hammer" },
		{ "predicate": { "custom_model_data": 44 }, "model": "lom:item/weapons/lowq_flamer" },
		{ "predicate": { "custom_model_data": 45 }, "model": "lom:item/weapons/lowq_foamer" },
		{ "predicate": { "custom_model_data": 46 }, "model": "lom:item/weapons/lowq_dirthose" },
		{ "predicate": { "custom_model_data": 47 }, "model": "lom:item/weapons/lowq_ghostbuster" },
		{ "predicate": { "custom_model_data": 48 }, "model": "lom:item/weapons/lowq_juicer" },
		{ "predicate": { "custom_model_data": 49 }, "model": "lom:item/weapons/rapier" }
	]
}
