{
	"parent": "item/vanilla/rabbit_foot",
	"overrides": [
		{ "predicate": { "custom_model_data": 1 }, "model": "lom:item/items/d20" },
		{ "predicate": { "custom_model_data": 2 }, "model": "lom:item/items/scroll" },
		{ "predicate": { "custom_model_data": 3 }, "model": "lom:item/items/mortar" },
		{ "predicate": { "custom_model_data": 4 }, "model": "lom:item/items/wizard_mortar" },
		{ "predicate": { "custom_model_data": 5 }, "model": "lom:item/items/dwarven_log" },
		{ "predicate": { "custom_model_data": 6 }, "model": "lom:item/items/dwarven_planks" },
		{ "predicate": { "custom_model_data": 7 }, "model": "lom:item/items/invisible" },
		{ "predicate": { "custom_model_data": 8 }, "model": "lom:item/items/coppercoin" },
		{ "predicate": { "custom_model_data": 9 }, "model": "lom:item/items/fish" },
		{ "predicate": { "custom_model_data": 10 }, "model": "lom:item/items/goldcoin" },
		{ "predicate": { "custom_model_data": 11 }, "model": "lom:item/items/goldenore" },
		{ "predicate": { "custom_model_data": 12 }, "model": "lom:item/items/goo" },
		{ "predicate": { "custom_model_data": 13 }, "model": "lom:item/items/muk" },
		{ "predicate": { "custom_model_data": 14 }, "model": "lom:item/items/ore" },
		{ "predicate": { "custom_model_data": 15 }, "model": "lom:item/items/sand" },
		{ "predicate": { "custom_model_data": 16 }, "model": "lom:item/items/shell" },
		{ "predicate": { "custom_model_data": 17 }, "model": "lom:item/items/silvercoin" },
		{ "predicate": { "custom_model_data": 18 }, "model": "lom:item/items/stone" },
		{ "predicate": { "custom_model_data": 19 }, "model": "lom:item/items/paper1" },
		{ "predicate": { "custom_model_data": 20 }, "model": "lom:item/items/paper2" },
		{ "predicate": { "custom_model_data": 21 }, "model": "lom:item/items/paper3" },
		{ "predicate": { "custom_model_data": 22 }, "model": "lom:item/items/deeds/deed" },
		{ "predicate": { "custom_model_data": 23 }, "model": "lom:item/items/deeds/deedblue" },
		{ "predicate": { "custom_model_data": 24 }, "model": "lom:item/items/deeds/deedbrown" },
		{ "predicate": { "custom_model_data": 25 }, "model": "lom:item/items/deeds/deedgreen" },
		{ "predicate": { "custom_model_data": 26 }, "model": "lom:item/items/deeds/deedgrey" },
		{ "predicate": { "custom_model_data": 27 }, "model": "lom:item/items/deeds/deedorange" },
		{ "predicate": { "custom_model_data": 28 }, "model": "lom:item/items/deeds/deedorangeblue" },
		{ "predicate": { "custom_model_data": 29 }, "model": "lom:item/items/deeds/deedpink" },
		{ "predicate": { "custom_model_data": 30 }, "model": "lom:item/items/deeds/deedred" },
		{ "predicate": { "custom_model_data": 31 }, "model": "lom:item/items/deeds/deedredblack" },
		{ "predicate": { "custom_model_data": 32 }, "model": "lom:item/items/deeds/deedwhitegold" },
		{ "predicate": { "custom_model_data": 33 }, "model": "lom:item/items/deeds/deedyelloworange" }
	]
}
