{
	"credit": "MadewithBlockbench",
	"texture_size": [20, 20],
	"textures": {
		"0": "abyss_pack:item/abyss/abyss_wings",
		"1": "abyss_pack:item/abyss/abyss_tex_wings",
		"2": "abyss_pack:item/abyss/abyss_eff_01",
		"3": "abyss_pack:item/abyss/abyss_eff_02",
		"particle": "abyss_pack:item/abyss/abyss_wings"
	},
	"elements": [
		{
			"from": [10.25, -5.5, 8],
			"to": [15.25, -0.5, 8],
			"rotation": { "angle": -22.5, "axis": "z", "origin": [12.75, -3, 8] },
			"faces": {
				"north": { "uv": [0, 16, 16, 0], "rotation": 90, "texture": "#2" },
				"east": { "uv": [7.82222, 0, 0, 0], "rotation": 270, "texture": "#2" },
				"south": { "uv": [16, 16, 0, 0], "rotation": 270, "texture": "#2" },
				"west": { "uv": [7.82222, 0, 0, 0], "rotation": 270, "texture": "#2" },
				"up": { "uv": [0, 4.26666, 0, 0], "rotation": 270, "texture": "#2" },
				"down": { "uv": [0, 4.26666, 0, 0], "rotation": 270, "texture": "#2" }
			}
		},
		{
			"from": [11.75, 9, 8],
			"to": [16.75, 14, 8],
			"rotation": { "angle": 22.5, "axis": "z", "origin": [14.25, 11.5, 8] },
			"faces": {
				"north": { "uv": [0, 16, 16, 0], "rotation": 90, "texture": "#3" },
				"east": { "uv": [7.82222, 0, 0, 0], "rotation": 270, "texture": "#3" },
				"south": { "uv": [16, 16, 0, 0], "rotation": 270, "texture": "#3" },
				"west": { "uv": [7.82222, 0, 0, 0], "rotation": 270, "texture": "#3" },
				"up": { "uv": [0, 4.26666, 0, 0], "rotation": 270, "texture": "#3" },
				"down": { "uv": [0, 4.26666, 0, 0], "rotation": 270, "texture": "#3" }
			}
		},
		{
			"from": [18.75, 16, 8],
			"to": [23.75, 21, 8],
			"rotation": { "angle": 0, "axis": "z", "origin": [21.25, 18.5, 8] },
			"faces": {
				"north": { "uv": [0, 16, 16, 0], "rotation": 180, "texture": "#3" },
				"east": { "uv": [0, 4.26666, 0, 0], "rotation": 180, "texture": "#3" },
				"south": { "uv": [16, 16, 0, 0], "rotation": 180, "texture": "#3" },
				"west": { "uv": [0, 4.26666, 0, 0], "rotation": 180, "texture": "#3" },
				"up": { "uv": [7.82222, 0, 0, 0], "rotation": 180, "texture": "#3" },
				"down": { "uv": [7.82222, 0, 0, 0], "rotation": 180, "texture": "#3" }
			}
		},
		{
			"from": [5.5, 25, 8],
			"to": [10.5, 30, 8],
			"rotation": { "angle": 0, "axis": "z", "origin": [8, 27.5, 8] },
			"faces": {
				"north": { "uv": [0, 16, 16, 0], "rotation": 180, "texture": "#3" },
				"east": { "uv": [0, 4.26666, 0, 0], "rotation": 180, "texture": "#3" },
				"south": { "uv": [16, 16, 0, 0], "rotation": 180, "texture": "#3" },
				"west": { "uv": [0, 4.26666, 0, 0], "rotation": 180, "texture": "#3" },
				"up": { "uv": [7.82222, 0, 0, 0], "rotation": 180, "texture": "#3" },
				"down": { "uv": [7.82222, 0, 0, 0], "rotation": 180, "texture": "#3" }
			}
		},
		{
			"from": [-15.59722, -3.93992, 8],
			"to": [6.80278, 18.46008, 8],
			"rotation": { "angle": 0, "axis": "y", "origin": [6.00278, 8.06008, 8.8] },
			"faces": {
				"north": { "uv": [16, 0, 0, 16], "texture": "#0" },
				"east": { "uv": [0, 0, 0, 14], "texture": "#0" },
				"south": { "uv": [0, 0, 16, 16], "texture": "#0" },
				"west": { "uv": [0, 0, 0, 14], "texture": "#0" },
				"up": { "uv": [14, 0, 0, 0], "texture": "#0" },
				"down": { "uv": [14, 0, 0, 0], "texture": "#0" }
			}
		},
		{
			"from": [5.84278, 3.50008, 7.2],
			"to": [7.44278, 5.10008, 8.8],
			"rotation": { "angle": -45, "axis": "z", "origin": [5.84278, 7.90008, 8] },
			"faces": {
				"north": { "uv": [1.2, 3.2, 0, 4.4], "texture": "#1" },
				"east": { "uv": [4.4, 1.6, 3.2, 2.8], "texture": "#1" },
				"south": { "uv": [2.8, 3.2, 1.6, 4.4], "texture": "#1" },
				"west": { "uv": [4.4, 0, 3.2, 1.2], "texture": "#1" },
				"up": { "uv": [3.2, 4.4, 4.4, 3.2], "texture": "#1" },
				"down": { "uv": [0, 4.8, 1.2, 6], "texture": "#1" }
			}
		},
		{
			"from": [3.22288, 5.18881, 7.4],
			"to": [4.42288, 6.78881, 8.6],
			"rotation": { "angle": 0, "axis": "z", "origin": [4.02288, 4.78881, 7.8] },
			"faces": {
				"north": { "uv": [9, 1.6, 8, 2.8], "texture": "#1" },
				"east": { "uv": [5.8, 8, 4.8, 9.2], "texture": "#1" },
				"south": { "uv": [9, 3.2, 8, 4.4], "texture": "#1" },
				"west": { "uv": [4.2, 8, 3.2, 9.2], "texture": "#1" },
				"up": { "uv": [7.2, 10.6, 8.2, 9.6], "texture": "#1" },
				"down": { "uv": [9.6, 7.2, 10.6, 8.2], "texture": "#1" }
			}
		},
		{
			"from": [3.38288, 5.58881, 7.56],
			"to": [4.26288, 8.78881, 8.44],
			"rotation": { "angle": 45, "axis": "z", "origin": [3.82288, 6.78881, 8] },
			"faces": {
				"north": { "uv": [0.8, 0, 0, 2.6], "texture": "#1" },
				"east": { "uv": [3.2, 0, 2.4, 2.6], "texture": "#1" },
				"south": { "uv": [2.4, 0, 1.6, 2.6], "texture": "#1" },
				"west": { "uv": [1.6, 0, 0.8, 2.6], "texture": "#1" },
				"up": { "uv": [11.2, 8, 12, 7.2], "texture": "#1" },
				"down": { "uv": [8, 11.2, 8.8, 12], "texture": "#1" }
			}
		},
		{
			"from": [-4.61712, 9.18881, 7.76],
			"to": [-4.13712, 12.38881, 8.24],
			"rotation": { "angle": 45, "axis": "z", "origin": [-4.17712, 11.98881, 8.2] },
			"faces": {
				"north": { "uv": [10, 4, 9.6, 6.6], "texture": "#1" },
				"east": { "uv": [6.8, 9.6, 6.4, 12.2], "texture": "#1" },
				"south": { "uv": [6, 9.6, 5.6, 12.2], "texture": "#1" },
				"west": { "uv": [5.2, 9.6, 4.8, 12.2], "texture": "#1" },
				"up": { "uv": [12, 3.6, 12.4, 3.2], "texture": "#1" },
				"down": { "uv": [12, 4, 12.4, 4.4], "texture": "#1" }
			}
		},
		{
			"from": [-2.50835, 9.69778, 7.76],
			"to": [-2.10835, 10.17778, 8.24],
			"rotation": { "angle": 0, "axis": "z", "origin": [-0.10835, 9.93778, 8] },
			"faces": {
				"north": { "uv": [12.4, 4.8, 12, 5.2], "texture": "#1" },
				"east": { "uv": [12.4, 7.2, 12, 7.6], "texture": "#1" },
				"south": { "uv": [12.4, 6.4, 12, 6.8], "texture": "#1" },
				"west": { "uv": [12.4, 5.6, 12, 6], "texture": "#1" },
				"up": { "uv": [8, 12.4, 8.4, 12], "texture": "#1" },
				"down": { "uv": [12, 8, 12.4, 8.4], "texture": "#1" }
			}
		},
		{
			"from": [-2.33663, 9.76891, 7.76],
			"to": [-1.77663, 10.24891, 8.24],
			"rotation": { "angle": 45, "axis": "z", "origin": [-2.13663, 10.00891, 8] },
			"faces": {
				"north": { "uv": [9.2, 12, 8.8, 12.4], "texture": "#1" },
				"east": { "uv": [12.4, 9.6, 12, 10], "texture": "#1" },
				"south": { "uv": [10, 12, 9.6, 12.4], "texture": "#1" },
				"west": { "uv": [12.4, 8.8, 12, 9.2], "texture": "#1" },
				"up": { "uv": [12, 10.8, 12.4, 10.4], "texture": "#1" },
				"down": { "uv": [12, 11.2, 12.4, 11.6], "texture": "#1" }
			}
		},
		{
			"from": [-2.05178, 9.95318, 7.76],
			"to": [-1.49178, 10.43318, 8.24],
			"rotation": { "angle": 0, "axis": "z", "origin": [-1.77178, 10.19318, 8] },
			"faces": {
				"north": { "uv": [12.4, 12, 12, 12.4], "texture": "#1" },
				"east": { "uv": [13.2, 0.8, 12.8, 1.2], "texture": "#1" },
				"south": { "uv": [1.2, 12.8, 0.8, 13.2], "texture": "#1" },
				"west": { "uv": [13.2, 0, 12.8, 0.4], "texture": "#1" },
				"up": { "uv": [1.6, 13.2, 2, 12.8], "texture": "#1" },
				"down": { "uv": [12.8, 1.6, 13.2, 2], "texture": "#1" }
			}
		},
		{
			"from": [2.30004, 8.11165, 7.64],
			"to": [2.94004, 9.31165, 8.36],
			"rotation": { "angle": 22.5, "axis": "z", "origin": [2.90004, 7.71165, 7.92] },
			"faces": {
				"north": { "uv": [11, 11.2, 10.4, 12.2], "texture": "#1" },
				"east": { "uv": [12.6, 0, 12, 1], "texture": "#1" },
				"south": { "uv": [0.6, 12, 0, 13], "texture": "#1" },
				"west": { "uv": [11.8, 11.2, 11.2, 12.2], "texture": "#1" },
				"up": { "uv": [0.8, 12.6, 1.4, 12], "texture": "#1" },
				"down": { "uv": [1.6, 12, 2.2, 12.6], "texture": "#1" }
			}
		},
		{
			"from": [5.84278, 6.70008, 7.2],
			"to": [7.44278, 8.30008, 8.8],
			"rotation": { "angle": -45, "axis": "z", "origin": [5.84278, 11.10008, 8] },
			"faces": {
				"north": { "uv": [6, 0, 4.8, 1.2], "texture": "#1" },
				"east": { "uv": [4.4, 4.8, 3.2, 6], "texture": "#1" },
				"south": { "uv": [6, 1.6, 4.8, 2.8], "texture": "#1" },
				"west": { "uv": [2.8, 4.8, 1.6, 6], "texture": "#1" },
				"up": { "uv": [4.8, 4.4, 6, 3.2], "texture": "#1" },
				"down": { "uv": [4.8, 4.8, 6, 6], "texture": "#1" }
			}
		},
		{
			"from": [4.54004, 8.27165, 7.56],
			"to": [5.42004, 10.03165, 8.44],
			"rotation": { "angle": -45, "axis": "z", "origin": [4.98004, 9.23165, 8] },
			"faces": {
				"north": { "uv": [3.2, 9.6, 2.4, 11], "texture": "#1" },
				"east": { "uv": [4.8, 9.6, 4, 11], "texture": "#1" },
				"south": { "uv": [4, 9.6, 3.2, 11], "texture": "#1" },
				"west": { "uv": [10.4, 2.4, 9.6, 3.8], "texture": "#1" },
				"up": { "uv": [11.2, 8.8, 12, 8], "texture": "#1" },
				"down": { "uv": [8.8, 11.2, 9.6, 12], "texture": "#1" }
			}
		},
		{
			"from": [5.13867, 9.52838, 7.64],
			"to": [5.77867, 11.52838, 8.36],
			"rotation": { "angle": 0, "axis": "z", "origin": [5.45867, 10.12838, 8] },
			"faces": {
				"north": { "uv": [2.2, 10.4, 1.6, 12], "texture": "#1" },
				"east": { "uv": [11, 5.6, 10.4, 7.2], "texture": "#1" },
				"south": { "uv": [11, 4, 10.4, 5.6], "texture": "#1" },
				"west": { "uv": [11, 2.4, 10.4, 4], "texture": "#1" },
				"up": { "uv": [12, 2.2, 12.6, 1.6], "texture": "#1" },
				"down": { "uv": [2.4, 12, 3, 12.6], "texture": "#1" }
			}
		},
		{
			"from": [4.90476, 11.159, 7.72],
			"to": [5.38476, 13.959, 8.28],
			"rotation": { "angle": 45, "axis": "z", "origin": [5.14476, 11.759, 8] },
			"faces": {
				"north": { "uv": [11.6, 2.4, 11.2, 4.6], "texture": "#1" },
				"east": { "uv": [7.6, 11.2, 7.2, 13.4], "texture": "#1" },
				"south": { "uv": [11.6, 4.8, 11.2, 7], "texture": "#1" },
				"west": { "uv": [4.4, 11.2, 4, 13.4], "texture": "#1" },
				"up": { "uv": [2.4, 13.2, 2.8, 12.8], "texture": "#1" },
				"down": { "uv": [12.8, 2.4, 13.2, 2.8], "texture": "#1" }
			}
		},
		{
			"from": [3.63952, -0.84792, 7.2],
			"to": [5.23952, 0.75208, 8.8],
			"rotation": { "angle": -45, "axis": "z", "origin": [4.43952, -0.04792, 8] },
			"faces": {
				"north": { "uv": [6, 1.2, 4.8, 0], "texture": "#1" },
				"east": { "uv": [4.4, 6, 3.2, 4.8], "texture": "#1" },
				"south": { "uv": [6, 2.8, 4.8, 1.6], "texture": "#1" },
				"west": { "uv": [2.8, 6, 1.6, 4.8], "texture": "#1" },
				"up": { "uv": [4.8, 6, 6, 4.8], "texture": "#1" },
				"down": { "uv": [4.8, 3.2, 6, 4.4], "texture": "#1" }
			}
		},
		{
			"from": [3.84147, -1.96122, 7.56],
			"to": [4.72147, -0.20122, 8.44],
			"rotation": { "angle": -22.5, "axis": "z", "origin": [3.15867, -0.69817, 8] },
			"faces": {
				"north": { "uv": [3.2, 11, 2.4, 9.6], "texture": "#1" },
				"east": { "uv": [4.8, 11, 4, 9.6], "texture": "#1" },
				"south": { "uv": [4, 11, 3.2, 9.6], "texture": "#1" },
				"west": { "uv": [10.4, 3.8, 9.6, 2.4], "texture": "#1" },
				"up": { "uv": [8.8, 12, 9.6, 11.2], "texture": "#1" },
				"down": { "uv": [11.2, 8, 12, 8.8], "texture": "#1" }
			}
		},
		{
			"from": [1.32845, -2.61817, 7.64],
			"to": [3.32845, -1.97817, 8.36],
			"rotation": { "angle": 22.5, "axis": "z", "origin": [3.15867, -0.69817, 8] },
			"faces": {
				"north": { "uv": [1.6, 10.4, 2.2, 12], "rotation": 90, "texture": "#1" },
				"east": { "uv": [3, 12, 2.4, 12.6], "rotation": 270, "texture": "#1" },
				"south": { "uv": [10.4, 4, 11, 5.6], "rotation": 270, "texture": "#1" },
				"west": { "uv": [12.6, 2.2, 12, 1.6], "rotation": 270, "texture": "#1" },
				"up": { "uv": [10.4, 2.4, 11, 4], "rotation": 270, "texture": "#1" },
				"down": { "uv": [10.4, 5.6, 11, 7.2], "rotation": 270, "texture": "#1" }
			}
		},
		{
			"from": [5.04278, 9.74008, 7.2],
			"to": [6.64278, 11.34008, 8.8],
			"rotation": { "angle": -45, "axis": "z", "origin": [5.04278, 14.30008, 8] },
			"faces": {
				"north": { "uv": [1.2, 6.4, 0, 7.6], "texture": "#1" },
				"east": { "uv": [7.6, 1.6, 6.4, 2.8], "texture": "#1" },
				"south": { "uv": [2.8, 6.4, 1.6, 7.6], "texture": "#1" },
				"west": { "uv": [7.6, 0, 6.4, 1.2], "texture": "#1" },
				"up": { "uv": [3.2, 7.6, 4.4, 6.4], "texture": "#1" },
				"down": { "uv": [6.4, 3.2, 7.6, 4.4], "texture": "#1" }
			}
		},
		{
			"from": [4.92129, 2.17869, 7.2],
			"to": [6.52129, 3.77869, 8.8],
			"rotation": { "angle": 0, "axis": "z", "origin": [5.28288, 3.38881, 8] },
			"faces": {
				"north": { "uv": [6, 6.4, 4.8, 7.6], "texture": "#1" },
				"east": { "uv": [1.2, 8, 0, 9.2], "texture": "#1" },
				"south": { "uv": [7.6, 6.4, 6.4, 7.6], "texture": "#1" },
				"west": { "uv": [7.6, 4.8, 6.4, 6], "texture": "#1" },
				"up": { "uv": [8, 1.2, 9.2, 0], "texture": "#1" },
				"down": { "uv": [1.6, 8, 2.8, 9.2], "texture": "#1" }
			}
		},
		{
			"from": [4.66288, 3.18881, 7.4],
			"to": [5.86288, 4.78881, 8.6],
			"rotation": { "angle": 45, "axis": "z", "origin": [5.28288, 3.38881, 8] },
			"faces": {
				"north": { "uv": [9, 4.8, 8, 6], "texture": "#1" },
				"east": { "uv": [9, 8, 8, 9.2], "texture": "#1" },
				"south": { "uv": [9, 6.4, 8, 7.6], "texture": "#1" },
				"west": { "uv": [7.4, 8, 6.4, 9.2], "texture": "#1" },
				"up": { "uv": [8.8, 10.6, 9.8, 9.6], "texture": "#1" },
				"down": { "uv": [0, 10.4, 1, 11.4], "texture": "#1" }
			}
		},
		{
			"from": [3.44278, 10.06008, 7.52],
			"to": [5.04278, 11.02008, 8.48],
			"rotation": { "angle": -45, "axis": "z", "origin": [5.04278, 14.30008, 8] },
			"faces": {
				"north": { "uv": [10.8, 8.8, 9.6, 9.6], "texture": "#1" },
				"east": { "uv": [10.4, 11.2, 9.6, 12], "texture": "#1" },
				"south": { "uv": [11.6, 9.6, 10.4, 10.4], "texture": "#1" },
				"west": { "uv": [12, 8.8, 11.2, 9.6], "texture": "#1" },
				"up": { "uv": [10.4, 11.2, 11.6, 10.4], "texture": "#1" },
				"down": { "uv": [2.4, 11.2, 3.6, 12], "texture": "#1" }
			}
		},
		{
			"from": [-0.513, 12.45842, 7.68],
			"to": [1.887, 13.09842, 8.32],
			"rotation": { "angle": -22.5, "axis": "z", "origin": [0.687, 13.33842, 8] },
			"faces": {
				"north": { "uv": [2, 9.6, 0, 10.2], "texture": "#1" },
				"east": { "uv": [3.8, 12, 3.2, 12.6], "texture": "#1" },
				"south": { "uv": [11.6, 0, 9.6, 0.6], "texture": "#1" },
				"west": { "uv": [12.6, 2.4, 12, 3], "texture": "#1" },
				"up": { "uv": [9.6, 1.4, 11.6, 0.8], "texture": "#1" },
				"down": { "uv": [9.6, 1.6, 11.6, 2.2], "texture": "#1" }
			}
		},
		{
			"from": [-7.75, 16, 8],
			"to": [-2.75, 21, 8],
			"rotation": { "angle": 0, "axis": "z", "origin": [-5.25, 18.5, 8] },
			"faces": {
				"north": { "uv": [16, 16, 0, 0], "rotation": 180, "texture": "#3" },
				"east": { "uv": [0, 4.26666, 0, 0], "rotation": 180, "texture": "#3" },
				"south": { "uv": [0, 16, 16, 0], "rotation": 180, "texture": "#3" },
				"west": { "uv": [0, 4.26666, 0, 0], "rotation": 180, "texture": "#3" },
				"up": { "uv": [0, 0, 7.82222, 0], "rotation": 180, "texture": "#3" },
				"down": { "uv": [0, 0, 7.82222, 0], "rotation": 180, "texture": "#3" }
			}
		},
		{
			"from": [-0.75, 9, 8],
			"to": [4.25, 14, 8],
			"rotation": { "angle": -22.5, "axis": "z", "origin": [1.75, 11.5, 8] },
			"faces": {
				"north": { "uv": [0, 0, 16, 16], "rotation": 90, "texture": "#3" },
				"east": { "uv": [7.82222, 0, 0, 0], "rotation": 270, "texture": "#3" },
				"south": { "uv": [16, 0, 0, 16], "rotation": 270, "texture": "#3" },
				"west": { "uv": [7.82222, 0, 0, 0], "rotation": 270, "texture": "#3" },
				"up": { "uv": [0, 0, 0, 4.26666], "rotation": 270, "texture": "#3" },
				"down": { "uv": [0, 0, 0, 4.26666], "rotation": 270, "texture": "#3" }
			}
		},
		{
			"from": [0.75, -5.5, 8],
			"to": [5.75, -0.5, 8],
			"rotation": { "angle": 22.5, "axis": "z", "origin": [3.25, -3, 8] },
			"faces": {
				"north": { "uv": [0, 0, 16, 16], "rotation": 90, "texture": "#2" },
				"east": { "uv": [7.82222, 0, 0, 0], "rotation": 270, "texture": "#2" },
				"south": { "uv": [16, 0, 0, 16], "rotation": 270, "texture": "#2" },
				"west": { "uv": [7.82222, 0, 0, 0], "rotation": 270, "texture": "#2" },
				"up": { "uv": [0, 0, 0, 4.26666], "rotation": 270, "texture": "#2" },
				"down": { "uv": [0, 0, 0, 4.26666], "rotation": 270, "texture": "#2" }
			}
		},
		{
			"from": [9.19722, -3.93992, 8],
			"to": [31.59722, 18.46008, 8],
			"rotation": { "angle": 0, "axis": "y", "origin": [9.99722, 8.06008, 8.8] },
			"faces": {
				"north": { "uv": [0, 0, 16, 16], "texture": "#0" },
				"east": { "uv": [0, 0, 0, 14], "texture": "#0" },
				"south": { "uv": [16, 0, 0, 16], "texture": "#0" },
				"west": { "uv": [0, 0, 0, 14], "texture": "#0" },
				"up": { "uv": [0, 0, 14, 0], "texture": "#0" },
				"down": { "uv": [0, 0, 14, 0], "texture": "#0" }
			}
		},
		{
			"from": [8.55722, 3.50008, 7.2],
			"to": [10.15722, 5.10008, 8.8],
			"rotation": { "angle": 45, "axis": "z", "origin": [10.15722, 7.90008, 8] },
			"faces": {
				"north": { "uv": [0, 3.2, 1.2, 4.4], "texture": "#1" },
				"east": { "uv": [3.2, 0, 4.4, 1.2], "texture": "#1" },
				"south": { "uv": [1.6, 3.2, 2.8, 4.4], "texture": "#1" },
				"west": { "uv": [3.2, 1.6, 4.4, 2.8], "texture": "#1" },
				"up": { "uv": [4.4, 4.4, 3.2, 3.2], "texture": "#1" },
				"down": { "uv": [1.2, 4.8, 0, 6], "texture": "#1" }
			}
		},
		{
			"from": [11.57712, 5.18881, 7.4],
			"to": [12.77712, 6.78881, 8.6],
			"rotation": { "angle": 0, "axis": "z", "origin": [11.97712, 4.78881, 7.8] },
			"faces": {
				"north": { "uv": [8, 1.6, 9, 2.8], "texture": "#1" },
				"east": { "uv": [3.2, 8, 4.2, 9.2], "texture": "#1" },
				"south": { "uv": [8, 3.2, 9, 4.4], "texture": "#1" },
				"west": { "uv": [4.8, 8, 5.8, 9.2], "texture": "#1" },
				"up": { "uv": [8.2, 10.6, 7.2, 9.6], "texture": "#1" },
				"down": { "uv": [10.6, 7.2, 9.6, 8.2], "texture": "#1" }
			}
		},
		{
			"from": [11.73712, 5.58881, 7.56],
			"to": [12.61712, 8.78881, 8.44],
			"rotation": { "angle": -45, "axis": "z", "origin": [12.17712, 6.78881, 8] },
			"faces": {
				"north": { "uv": [0, 0, 0.8, 2.6], "texture": "#1" },
				"east": { "uv": [0.8, 0, 1.6, 2.6], "texture": "#1" },
				"south": { "uv": [1.6, 0, 2.4, 2.6], "texture": "#1" },
				"west": { "uv": [2.4, 0, 3.2, 2.6], "texture": "#1" },
				"up": { "uv": [12, 8, 11.2, 7.2], "texture": "#1" },
				"down": { "uv": [8.8, 11.2, 8, 12], "texture": "#1" }
			}
		},
		{
			"from": [20.13712, 9.18881, 7.76],
			"to": [20.61712, 12.38881, 8.24],
			"rotation": { "angle": -45, "axis": "z", "origin": [20.17712, 11.98881, 8.2] },
			"faces": {
				"north": { "uv": [9.6, 4, 10, 6.6], "texture": "#1" },
				"east": { "uv": [4.8, 9.6, 5.2, 12.2], "texture": "#1" },
				"south": { "uv": [5.6, 9.6, 6, 12.2], "texture": "#1" },
				"west": { "uv": [6.4, 9.6, 6.8, 12.2], "texture": "#1" },
				"up": { "uv": [12.4, 3.6, 12, 3.2], "texture": "#1" },
				"down": { "uv": [12.4, 4, 12, 4.4], "texture": "#1" }
			}
		},
		{
			"from": [18.10835, 9.69778, 7.76],
			"to": [18.50835, 10.17778, 8.24],
			"rotation": { "angle": 0, "axis": "z", "origin": [16.10835, 9.93778, 8] },
			"faces": {
				"north": { "uv": [12, 4.8, 12.4, 5.2], "texture": "#1" },
				"east": { "uv": [12, 5.6, 12.4, 6], "texture": "#1" },
				"south": { "uv": [12, 6.4, 12.4, 6.8], "texture": "#1" },
				"west": { "uv": [12, 7.2, 12.4, 7.6], "texture": "#1" },
				"up": { "uv": [8.4, 12.4, 8, 12], "texture": "#1" },
				"down": { "uv": [12.4, 8, 12, 8.4], "texture": "#1" }
			}
		},
		{
			"from": [17.77663, 9.76891, 7.76],
			"to": [18.33663, 10.24891, 8.24],
			"rotation": { "angle": -45, "axis": "z", "origin": [18.13663, 10.00891, 8] },
			"faces": {
				"north": { "uv": [8.8, 12, 9.2, 12.4], "texture": "#1" },
				"east": { "uv": [12, 8.8, 12.4, 9.2], "texture": "#1" },
				"south": { "uv": [9.6, 12, 10, 12.4], "texture": "#1" },
				"west": { "uv": [12, 9.6, 12.4, 10], "texture": "#1" },
				"up": { "uv": [12.4, 10.8, 12, 10.4], "texture": "#1" },
				"down": { "uv": [12.4, 11.2, 12, 11.6], "texture": "#1" }
			}
		},
		{
			"from": [17.49178, 9.95318, 7.76],
			"to": [18.05178, 10.43318, 8.24],
			"rotation": { "angle": 0, "axis": "z", "origin": [17.77178, 10.19318, 8] },
			"faces": {
				"north": { "uv": [12, 12, 12.4, 12.4], "texture": "#1" },
				"east": { "uv": [12.8, 0, 13.2, 0.4], "texture": "#1" },
				"south": { "uv": [0.8, 12.8, 1.2, 13.2], "texture": "#1" },
				"west": { "uv": [12.8, 0.8, 13.2, 1.2], "texture": "#1" },
				"up": { "uv": [2, 13.2, 1.6, 12.8], "texture": "#1" },
				"down": { "uv": [13.2, 1.6, 12.8, 2], "texture": "#1" }
			}
		},
		{
			"from": [13.05996, 8.11165, 7.64],
			"to": [13.69996, 9.31165, 8.36],
			"rotation": { "angle": -22.5, "axis": "z", "origin": [13.09996, 7.71165, 7.92] },
			"faces": {
				"north": { "uv": [10.4, 11.2, 11, 12.2], "texture": "#1" },
				"east": { "uv": [11.2, 11.2, 11.8, 12.2], "texture": "#1" },
				"south": { "uv": [0, 12, 0.6, 13], "texture": "#1" },
				"west": { "uv": [12, 0, 12.6, 1], "texture": "#1" },
				"up": { "uv": [1.4, 12.6, 0.8, 12], "texture": "#1" },
				"down": { "uv": [2.2, 12, 1.6, 12.6], "texture": "#1" }
			}
		},
		{
			"from": [8.55722, 6.70008, 7.2],
			"to": [10.15722, 8.30008, 8.8],
			"rotation": { "angle": 45, "axis": "z", "origin": [10.15722, 11.10008, 8] },
			"faces": {
				"north": { "uv": [4.8, 0, 6, 1.2], "texture": "#1" },
				"east": { "uv": [1.6, 4.8, 2.8, 6], "texture": "#1" },
				"south": { "uv": [4.8, 1.6, 6, 2.8], "texture": "#1" },
				"west": { "uv": [3.2, 4.8, 4.4, 6], "texture": "#1" },
				"up": { "uv": [6, 4.4, 4.8, 3.2], "texture": "#1" },
				"down": { "uv": [6, 4.8, 4.8, 6], "texture": "#1" }
			}
		},
		{
			"from": [10.57996, 8.27165, 7.56],
			"to": [11.45996, 10.03165, 8.44],
			"rotation": { "angle": 45, "axis": "z", "origin": [11.01996, 9.23165, 8] },
			"faces": {
				"north": { "uv": [2.4, 9.6, 3.2, 11], "texture": "#1" },
				"east": { "uv": [9.6, 2.4, 10.4, 3.8], "texture": "#1" },
				"south": { "uv": [3.2, 9.6, 4, 11], "texture": "#1" },
				"west": { "uv": [4, 9.6, 4.8, 11], "texture": "#1" },
				"up": { "uv": [12, 8.8, 11.2, 8], "texture": "#1" },
				"down": { "uv": [9.6, 11.2, 8.8, 12], "texture": "#1" }
			}
		},
		{
			"from": [10.22133, 9.52838, 7.64],
			"to": [10.86133, 11.52838, 8.36],
			"rotation": { "angle": 0, "axis": "z", "origin": [10.54133, 10.12838, 8] },
			"faces": {
				"north": { "uv": [1.6, 10.4, 2.2, 12], "texture": "#1" },
				"east": { "uv": [10.4, 2.4, 11, 4], "texture": "#1" },
				"south": { "uv": [10.4, 4, 11, 5.6], "texture": "#1" },
				"west": { "uv": [10.4, 5.6, 11, 7.2], "texture": "#1" },
				"up": { "uv": [12.6, 2.2, 12, 1.6], "texture": "#1" },
				"down": { "uv": [3, 12, 2.4, 12.6], "texture": "#1" }
			}
		},
		{
			"from": [10.61524, 11.159, 7.72],
			"to": [11.09524, 13.959, 8.28],
			"rotation": { "angle": -45, "axis": "z", "origin": [10.85524, 11.759, 8] },
			"faces": {
				"north": { "uv": [11.2, 2.4, 11.6, 4.6], "texture": "#1" },
				"east": { "uv": [4, 11.2, 4.4, 13.4], "texture": "#1" },
				"south": { "uv": [11.2, 4.8, 11.6, 7], "texture": "#1" },
				"west": { "uv": [7.2, 11.2, 7.6, 13.4], "texture": "#1" },
				"up": { "uv": [2.8, 13.2, 2.4, 12.8], "texture": "#1" },
				"down": { "uv": [13.2, 2.4, 12.8, 2.8], "texture": "#1" }
			}
		},
		{
			"from": [10.76048, -0.84792, 7.2],
			"to": [12.36048, 0.75208, 8.8],
			"rotation": { "angle": 45, "axis": "z", "origin": [11.56048, -0.04792, 8] },
			"faces": {
				"north": { "uv": [4.8, 1.2, 6, 0], "texture": "#1" },
				"east": { "uv": [1.6, 6, 2.8, 4.8], "texture": "#1" },
				"south": { "uv": [4.8, 2.8, 6, 1.6], "texture": "#1" },
				"west": { "uv": [3.2, 6, 4.4, 4.8], "texture": "#1" },
				"up": { "uv": [6, 6, 4.8, 4.8], "texture": "#1" },
				"down": { "uv": [6, 3.2, 4.8, 4.4], "texture": "#1" }
			}
		},
		{
			"from": [11.27853, -1.96122, 7.56],
			"to": [12.15853, -0.20122, 8.44],
			"rotation": { "angle": 22.5, "axis": "z", "origin": [12.84133, -0.69817, 8] },
			"faces": {
				"north": { "uv": [2.4, 11, 3.2, 9.6], "texture": "#1" },
				"east": { "uv": [9.6, 3.8, 10.4, 2.4], "texture": "#1" },
				"south": { "uv": [3.2, 11, 4, 9.6], "texture": "#1" },
				"west": { "uv": [4, 11, 4.8, 9.6], "texture": "#1" },
				"up": { "uv": [9.6, 12, 8.8, 11.2], "texture": "#1" },
				"down": { "uv": [12, 8, 11.2, 8.8], "texture": "#1" }
			}
		},
		{
			"from": [12.67155, -2.61817, 7.64],
			"to": [14.67155, -1.97817, 8.36],
			"rotation": { "angle": -22.5, "axis": "z", "origin": [12.84133, -0.69817, 8] },
			"faces": {
				"north": { "uv": [1.6, 12, 2.2, 10.4], "rotation": 90, "texture": "#1" },
				"east": { "uv": [12.6, 1.6, 12, 2.2], "rotation": 270, "texture": "#1" },
				"south": { "uv": [10.4, 5.6, 11, 4], "rotation": 270, "texture": "#1" },
				"west": { "uv": [3, 12.6, 2.4, 12], "rotation": 270, "texture": "#1" },
				"up": { "uv": [10.4, 4, 11, 2.4], "rotation": 270, "texture": "#1" },
				"down": { "uv": [10.4, 7.2, 11, 5.6], "rotation": 270, "texture": "#1" }
			}
		},
		{
			"from": [9.35722, 9.74008, 7.2],
			"to": [10.95722, 11.34008, 8.8],
			"rotation": { "angle": 45, "axis": "z", "origin": [10.95722, 14.30008, 8] },
			"faces": {
				"north": { "uv": [0, 6.4, 1.2, 7.6], "texture": "#1" },
				"east": { "uv": [6.4, 0, 7.6, 1.2], "texture": "#1" },
				"south": { "uv": [1.6, 6.4, 2.8, 7.6], "texture": "#1" },
				"west": { "uv": [6.4, 1.6, 7.6, 2.8], "texture": "#1" },
				"up": { "uv": [4.4, 7.6, 3.2, 6.4], "texture": "#1" },
				"down": { "uv": [7.6, 3.2, 6.4, 4.4], "texture": "#1" }
			}
		},
		{
			"from": [9.47871, 2.17869, 7.2],
			"to": [11.07871, 3.77869, 8.8],
			"rotation": { "angle": 0, "axis": "z", "origin": [10.71712, 3.38881, 8] },
			"faces": {
				"north": { "uv": [4.8, 6.4, 6, 7.6], "texture": "#1" },
				"east": { "uv": [6.4, 4.8, 7.6, 6], "texture": "#1" },
				"south": { "uv": [6.4, 6.4, 7.6, 7.6], "texture": "#1" },
				"west": { "uv": [0, 8, 1.2, 9.2], "texture": "#1" },
				"up": { "uv": [9.2, 1.2, 8, 0], "texture": "#1" },
				"down": { "uv": [2.8, 8, 1.6, 9.2], "texture": "#1" }
			}
		},
		{
			"from": [10.13712, 3.18881, 7.4],
			"to": [11.33712, 4.78881, 8.6],
			"rotation": { "angle": -45, "axis": "z", "origin": [10.71712, 3.38881, 8] },
			"faces": {
				"north": { "uv": [8, 4.8, 9, 6], "texture": "#1" },
				"east": { "uv": [6.4, 8, 7.4, 9.2], "texture": "#1" },
				"south": { "uv": [8, 6.4, 9, 7.6], "texture": "#1" },
				"west": { "uv": [8, 8, 9, 9.2], "texture": "#1" },
				"up": { "uv": [9.8, 10.6, 8.8, 9.6], "texture": "#1" },
				"down": { "uv": [1, 10.4, 0, 11.4], "texture": "#1" }
			}
		},
		{
			"from": [10.95722, 10.06008, 7.52],
			"to": [12.55722, 11.02008, 8.48],
			"rotation": { "angle": 45, "axis": "z", "origin": [10.95722, 14.30008, 8] },
			"faces": {
				"north": { "uv": [9.6, 8.8, 10.8, 9.6], "texture": "#1" },
				"east": { "uv": [11.2, 8.8, 12, 9.6], "texture": "#1" },
				"south": { "uv": [10.4, 9.6, 11.6, 10.4], "texture": "#1" },
				"west": { "uv": [9.6, 11.2, 10.4, 12], "texture": "#1" },
				"up": { "uv": [11.6, 11.2, 10.4, 10.4], "texture": "#1" },
				"down": { "uv": [3.6, 11.2, 2.4, 12], "texture": "#1" }
			}
		},
		{
			"from": [14.113, 12.45842, 7.68],
			"to": [16.513, 13.09842, 8.32],
			"rotation": { "angle": 22.5, "axis": "z", "origin": [15.313, 13.33842, 8] },
			"faces": {
				"north": { "uv": [0, 9.6, 2, 10.2], "texture": "#1" },
				"east": { "uv": [12, 2.4, 12.6, 3], "texture": "#1" },
				"south": { "uv": [9.6, 0, 11.6, 0.6], "texture": "#1" },
				"west": { "uv": [3.2, 12, 3.8, 12.6], "texture": "#1" },
				"up": { "uv": [11.6, 1.4, 9.6, 0.8], "texture": "#1" },
				"down": { "uv": [11.6, 1.6, 9.6, 2.2], "texture": "#1" }
			}
		}
	],
	"gui_light": "front",
	"display": {
		"thirdperson_righthand": {
			"scale": [0.5, 0.5, 0.5]
		},
		"thirdperson_lefthand": {
			"rotation": [69.5, 0, 0],
			"translation": [-5.75, -4.75, 10.25],
			"scale": [1.15117, 1.15117, 1.15117]
		},
		"firstperson_righthand": {
			"translation": [1.25, 3.75, 0],
			"scale": [0.59102, 0.59102, 0.59102]
		},
		"firstperson_lefthand": {
			"scale": [0, 0, 0]
		},
		"ground": {
			"rotation": [-67, 0, 0],
			"translation": [0, 5, 0],
			"scale": [0.6, 0.6, 0.6]
		},
		"gui": {
			"translation": [0, -1.25, 0],
			"scale": [0.5, 0.5, 0.5]
		},
		"head": {
			"translation": [0, -36, 5],
			"scale": [2, 2, 2]
		},
		"fixed": {
			"translation": [0, 5, -2],
			"scale": [1.60938, 1.60938, 1.60938]
		}
	},
	"groups": [
		{
			"name": "wings",
			"origin": [8, 8, 8],
			"color": 0,
			"boneType": "",
			"children": [
				0,
				1,
				2,
				3,
				{
					"name": "group",
					"origin": [15.313, 13.33842, 8],
					"color": 0,
					"boneType": "",
					"children": [4, 5, 6, 7, 8, 9, 10, 11, 12, 13, 14, 15, 16, 17, 18, 19, 20, 21, 22, 23, 24, 25, 26, 27]
				},
				{
					"name": "group",
					"origin": [15.313, 13.33842, 8],
					"color": 0,
					"boneType": "",
					"children": [28, 29, 30, 31, 32, 33, 34, 35, 36, 37, 38, 39, 40, 41, 42, 43, 44, 45, 46, 47, 48]
				}
			]
		}
	]
}
