{
	"credit": "MadewithBlockbench",
	"textures": {
		"1": "abyss_pack:item/abyss/abyss_eff_01",
		"2": "abyss_pack:item/abyss/abyss_shovel",
		"3": "abyss_pack:item/abyss/abyss_eff_02",
		"particle": "abyss_pack:item/abyss/abyss_shovel"
	},
	"elements": [
		{
			"from": [2, 4.5, 8.25],
			"to": [7, 9.5, 8.25],
			"rotation": { "angle": -22.5, "axis": "z", "origin": [4.5, 7, 8] },
			"faces": {
				"north": { "uv": [16, 16, 0, 0], "texture": "#3" },
				"east": { "uv": [0, 5.33333, 0, 0], "texture": "#3" },
				"south": { "uv": [0, 16, 16, 0], "texture": "#3" },
				"west": { "uv": [0, 5.33333, 0, 0], "texture": "#3" },
				"up": { "uv": [0, 0, 9.77778, 0], "texture": "#3" },
				"down": { "uv": [0, 0, 9.77778, 0], "texture": "#3" }
			}
		},
		{
			"from": [-3, 4.5, 8],
			"to": [19, 19.25, 8],
			"rotation": { "angle": 0, "axis": "y", "origin": [11.83571, 10.58026, 8] },
			"faces": {
				"north": { "uv": [0, 0, 9.77778, 6.22222], "texture": "#2" },
				"east": { "uv": [0, 0, 0, 5.33333], "texture": "#2" },
				"south": { "uv": [0, 6.22222, 9.77778, 12.44445], "texture": "#2" },
				"west": { "uv": [0, 0, 0, 5.33333], "texture": "#2" },
				"up": { "uv": [9.77778, 0, 0, 0], "texture": "#2" },
				"down": { "uv": [9.77778, 0, 0, 0], "texture": "#2" }
			}
		},
		{
			"from": [8.03376, 5.9577, 7],
			"to": [11.03376, 8.9577, 9],
			"rotation": { "angle": -45, "axis": "z", "origin": [11.83571, 10.58026, 8] },
			"faces": {
				"north": { "uv": [0, 12.44445, 1.33333, 13.77778], "texture": "#2" },
				"east": { "uv": [1.33333, 12.44445, 2.22222, 13.77778], "texture": "#2" },
				"south": { "uv": [10.66667, 0, 12, 1.33333], "texture": "#2" },
				"west": { "uv": [10.66667, 1.33333, 11.55556, 2.66667], "texture": "#2" },
				"up": { "uv": [3.55556, 13.33334, 2.22222, 12.44445], "texture": "#2" },
				"down": { "uv": [12, 2.66667, 10.66667, 3.55556], "texture": "#2" }
			}
		},
		{
			"from": [8.03376, -13.0423, 7],
			"to": [10.03376, -11.0423, 9],
			"rotation": { "angle": -45, "axis": "z", "origin": [11.83571, -9.41974, 8] },
			"faces": {
				"north": { "uv": [3.55556, 12.44445, 4.44444, 13.33334], "texture": "#2" },
				"east": { "uv": [10.66667, 3.55556, 11.55556, 4.44444], "texture": "#2" },
				"south": { "uv": [4.44444, 12.44445, 5.33333, 13.33334], "texture": "#2" },
				"west": { "uv": [10.66667, 4.44444, 11.55556, 5.33333], "texture": "#2" },
				"up": { "uv": [6.22222, 13.33334, 5.33333, 12.44445], "texture": "#2" },
				"down": { "uv": [11.55556, 5.33333, 10.66667, 6.22222], "texture": "#2" }
			}
		},
		{
			"from": [7.5, -8.5, 7.5],
			"to": [8.5, 8.5, 8.5],
			"rotation": { "angle": 0, "axis": "y", "origin": [8, 10, 7.5] },
			"faces": {
				"north": { "uv": [9.77778, 0, 10.22222, 7.55556], "texture": "#2" },
				"east": { "uv": [9.77778, 7.55556, 10.22222, 15.11111], "texture": "#2" },
				"south": { "uv": [10.22222, 0, 10.66667, 7.55556], "texture": "#2" },
				"west": { "uv": [10.22222, 7.55556, 10.66667, 15.11111], "texture": "#2" },
				"up": { "uv": [12.44444, 3.55556, 12, 3.11111], "texture": "#2" },
				"down": { "uv": [13.77778, 1.33333, 13.33333, 1.77778], "texture": "#2" }
			}
		},
		{
			"from": [7.25, 5.5, 7.25],
			"to": [8.75, 7.5, 8.75],
			"rotation": { "angle": 0, "axis": "y", "origin": [8, 10, 7.5] },
			"faces": {
				"north": { "uv": [10.66667, 7.55556, 11.33333, 8.44444], "texture": "#2" },
				"east": { "uv": [8, 12.44445, 8.66667, 13.33334], "texture": "#2" },
				"south": { "uv": [10.66667, 8.44444, 11.33333, 9.33333], "texture": "#2" },
				"west": { "uv": [8.88889, 12.44445, 9.55556, 13.33334], "texture": "#2" },
				"up": { "uv": [12.22222, 10.88889, 11.55556, 10.22222], "texture": "#2" },
				"down": { "uv": [12.22222, 11.11111, 11.55556, 11.77778], "texture": "#2" }
			}
		},
		{
			"from": [7.25, 7.75, 7.25],
			"to": [8.75, 8.5, 8.75],
			"rotation": { "angle": 0, "axis": "y", "origin": [8, 10, 7.5] },
			"faces": {
				"north": { "uv": [12.88889, 8.44444, 13.55556, 8.77778], "texture": "#2" },
				"east": { "uv": [12.88889, 8.88889, 13.55556, 9.22222], "texture": "#2" },
				"south": { "uv": [10.66667, 12.88889, 11.33333, 13.22222], "texture": "#2" },
				"west": { "uv": [11.55556, 12.88889, 12.22222, 13.22222], "texture": "#2" },
				"up": { "uv": [0.66667, 14.44445, 0, 13.77778], "texture": "#2" },
				"down": { "uv": [12.66667, 0, 12, 0.66667], "texture": "#2" }
			}
		},
		{
			"from": [7.25, 4.5, 7.25],
			"to": [8.75, 5.25, 8.75],
			"rotation": { "angle": 0, "axis": "y", "origin": [8, 10, 7.5] },
			"faces": {
				"north": { "uv": [12.44444, 12.88889, 13.11111, 13.22222], "texture": "#2" },
				"east": { "uv": [0, 15.11111, 0.66667, 15.44445], "texture": "#2" },
				"south": { "uv": [0.88889, 15.11111, 1.55556, 15.44445], "texture": "#2" },
				"west": { "uv": [13.33333, 0.88889, 14, 1.22222], "texture": "#2" },
				"up": { "uv": [1.55556, 14.44445, 0.88889, 13.77778], "texture": "#2" },
				"down": { "uv": [12.66667, 2.22222, 12, 2.88889], "texture": "#2" }
			}
		},
		{
			"from": [7.25, -8.5, 7.25],
			"to": [8.75, -7.75, 8.75],
			"rotation": { "angle": 0, "axis": "y", "origin": [8, -6.5, 8] },
			"faces": {
				"north": { "uv": [12.44444, 12.88889, 13.11111, 13.22222], "texture": "#2" },
				"east": { "uv": [0, 15.11111, 0.66667, 15.44445], "texture": "#2" },
				"south": { "uv": [0.88889, 15.11111, 1.55556, 15.44445], "texture": "#2" },
				"west": { "uv": [13.33333, 0.88889, 14, 1.22222], "texture": "#2" },
				"up": { "uv": [1.55556, 14.44445, 0.88889, 13.77778], "texture": "#2" },
				"down": { "uv": [12.66667, 2.22222, 12, 2.88889], "texture": "#2" }
			}
		},
		{
			"from": [7.25, -7.5, 7.25],
			"to": [8.75, -5.5, 8.75],
			"rotation": { "angle": 0, "axis": "y", "origin": [8, -6.5, 8] },
			"faces": {
				"north": { "uv": [13.33333, 5.77778, 14, 6.66667], "texture": "#2" },
				"east": { "uv": [13.33333, 5.77778, 14, 6.66667], "texture": "#2" },
				"south": { "uv": [13.33333, 5.77778, 14, 6.66667], "texture": "#2" },
				"west": { "uv": [13.33333, 5.77778, 14, 6.66667], "texture": "#2" },
				"up": { "uv": [12.22222, 10.88889, 11.55556, 10.22222], "texture": "#2" },
				"down": { "uv": [12.22222, 11.11111, 11.55556, 11.77778], "texture": "#2" }
			}
		},
		{
			"from": [7.25, -5.25, 7.25],
			"to": [8.75, -4.5, 8.75],
			"rotation": { "angle": 0, "axis": "y", "origin": [8, -6.5, 8] },
			"faces": {
				"north": { "uv": [12.88889, 8.44444, 13.55556, 8.77778], "texture": "#2" },
				"east": { "uv": [12.88889, 8.88889, 13.55556, 9.22222], "texture": "#2" },
				"south": { "uv": [10.66667, 12.88889, 11.33333, 13.22222], "texture": "#2" },
				"west": { "uv": [11.55556, 12.88889, 12.22222, 13.22222], "texture": "#2" },
				"up": { "uv": [0.66667, 14.44445, 0, 13.77778], "texture": "#2" },
				"down": { "uv": [12.66667, 0, 12, 0.66667], "texture": "#2" }
			}
		},
		{
			"from": [9, 4.5, 7.75],
			"to": [14, 9.5, 7.75],
			"rotation": { "angle": 22.5, "axis": "z", "origin": [11.5, 7, 8] },
			"faces": {
				"north": { "uv": [0, 16, 16, 0], "texture": "#3" },
				"east": { "uv": [0, 5.33333, 0, 0], "texture": "#3" },
				"south": { "uv": [16, 16, 0, 0], "texture": "#3" },
				"west": { "uv": [0, 5.33333, 0, 0], "texture": "#3" },
				"up": { "uv": [9.77778, 0, 0, 0], "texture": "#3" },
				"down": { "uv": [9.77778, 0, 0, 0], "texture": "#3" }
			}
		},
		{
			"from": [2, 4.5, 7.75],
			"to": [7, 9.5, 7.75],
			"rotation": { "angle": -22.5, "axis": "z", "origin": [4.5, 7, 8] },
			"faces": {
				"north": { "uv": [16, 16, 0, 0], "texture": "#3" },
				"east": { "uv": [0, 5.33333, 0, 0], "texture": "#3" },
				"south": { "uv": [0, 16, 16, 0], "texture": "#3" },
				"west": { "uv": [0, 5.33333, 0, 0], "texture": "#3" },
				"up": { "uv": [0, 0, 9.77778, 0], "texture": "#3" },
				"down": { "uv": [0, 0, 9.77778, 0], "texture": "#3" }
			}
		},
		{
			"from": [8.5, -14, 8],
			"to": [13.5, -9, 8],
			"rotation": { "angle": 0, "axis": "y", "origin": [11, -11.5, 8] },
			"faces": {
				"north": { "uv": [0, 16, 16, 0], "rotation": 90, "texture": "#1" },
				"east": { "uv": [9.77778, 0, 0, 0], "rotation": 270, "texture": "#1" },
				"south": { "uv": [16, 16, 0, 0], "rotation": 270, "texture": "#1" },
				"west": { "uv": [9.77778, 0, 0, 0], "rotation": 270, "texture": "#1" },
				"up": { "uv": [0, 5.33333, 0, 0], "rotation": 270, "texture": "#1" },
				"down": { "uv": [0, 5.33333, 0, 0], "rotation": 270, "texture": "#1" }
			}
		},
		{
			"from": [2.5, -14, 8],
			"to": [7.5, -9, 8],
			"rotation": { "angle": 0, "axis": "y", "origin": [5, -11.5, 8] },
			"faces": {
				"north": { "uv": [0, 0, 16, 16], "rotation": 90, "texture": "#1" },
				"east": { "uv": [9.77778, 0, 0, 0], "rotation": 270, "texture": "#1" },
				"south": { "uv": [16, 0, 0, 16], "rotation": 270, "texture": "#1" },
				"west": { "uv": [9.77778, 0, 0, 0], "rotation": 270, "texture": "#1" },
				"up": { "uv": [0, 0, 0, 5.33333], "rotation": 270, "texture": "#1" },
				"down": { "uv": [0, 0, 0, 5.33333], "rotation": 270, "texture": "#1" }
			}
		},
		{
			"from": [9, 4.5, 8.25],
			"to": [14, 9.5, 8.25],
			"rotation": { "angle": 22.5, "axis": "z", "origin": [11.5, 7, 8] },
			"faces": {
				"north": { "uv": [0, 16, 16, 0], "texture": "#3" },
				"east": { "uv": [0, 5.33333, 0, 0], "texture": "#3" },
				"south": { "uv": [16, 16, 0, 0], "texture": "#3" },
				"west": { "uv": [0, 5.33333, 0, 0], "texture": "#3" },
				"up": { "uv": [9.77778, 0, 0, 0], "texture": "#3" },
				"down": { "uv": [9.77778, 0, 0, 0], "texture": "#3" }
			}
		},
		{
			"from": [3.97128, 12.93832, 7.2],
			"to": [5.57128, 14.53832, 8.8],
			"rotation": { "angle": 22.5, "axis": "z", "origin": [5.19848, 12.87971, 8] },
			"faces": {
				"north": { "uv": [11.33333, 9.33333, 10.66667, 10], "rotation": 270, "texture": "#2" },
				"east": { "uv": [10.66667, 11.77778, 11.33333, 11.11111], "rotation": 90, "texture": "#2" },
				"south": { "uv": [6.88889, 12.88889, 6.22222, 13.55556], "rotation": 90, "texture": "#2" },
				"west": { "uv": [11.55556, 1.33333, 12.22222, 2], "rotation": 90, "texture": "#2" },
				"up": { "uv": [11.33333, 10.22222, 10.66667, 10.88889], "rotation": 90, "texture": "#2" },
				"down": { "uv": [7.77778, 12.88889, 7.11111, 13.55556], "rotation": 90, "texture": "#2" }
			}
		},
		{
			"from": [3.64927, 13.58477, 7.4],
			"to": [4.84927, 15.18477, 8.6],
			"rotation": { "angle": -22.5, "axis": "z", "origin": [5.19848, 12.87971, 8] },
			"faces": {
				"north": { "uv": [3.22222, 14.22222, 2.66667, 14.88889], "texture": "#2" },
				"east": { "uv": [13, 4, 12.44444, 4.66667], "texture": "#2" },
				"south": { "uv": [4.11111, 14.22222, 3.55556, 14.88889], "texture": "#2" },
				"west": { "uv": [13, 3.11111, 12.44444, 3.77778], "texture": "#2" },
				"up": { "uv": [12.44444, 9.88889, 13, 9.33333], "texture": "#2" },
				"down": { "uv": [12.44444, 10.22222, 13, 10.77778], "texture": "#2" }
			}
		},
		{
			"from": [3.56443, 7.30141, 7.2],
			"to": [5.16443, 8.90141, 8.8],
			"rotation": { "angle": -22.5, "axis": "z", "origin": [4.72173, 6.729, 8] },
			"faces": {
				"north": { "uv": [2.88889, 13.33334, 2.22222, 14], "texture": "#2" },
				"east": { "uv": [4.66667, 13.33334, 4, 14], "texture": "#2" },
				"south": { "uv": [12.22222, 3.55556, 11.55556, 4.22222], "texture": "#2" },
				"west": { "uv": [3.77778, 13.33334, 3.11111, 14], "texture": "#2" },
				"up": { "uv": [11.55556, 5.11111, 12.22222, 4.44444], "texture": "#2" },
				"down": { "uv": [4.88889, 13.33334, 5.55556, 14], "texture": "#2" }
			}
		},
		{
			"from": [4.66512, 5.7797, 7.56],
			"to": [5.54512, 7.5397, 8.44],
			"rotation": { "angle": 0, "axis": "z", "origin": [4.72173, 6.729, 8] },
			"faces": {
				"north": { "uv": [8, 13.77778, 7.55556, 14.55556], "texture": "#2" },
				"east": { "uv": [8.44444, 14.22222, 8, 15], "texture": "#2" },
				"south": { "uv": [12.88889, 7.55556, 12.44444, 8.33333], "texture": "#2" },
				"west": { "uv": [5.77778, 14.22222, 5.33333, 15], "texture": "#2" },
				"up": { "uv": [12, 1.33333, 12.44444, 0.88889], "texture": "#2" },
				"down": { "uv": [1.77778, 13.77778, 2.22222, 14.22222], "texture": "#2" }
			}
		},
		{
			"from": [6.44111, -13.95806, 7.64],
			"to": [7.08111, -11.95806, 8.36],
			"rotation": { "angle": -22.5, "axis": "z", "origin": [6.76111, -12.95806, 8] },
			"faces": {
				"north": { "uv": [7, 14.66667, 6.66667, 15.55556], "texture": "#2" },
				"east": { "uv": [13.22222, 7.55556, 12.88889, 8.44444], "texture": "#2" },
				"south": { "uv": [7.88889, 14.66667, 7.55556, 15.55556], "texture": "#2" },
				"west": { "uv": [7.44444, 14.66667, 7.11111, 15.55556], "texture": "#2" },
				"up": { "uv": [5.33333, 15.44445, 5.66667, 15.11111], "texture": "#2" },
				"down": { "uv": [13.33333, 5.33333, 13.66667, 5.66667], "texture": "#2" }
			}
		},
		{
			"from": [4.01111, -11.77806, 7.64],
			"to": [6.01111, -11.13806, 8.36],
			"rotation": { "angle": 22.5, "axis": "z", "origin": [5.01111, -11.45806, 8] },
			"faces": {
				"north": { "uv": [6.66667, 15.55556, 7, 14.66667], "rotation": 90, "texture": "#2" },
				"east": { "uv": [5.66667, 15.11111, 5.33333, 15.44445], "rotation": 270, "texture": "#2" },
				"south": { "uv": [7.55556, 15.55556, 7.88889, 14.66667], "rotation": 270, "texture": "#2" },
				"west": { "uv": [13.66667, 5.66667, 13.33333, 5.33333], "rotation": 270, "texture": "#2" },
				"up": { "uv": [7.11111, 15.55556, 7.44444, 14.66667], "rotation": 270, "texture": "#2" },
				"down": { "uv": [12.88889, 8.44444, 13.22222, 7.55556], "rotation": 270, "texture": "#2" }
			}
		},
		{
			"from": [5.25703, 4.59779, 7.64],
			"to": [5.89703, 6.59779, 8.36],
			"rotation": { "angle": -45, "axis": "z", "origin": [4.72173, 6.729, 8] },
			"faces": {
				"north": { "uv": [6.66667, 15.55556, 7, 14.66667], "rotation": 180, "texture": "#2" },
				"east": { "uv": [12.88889, 8.44444, 13.22222, 7.55556], "rotation": 180, "texture": "#2" },
				"south": { "uv": [7.55556, 15.55556, 7.88889, 14.66667], "rotation": 180, "texture": "#2" },
				"west": { "uv": [7.11111, 15.55556, 7.44444, 14.66667], "rotation": 180, "texture": "#2" },
				"up": { "uv": [5.66667, 15.11111, 5.33333, 15.44445], "rotation": 180, "texture": "#2" },
				"down": { "uv": [13.66667, 5.66667, 13.33333, 5.33333], "rotation": 180, "texture": "#2" }
			}
		},
		{
			"from": [5.66512, -11.2203, 7.56],
			"to": [6.54512, -9.4603, 8.44],
			"rotation": { "angle": -22.5, "axis": "z", "origin": [5.81587, -10.271, 8] },
			"faces": {
				"north": { "uv": [8.88889, 14.22222, 8.44444, 15], "texture": "#2" },
				"east": { "uv": [9.77778, 14.22222, 9.33333, 15], "texture": "#2" },
				"south": { "uv": [9.33333, 14.22222, 8.88889, 15], "texture": "#2" },
				"west": { "uv": [12.88889, 8.44444, 12.44444, 9.22222], "texture": "#2" },
				"up": { "uv": [1.77778, 15.55556, 2.22222, 15.11111], "texture": "#2" },
				"down": { "uv": [13.33333, 1.77778, 13.77778, 2.22222], "texture": "#2" }
			}
		},
		{
			"from": [4.5716, -9.73463, 7.2],
			"to": [6.1716, -8.13463, 8.8],
			"rotation": { "angle": -45, "axis": "z", "origin": [5.81587, -10.271, 8] },
			"faces": {
				"north": { "uv": [6.44444, 13.77778, 5.77778, 14.44445], "texture": "#2" },
				"east": { "uv": [12.22222, 12, 11.55556, 12.66667], "texture": "#2" },
				"south": { "uv": [11.33333, 12, 10.66667, 12.66667], "texture": "#2" },
				"west": { "uv": [7.33333, 13.77778, 6.66667, 14.44445], "texture": "#2" },
				"up": { "uv": [12.44444, 1.55556, 13.11111, 0.88889], "texture": "#2" },
				"down": { "uv": [1.77778, 14.22222, 2.44444, 14.88889], "texture": "#2" }
			}
		},
		{
			"from": [5.34768, 10.57465, 7.2],
			"to": [6.94768, 12.17465, 8.8],
			"rotation": { "angle": -22.5, "axis": "z", "origin": [5.19848, 12.87971, 8] },
			"faces": {
				"north": { "uv": [12.22222, 5.33333, 11.55556, 6], "texture": "#2" },
				"east": { "uv": [12.22222, 8.44444, 11.55556, 9.11111], "texture": "#2" },
				"south": { "uv": [8.66667, 13.33334, 8, 14], "texture": "#2" },
				"west": { "uv": [12.22222, 7.55556, 11.55556, 8.22222], "texture": "#2" },
				"up": { "uv": [8.88889, 14, 9.55556, 13.33334], "texture": "#2" },
				"down": { "uv": [11.55556, 9.33333, 12.22222, 10], "texture": "#2" }
			}
		},
		{
			"from": [4.16542, 11.54428, 7.4],
			"to": [5.36542, 13.14428, 8.6],
			"rotation": { "angle": 22.5, "axis": "z", "origin": [5.19848, 12.87971, 8] },
			"faces": {
				"north": { "uv": [5.11111, 14.22222, 4.44444, 14.77778], "rotation": 270, "texture": "#2" },
				"east": { "uv": [12.44444, 6.33333, 13.11111, 5.77778], "rotation": 90, "texture": "#2" },
				"south": { "uv": [13.11111, 4.88889, 12.44444, 5.44444], "rotation": 90, "texture": "#2" },
				"west": { "uv": [12.44444, 6.66667, 13.11111, 7.22222], "rotation": 90, "texture": "#2" },
				"up": { "uv": [13, 11.11111, 12.44444, 11.66667], "rotation": 90, "texture": "#2" },
				"down": { "uv": [13, 12, 12.44444, 12.55556], "rotation": 90, "texture": "#2" }
			}
		},
		{
			"from": [10.42872, 12.93832, 7.2],
			"to": [12.02872, 14.53832, 8.8],
			"rotation": { "angle": -22.5, "axis": "z", "origin": [10.80152, 12.87971, 8] },
			"faces": {
				"north": { "uv": [10.66667, 9.33333, 11.33333, 10], "rotation": 90, "texture": "#2" },
				"east": { "uv": [12.22222, 1.33333, 11.55556, 2], "rotation": 270, "texture": "#2" },
				"south": { "uv": [6.22222, 12.88889, 6.88889, 13.55556], "rotation": 270, "texture": "#2" },
				"west": { "uv": [11.33333, 11.77778, 10.66667, 11.11111], "rotation": 270, "texture": "#2" },
				"up": { "uv": [10.66667, 10.22222, 11.33333, 10.88889], "rotation": 270, "texture": "#2" },
				"down": { "uv": [7.11111, 12.88889, 7.77778, 13.55556], "rotation": 270, "texture": "#2" }
			}
		},
		{
			"from": [11.15073, 13.58477, 7.4],
			"to": [12.35073, 15.18477, 8.6],
			"rotation": { "angle": 22.5, "axis": "z", "origin": [10.80152, 12.87971, 8] },
			"faces": {
				"north": { "uv": [2.66667, 14.22222, 3.22222, 14.88889], "texture": "#2" },
				"east": { "uv": [12.44444, 3.11111, 13, 3.77778], "texture": "#2" },
				"south": { "uv": [3.55556, 14.22222, 4.11111, 14.88889], "texture": "#2" },
				"west": { "uv": [12.44444, 4, 13, 4.66667], "texture": "#2" },
				"up": { "uv": [13, 9.88889, 12.44444, 9.33333], "texture": "#2" },
				"down": { "uv": [13, 10.22222, 12.44444, 10.77778], "texture": "#2" }
			}
		},
		{
			"from": [10.83557, 7.30141, 7.2],
			"to": [12.43557, 8.90141, 8.8],
			"rotation": { "angle": 22.5, "axis": "z", "origin": [11.27827, 6.729, 8] },
			"faces": {
				"north": { "uv": [2.22222, 13.33334, 2.88889, 14], "texture": "#2" },
				"east": { "uv": [3.11111, 13.33334, 3.77778, 14], "texture": "#2" },
				"south": { "uv": [11.55556, 3.55556, 12.22222, 4.22222], "texture": "#2" },
				"west": { "uv": [4, 13.33334, 4.66667, 14], "texture": "#2" },
				"up": { "uv": [12.22222, 5.11111, 11.55556, 4.44444], "texture": "#2" },
				"down": { "uv": [5.55556, 13.33334, 4.88889, 14], "texture": "#2" }
			}
		},
		{
			"from": [10.45488, 5.7797, 7.56],
			"to": [11.33488, 7.5397, 8.44],
			"rotation": { "angle": 0, "axis": "z", "origin": [11.27827, 6.729, 8] },
			"faces": {
				"north": { "uv": [7.55556, 13.77778, 8, 14.55556], "texture": "#2" },
				"east": { "uv": [5.33333, 14.22222, 5.77778, 15], "texture": "#2" },
				"south": { "uv": [12.44444, 7.55556, 12.88889, 8.33333], "texture": "#2" },
				"west": { "uv": [8, 14.22222, 8.44444, 15], "texture": "#2" },
				"up": { "uv": [12.44444, 1.33333, 12, 0.88889], "texture": "#2" },
				"down": { "uv": [2.22222, 13.77778, 1.77778, 14.22222], "texture": "#2" }
			}
		},
		{
			"from": [8.91889, -13.95806, 7.64],
			"to": [9.55889, -11.95806, 8.36],
			"rotation": { "angle": 22.5, "axis": "z", "origin": [9.23889, -12.95806, 8] },
			"faces": {
				"north": { "uv": [6.66667, 14.66667, 7, 15.55556], "texture": "#2" },
				"east": { "uv": [7.11111, 14.66667, 7.44444, 15.55556], "texture": "#2" },
				"south": { "uv": [7.55556, 14.66667, 7.88889, 15.55556], "texture": "#2" },
				"west": { "uv": [12.88889, 7.55556, 13.22222, 8.44444], "texture": "#2" },
				"up": { "uv": [5.66667, 15.44445, 5.33333, 15.11111], "texture": "#2" },
				"down": { "uv": [13.66667, 5.33333, 13.33333, 5.66667], "texture": "#2" }
			}
		},
		{
			"from": [9.98889, -11.77806, 7.64],
			"to": [11.98889, -11.13806, 8.36],
			"rotation": { "angle": -22.5, "axis": "z", "origin": [10.98889, -11.45806, 8] },
			"faces": {
				"north": { "uv": [6.66667, 14.66667, 7, 15.55556], "rotation": 90, "texture": "#2" },
				"east": { "uv": [13.66667, 5.33333, 13.33333, 5.66667], "rotation": 270, "texture": "#2" },
				"south": { "uv": [7.55556, 14.66667, 7.88889, 15.55556], "rotation": 270, "texture": "#2" },
				"west": { "uv": [5.66667, 15.44445, 5.33333, 15.11111], "rotation": 270, "texture": "#2" },
				"up": { "uv": [7.11111, 14.66667, 7.44444, 15.55556], "rotation": 270, "texture": "#2" },
				"down": { "uv": [12.88889, 7.55556, 13.22222, 8.44444], "rotation": 270, "texture": "#2" }
			}
		},
		{
			"from": [11.40948, 5.5537, 7.64],
			"to": [13.40948, 6.1937, 8.36],
			"rotation": { "angle": -45, "axis": "z", "origin": [11.27827, 6.729, 8] },
			"faces": {
				"north": { "uv": [6.66667, 14.66667, 7, 15.55556], "rotation": 90, "texture": "#2" },
				"east": { "uv": [13.66667, 5.33333, 13.33333, 5.66667], "rotation": 270, "texture": "#2" },
				"south": { "uv": [7.55556, 14.66667, 7.88889, 15.55556], "rotation": 270, "texture": "#2" },
				"west": { "uv": [5.66667, 15.44445, 5.33333, 15.11111], "rotation": 270, "texture": "#2" },
				"up": { "uv": [7.11111, 14.66667, 7.44444, 15.55556], "rotation": 270, "texture": "#2" },
				"down": { "uv": [12.88889, 7.55556, 13.22222, 8.44444], "rotation": 270, "texture": "#2" }
			}
		},
		{
			"from": [9.45488, -11.2203, 7.56],
			"to": [10.33488, -9.4603, 8.44],
			"rotation": { "angle": 22.5, "axis": "z", "origin": [10.18413, -10.271, 8] },
			"faces": {
				"north": { "uv": [8.44444, 14.22222, 8.88889, 15], "texture": "#2" },
				"east": { "uv": [12.44444, 8.44444, 12.88889, 9.22222], "texture": "#2" },
				"south": { "uv": [8.88889, 14.22222, 9.33333, 15], "texture": "#2" },
				"west": { "uv": [9.33333, 14.22222, 9.77778, 15], "texture": "#2" },
				"up": { "uv": [2.22222, 15.55556, 1.77778, 15.11111], "texture": "#2" },
				"down": { "uv": [13.77778, 1.77778, 13.33333, 2.22222], "texture": "#2" }
			}
		},
		{
			"from": [9.8284, -9.73463, 7.2],
			"to": [11.4284, -8.13463, 8.8],
			"rotation": { "angle": 45, "axis": "z", "origin": [10.18413, -10.271, 8] },
			"faces": {
				"north": { "uv": [5.77778, 13.77778, 6.44444, 14.44445], "texture": "#2" },
				"east": { "uv": [6.66667, 13.77778, 7.33333, 14.44445], "texture": "#2" },
				"south": { "uv": [10.66667, 12, 11.33333, 12.66667], "texture": "#2" },
				"west": { "uv": [11.55556, 12, 12.22222, 12.66667], "texture": "#2" },
				"up": { "uv": [13.11111, 1.55556, 12.44444, 0.88889], "texture": "#2" },
				"down": { "uv": [2.44444, 14.22222, 1.77778, 14.88889], "texture": "#2" }
			}
		},
		{
			"from": [9.05232, 10.57465, 7.2],
			"to": [10.65232, 12.17465, 8.8],
			"rotation": { "angle": 22.5, "axis": "z", "origin": [10.80152, 12.87971, 8] },
			"faces": {
				"north": { "uv": [11.55556, 5.33333, 12.22222, 6], "texture": "#2" },
				"east": { "uv": [11.55556, 7.55556, 12.22222, 8.22222], "texture": "#2" },
				"south": { "uv": [8, 13.33334, 8.66667, 14], "texture": "#2" },
				"west": { "uv": [11.55556, 8.44444, 12.22222, 9.11111], "texture": "#2" },
				"up": { "uv": [9.55556, 14, 8.88889, 13.33334], "texture": "#2" },
				"down": { "uv": [12.22222, 9.33333, 11.55556, 10], "texture": "#2" }
			}
		},
		{
			"from": [10.63458, 11.54428, 7.4],
			"to": [11.83458, 13.14428, 8.6],
			"rotation": { "angle": -22.5, "axis": "z", "origin": [10.80152, 12.87971, 8] },
			"faces": {
				"north": { "uv": [4.44444, 14.22222, 5.11111, 14.77778], "rotation": 90, "texture": "#2" },
				"east": { "uv": [13.11111, 6.66667, 12.44444, 7.22222], "rotation": 270, "texture": "#2" },
				"south": { "uv": [12.44444, 4.88889, 13.11111, 5.44444], "rotation": 270, "texture": "#2" },
				"west": { "uv": [13.11111, 6.33333, 12.44444, 5.77778], "rotation": 270, "texture": "#2" },
				"up": { "uv": [12.44444, 11.11111, 13, 11.66667], "rotation": 270, "texture": "#2" },
				"down": { "uv": [12.44444, 12, 13, 12.55556], "rotation": 270, "texture": "#2" }
			}
		}
	],
	"gui_light": "front",
	"display": {
		"thirdperson_righthand": { "rotation": [0, 90.5, 0], "translation": [0, 6, 2.5], "scale": [0.8, 0.8, 0.8] },
		"thirdperson_lefthand": { "rotation": [0, 90.5, 0], "translation": [0, 6, 2.5], "scale": [0.8, 0.8, 0.8] },
		"firstperson_righthand": {
			"rotation": [-19.76, 90.5, -0.46],
			"translation": [6.75, 2.75, -6.25],
			"scale": [1.08711, 1.08711, 1.08711]
		},
		"firstperson_lefthand": {
			"rotation": [-19.76, 90.5, -0.46],
			"translation": [6.75, 2.75, -6.25],
			"scale": [1.08711, 1.08711, 1.08711]
		},
		"ground": { "rotation": [0, 0, -26], "translation": [0, 9, 0], "scale": [0.6, 0.6, 0.6] },
		"gui": { "rotation": [0, 0, 45.25], "translation": [-2, 2, -3.25], "scale": [0.53125, 0.53125, 0.53125] },
		"head": { "scale": [0, 0, 0] },
		"fixed": { "translation": [0.25, 8, -2.5], "scale": [1.55078, 1.55078, 1.55078] }
	},
	"groups": [
		{
			"name": "shovel",
			"origin": [8, 8, 8],
			"color": 0,
			"boneType": "",
			"children": [
				0,
				1,
				2,
				3,
				4,
				5,
				6,
				7,
				8,
				9,
				10,
				11,
				12,
				13,
				14,
				15,
				{
					"name": "group",
					"origin": [15.313, 13.33842, 8],
					"color": 0,
					"boneType": "",
					"children": [16, 17, 18, 19, 20, 21, 22, 23, 24, 25, 26]
				},
				{
					"name": "group",
					"origin": [15.313, 13.33842, 8],
					"color": 0,
					"boneType": "",
					"children": [27, 28, 29, 30, 31, 32, 33, 34, 35, 36, 37]
				}
			]
		}
	]
}
