{
	"credit": "MadewithBlockbench",
	"texture_size": [52, 52],
	"textures": {
		"1": "abyss_pack:item/abyss/abyss_sword",
		"2": "abyss_pack:item/abyss/abyss_eff_01",
		"3": "abyss_pack:item/abyss/abyss_eff_02",
		"particle": "abyss_pack:item/abyss/abyss_eff_01"
	},
	"elements": [
		{
			"from": [8, -12.90357, -3.03949],
			"to": [8, -8.90357, 0.96051],
			"rotation": { "angle": -22.5, "axis": "x", "origin": [8, 7, 8] },
			"faces": {
				"north": { "uv": [3.00855, 0, 0, 0], "rotation": 270, "texture": "#2" },
				"east": { "uv": [0, 0, 16, 16], "rotation": 90, "texture": "#2" },
				"south": { "uv": [3.00855, 0, 0, 0], "rotation": 270, "texture": "#2" },
				"west": { "uv": [16, 0, 0, 16], "rotation": 270, "texture": "#2" },
				"up": { "uv": [0, 0, 0, 1.64102], "texture": "#2" },
				"down": { "uv": [0, 0, 0, 1.64102], "rotation": 180, "texture": "#2" }
			}
		},
		{
			"from": [7.28, 0.64021, 12.19585],
			"to": [8.72, 2.80021, 14.35585],
			"rotation": { "angle": 45, "axis": "x", "origin": [8, 7, 8] },
			"faces": {
				"north": { "uv": [11.69231, 0.92308, 12.15385, 1.61538], "texture": "#1" },
				"east": { "uv": [8.61538, 11.38462, 9.30769, 12.07692], "texture": "#1" },
				"south": { "uv": [11.69231, 0, 12.15385, 0.69231], "texture": "#1" },
				"west": { "uv": [9.53846, 11.38462, 10.23077, 12.07692], "texture": "#1" },
				"up": { "uv": [12.38462, 2.30769, 11.69231, 1.84615], "rotation": 90, "texture": "#1" },
				"down": { "uv": [12.38462, 2.46154, 11.69231, 2.92308], "rotation": 270, "texture": "#1" }
			}
		},
		{
			"from": [7.28, -6.54655, 19.8326],
			"to": [8.72, -4.83655, 21.5426],
			"rotation": { "angle": 45, "axis": "x", "origin": [8, 7, 8] },
			"faces": {
				"north": { "uv": [12, 3.69231, 12.46154, 4.23077], "texture": "#1" },
				"east": { "uv": [11.69231, 9.23077, 12.23077, 9.76923], "texture": "#1" },
				"south": { "uv": [12, 3.07692, 12.46154, 3.61538], "texture": "#1" },
				"west": { "uv": [11.69231, 9.84615, 12.23077, 10.38462], "texture": "#1" },
				"up": { "uv": [12.53846, 4.76923, 12, 4.30769], "rotation": 90, "texture": "#1" },
				"down": { "uv": [12.53846, 4.92308, 12, 5.38462], "rotation": 270, "texture": "#1" }
			}
		},
		{
			"from": [7.325, -3.11897, 7.325],
			"to": [8.675, -2.08397, 8.675],
			"rotation": { "angle": 0, "axis": "z", "origin": [8, 7, 8] },
			"faces": {
				"north": { "uv": [13.53846, 11.38462, 13.92308, 11.69231], "texture": "#1" },
				"east": { "uv": [13.53846, 10.76923, 13.92308, 11.07692], "texture": "#1" },
				"south": { "uv": [11.07692, 13.53846, 11.46154, 13.84615], "texture": "#1" },
				"west": { "uv": [13.53846, 11.07692, 13.92308, 11.38462], "texture": "#1" },
				"up": { "uv": [6.53846, 13.30769, 6.15385, 12.92308], "rotation": 90, "texture": "#1" },
				"down": { "uv": [13.30769, 8.61538, 12.92308, 9], "rotation": 270, "texture": "#1" }
			}
		},
		{
			"from": [7.325, -1.90397, 7.325],
			"to": [8.675, -1.40897, 8.675],
			"rotation": { "angle": 0, "axis": "z", "origin": [8, 7, 8] },
			"faces": {
				"north": { "uv": [14.46154, 0, 14.84615, 0.15385], "texture": "#1" },
				"east": { "uv": [14.15385, 13.53846, 14.53846, 13.69231], "texture": "#1" },
				"south": { "uv": [14.15385, 13.84615, 14.53846, 14], "texture": "#1" },
				"west": { "uv": [14.15385, 14.15385, 14.53846, 14.30769], "texture": "#1" },
				"up": { "uv": [10.53846, 13.30769, 10.15385, 12.92308], "rotation": 90, "texture": "#1" },
				"down": { "uv": [13.30769, 10.46154, 12.92308, 10.84615], "rotation": 270, "texture": "#1" }
			}
		},
		{
			"from": [7.325, -3.80397, 7.325],
			"to": [8.675, -3.30897, 8.675],
			"rotation": { "angle": 0, "axis": "z", "origin": [8, 7, 8] },
			"faces": {
				"north": { "uv": [14.15385, 13.84615, 14.53846, 14], "rotation": 180, "texture": "#1" },
				"east": { "uv": [14.15385, 13.53846, 14.53846, 13.69231], "rotation": 180, "texture": "#1" },
				"south": { "uv": [14.46154, 0, 14.84615, 0.15385], "rotation": 180, "texture": "#1" },
				"west": { "uv": [14.15385, 14.15385, 14.53846, 14.30769], "rotation": 180, "texture": "#1" },
				"up": { "uv": [13.30769, 10.46154, 12.92308, 10.84615], "rotation": 270, "texture": "#1" },
				"down": { "uv": [10.53846, 13.30769, 10.15385, 12.92308], "rotation": 90, "texture": "#1" }
			}
		},
		{
			"from": [7.325, -10.10397, 7.325],
			"to": [8.675, -9.60897, 8.675],
			"rotation": { "angle": 0, "axis": "z", "origin": [8, 7, 8] },
			"faces": {
				"north": { "uv": [14.15385, 13.84615, 14.53846, 14], "rotation": 180, "texture": "#1" },
				"east": { "uv": [14.15385, 13.53846, 14.53846, 13.69231], "rotation": 180, "texture": "#1" },
				"south": { "uv": [14.46154, 0, 14.84615, 0.15385], "rotation": 180, "texture": "#1" },
				"west": { "uv": [14.15385, 14.15385, 14.53846, 14.30769], "rotation": 180, "texture": "#1" },
				"up": { "uv": [13.30769, 10.46154, 12.92308, 10.84615], "rotation": 270, "texture": "#1" },
				"down": { "uv": [10.53846, 13.30769, 10.15385, 12.92308], "rotation": 90, "texture": "#1" }
			}
		},
		{
			"from": [7.325, -9.41897, 7.325],
			"to": [8.675, -8.38397, 8.675],
			"rotation": { "angle": 0, "axis": "z", "origin": [8, 7, 8] },
			"faces": {
				"north": { "uv": [13.53846, 11.38462, 13.92308, 11.69231], "texture": "#1" },
				"east": { "uv": [13.53846, 10.76923, 13.92308, 11.07692], "texture": "#1" },
				"south": { "uv": [11.07692, 13.53846, 11.46154, 13.84615], "texture": "#1" },
				"west": { "uv": [13.53846, 11.07692, 13.92308, 11.38462], "texture": "#1" },
				"up": { "uv": [6.53846, 13.30769, 6.15385, 12.92308], "rotation": 90, "texture": "#1" },
				"down": { "uv": [13.30769, 8.61538, 12.92308, 9], "rotation": 270, "texture": "#1" }
			}
		},
		{
			"from": [7.325, -8.20397, 7.325],
			"to": [8.675, -7.70897, 8.675],
			"rotation": { "angle": 0, "axis": "z", "origin": [8, 7, 8] },
			"faces": {
				"north": { "uv": [14.46154, 0, 14.84615, 0.15385], "texture": "#1" },
				"east": { "uv": [14.15385, 13.53846, 14.53846, 13.69231], "texture": "#1" },
				"south": { "uv": [14.15385, 13.84615, 14.53846, 14], "texture": "#1" },
				"west": { "uv": [14.15385, 14.15385, 14.53846, 14.30769], "texture": "#1" },
				"up": { "uv": [10.53846, 13.30769, 10.15385, 12.92308], "rotation": 90, "texture": "#1" },
				"down": { "uv": [13.30769, 10.46154, 12.92308, 10.84615], "rotation": 270, "texture": "#1" }
			}
		},
		{
			"from": [7.55, -9.64397, 7.55],
			"to": [8.45, -1.54397, 8.45],
			"rotation": { "angle": 0, "axis": "z", "origin": [8, 7, 8] },
			"faces": {
				"north": { "uv": [8.30769, 11.38462, 8.61538, 13.84615], "texture": "#1" },
				"east": { "uv": [7.38462, 11.38462, 7.69231, 13.84615], "texture": "#1" },
				"south": { "uv": [7.69231, 11.38462, 8, 13.84615], "texture": "#1" },
				"west": { "uv": [8, 11.38462, 8.30769, 13.84615], "texture": "#1" },
				"up": { "uv": [12.61538, 12.30769, 12.30769, 12], "rotation": 90, "texture": "#1" },
				"down": { "uv": [12.92308, 9.84615, 12.61538, 10.15385], "rotation": 270, "texture": "#1" }
			}
		},
		{
			"from": [7.64, 23.43103, 7.1],
			"to": [8.36, 26.18838, 8.9],
			"rotation": { "angle": 0, "axis": "z", "origin": [8, 7, 8] },
			"faces": {
				"north": { "uv": [12, 7.69231, 12.23077, 8.53846], "texture": "#1" },
				"east": { "uv": [10.46154, 11.38462, 11, 12.23077], "texture": "#1" },
				"south": { "uv": [12, 6.76923, 12.23077, 7.61538], "texture": "#1" },
				"west": { "uv": [11.07692, 11.38462, 11.61538, 12.23077], "texture": "#1" },
				"up": { "uv": [11, 13.76923, 10.46154, 13.53846], "rotation": 90, "texture": "#1" },
				"down": { "uv": [14.07692, 10.46154, 13.53846, 10.69231], "rotation": 270, "texture": "#1" }
			}
		},
		{
			"from": [7.64, 26.13103, 7.55],
			"to": [8.36, 28.88838, 8.45],
			"rotation": { "angle": 0, "axis": "z", "origin": [8, 7, 8] },
			"faces": {
				"north": { "uv": [12, 11.38462, 12.23077, 12.23077], "texture": "#1" },
				"east": { "uv": [11.69231, 10.46154, 12, 11.30769], "texture": "#1" },
				"south": { "uv": [12, 10.46154, 12.23077, 11.30769], "texture": "#1" },
				"west": { "uv": [11.69231, 11.38462, 12, 12.23077], "texture": "#1" },
				"up": { "uv": [13.23077, 11.92308, 12.92308, 11.69231], "rotation": 90, "texture": "#1" },
				"down": { "uv": [9.53846, 13.23077, 9.23077, 13.46154], "rotation": 270, "texture": "#1" }
			}
		},
		{
			"from": [7.64, 4.53103, 6.74],
			"to": [8.36, 19.31338, 9.26],
			"rotation": { "angle": 0, "axis": "z", "origin": [8, 7, 8] },
			"faces": {
				"north": { "uv": [7.07692, 11.38462, 7.30769, 15.92308], "texture": "#1" },
				"east": { "uv": [0, 11.38462, 0.76923, 15.92308], "texture": "#1" },
				"south": { "uv": [6.76923, 11.38462, 7, 15.92308], "texture": "#1" },
				"west": { "uv": [0.92308, 11.38462, 1.69231, 15.92308], "texture": "#1" },
				"up": { "uv": [12.76923, 8.84615, 12, 8.61538], "rotation": 90, "texture": "#1" },
				"down": { "uv": [12.76923, 8.92308, 12, 9.15385], "rotation": 270, "texture": "#1" }
			}
		},
		{
			"from": [8, -4.41162, -1.26],
			"to": [8, 32, 17.26],
			"rotation": { "angle": 0, "axis": "z", "origin": [8, 7, 8] },
			"faces": {
				"north": { "uv": [0, 0, 0, 11.23077], "texture": "#1" },
				"east": { "uv": [0, 0, 5.69231, 11.23077], "texture": "#1" },
				"south": { "uv": [0, 0, 0, 11.23077], "texture": "#1" },
				"west": { "uv": [5.84615, 0, 11.53846, 11.23077], "texture": "#1" },
				"up": { "uv": [5.69231, 0, 0, 0], "rotation": 90, "texture": "#1" },
				"down": { "uv": [5.69231, 0, 0, 0], "rotation": 270, "texture": "#1" }
			}
		},
		{
			"from": [7.64, 19.25603, 6.425],
			"to": [8.36, 23.48838, 9.575],
			"rotation": { "angle": 0, "axis": "z", "origin": [8, 7, 8] },
			"faces": {
				"north": { "uv": [11.69231, 4.61538, 11.92308, 5.92308], "texture": "#1" },
				"east": { "uv": [1.84615, 11.38462, 2.84615, 12.69231], "texture": "#1" },
				"south": { "uv": [11.69231, 3.07692, 11.92308, 4.38462], "texture": "#1" },
				"west": { "uv": [3.07692, 11.38462, 4.07692, 12.69231], "texture": "#1" },
				"up": { "uv": [13, 5.76923, 12, 5.53846], "rotation": 90, "texture": "#1" },
				"down": { "uv": [13, 5.84615, 12, 6.07692], "rotation": 270, "texture": "#1" }
			}
		},
		{
			"from": [7.64, 0.25603, 6.425],
			"to": [8.36, 4.58838, 9.575],
			"rotation": { "angle": 0, "axis": "z", "origin": [8, 7, 8] },
			"faces": {
				"north": { "uv": [11.69231, 7.69231, 11.92308, 9], "texture": "#1" },
				"east": { "uv": [4.30769, 11.38462, 5.30769, 12.69231], "texture": "#1" },
				"south": { "uv": [11.69231, 6.15385, 11.92308, 7.46154], "texture": "#1" },
				"west": { "uv": [5.53846, 11.38462, 6.53846, 12.69231], "texture": "#1" },
				"up": { "uv": [13, 6.38462, 12, 6.15385], "rotation": 90, "texture": "#1" },
				"down": { "uv": [13, 6.46154, 12, 6.69231], "rotation": 270, "texture": "#1" }
			}
		},
		{
			"from": [8.25, -4.16206, 2.14124],
			"to": [8.25, 0.83794, 7.14124],
			"rotation": { "angle": -45, "axis": "x", "origin": [8, 7, 8] },
			"faces": {
				"north": { "uv": [0, 1.64102, 0, 0], "texture": "#3" },
				"east": { "uv": [0, 16, 16, 0], "texture": "#3" },
				"south": { "uv": [0, 1.64102, 0, 0], "texture": "#3" },
				"west": { "uv": [16, 16, 0, 0], "texture": "#3" },
				"up": { "uv": [3.00855, 0, 0, 0], "rotation": 90, "texture": "#3" },
				"down": { "uv": [3.00855, 0, 0, 0], "rotation": 270, "texture": "#3" }
			}
		},
		{
			"from": [8.25, 0.01992, 6.38388],
			"to": [8.25, 3.01992, 9.38388],
			"rotation": { "angle": -45, "axis": "x", "origin": [8, 7, 8] },
			"faces": {
				"north": { "uv": [3.00855, 0, 0, 0], "rotation": 270, "texture": "#3" },
				"east": { "uv": [0, 16, 16, 0], "rotation": 90, "texture": "#3" },
				"south": { "uv": [3.00855, 0, 0, 0], "rotation": 270, "texture": "#3" },
				"west": { "uv": [16, 16, 0, 0], "rotation": 270, "texture": "#3" },
				"up": { "uv": [0, 1.64102, 0, 0], "texture": "#3" },
				"down": { "uv": [0, 1.64102, 0, 0], "rotation": 180, "texture": "#3" }
			}
		},
		{
			"from": [8.25, 0.01992, 6.61612],
			"to": [8.25, 3.01992, 9.61612],
			"rotation": { "angle": 45, "axis": "x", "origin": [8, 7, 8] },
			"faces": {
				"north": { "uv": [3.00855, 0, 0, 0], "rotation": 270, "texture": "#3" },
				"east": { "uv": [0, 0, 16, 16], "rotation": 90, "texture": "#3" },
				"south": { "uv": [3.00855, 0, 0, 0], "rotation": 270, "texture": "#3" },
				"west": { "uv": [16, 0, 0, 16], "rotation": 270, "texture": "#3" },
				"up": { "uv": [0, 0, 0, 1.64102], "texture": "#3" },
				"down": { "uv": [0, 0, 0, 1.64102], "rotation": 180, "texture": "#3" }
			}
		},
		{
			"from": [8.25, -4.16206, 8.85876],
			"to": [8.25, 0.83794, 13.85876],
			"rotation": { "angle": 45, "axis": "x", "origin": [8, 7, 8] },
			"faces": {
				"north": { "uv": [0, 1.64102, 0, 0], "texture": "#3" },
				"east": { "uv": [16, 16, 0, 0], "texture": "#3" },
				"south": { "uv": [0, 1.64102, 0, 0], "texture": "#3" },
				"west": { "uv": [0, 16, 16, 0], "texture": "#3" },
				"up": { "uv": [0, 0, 3.00855, 0], "rotation": 90, "texture": "#3" },
				"down": { "uv": [0, 0, 3.00855, 0], "rotation": 270, "texture": "#3" }
			}
		},
		{
			"from": [7.75, 0.01992, 6.61612],
			"to": [7.75, 3.01992, 9.61612],
			"rotation": { "angle": 45, "axis": "x", "origin": [8, 7, 8] },
			"faces": {
				"north": { "uv": [3.00855, 0, 0, 0], "rotation": 270, "texture": "#3" },
				"east": { "uv": [16, 16, 0, 0], "rotation": 270, "texture": "#3" },
				"south": { "uv": [3.00855, 0, 0, 0], "rotation": 270, "texture": "#3" },
				"west": { "uv": [0, 16, 16, 0], "rotation": 90, "texture": "#3" },
				"up": { "uv": [0, 0, 0, 1.64102], "texture": "#3" },
				"down": { "uv": [0, 0, 0, 1.64102], "rotation": 180, "texture": "#3" }
			}
		},
		{
			"from": [7.75, -4.16206, 8.85876],
			"to": [7.75, 0.83794, 13.85876],
			"rotation": { "angle": 45, "axis": "x", "origin": [8, 7, 8] },
			"faces": {
				"north": { "uv": [0, 1.64102, 0, 0], "texture": "#3" },
				"east": { "uv": [16, 16, 0, 0], "texture": "#3" },
				"south": { "uv": [0, 1.64102, 0, 0], "texture": "#3" },
				"west": { "uv": [0, 16, 16, 0], "texture": "#3" },
				"up": { "uv": [0, 0, 3.00855, 0], "rotation": 90, "texture": "#3" },
				"down": { "uv": [0, 0, 3.00855, 0], "rotation": 270, "texture": "#3" }
			}
		},
		{
			"from": [7.75, -4.16206, 2.14124],
			"to": [7.75, 0.83794, 7.14124],
			"rotation": { "angle": -45, "axis": "x", "origin": [8, 7, 8] },
			"faces": {
				"north": { "uv": [0, 1.64102, 0, 0], "texture": "#3" },
				"east": { "uv": [0, 16, 16, 0], "texture": "#3" },
				"south": { "uv": [0, 1.64102, 0, 0], "texture": "#3" },
				"west": { "uv": [16, 16, 0, 0], "texture": "#3" },
				"up": { "uv": [3.00855, 0, 0, 0], "rotation": 90, "texture": "#3" },
				"down": { "uv": [3.00855, 0, 0, 0], "rotation": 270, "texture": "#3" }
			}
		},
		{
			"from": [7.75, 0.01992, 6.38388],
			"to": [7.75, 3.01992, 9.38388],
			"rotation": { "angle": -45, "axis": "x", "origin": [8, 7, 8] },
			"faces": {
				"north": { "uv": [3.00855, 0, 0, 0], "rotation": 270, "texture": "#3" },
				"east": { "uv": [16, 0, 0, 16], "rotation": 270, "texture": "#3" },
				"south": { "uv": [3.00855, 0, 0, 0], "rotation": 270, "texture": "#3" },
				"west": { "uv": [0, 0, 16, 16], "rotation": 90, "texture": "#3" },
				"up": { "uv": [0, 1.64102, 0, 0], "texture": "#3" },
				"down": { "uv": [0, 1.64102, 0, 0], "rotation": 180, "texture": "#3" }
			}
		},
		{
			"from": [8, -12.90357, 15.03949],
			"to": [8, -8.90357, 19.03949],
			"rotation": { "angle": 22.5, "axis": "x", "origin": [8, 7, 8] },
			"faces": {
				"north": { "uv": [3.00855, 0, 0, 0], "rotation": 270, "texture": "#2" },
				"east": { "uv": [0, 16, 16, 0], "rotation": 90, "texture": "#2" },
				"south": { "uv": [3.00855, 0, 0, 0], "rotation": 270, "texture": "#2" },
				"west": { "uv": [16, 16, 0, 0], "rotation": 270, "texture": "#2" },
				"up": { "uv": [0, 1.64102, 0, 0], "texture": "#2" },
				"down": { "uv": [0, 1.64102, 0, 0], "rotation": 180, "texture": "#2" }
			}
		},
		{
			"from": [7.424, 0.97082, 5.1612],
			"to": [8.576, 2.12282, 6.3132],
			"rotation": { "angle": -45, "axis": "x", "origin": [8, 7, 8] },
			"faces": {
				"north": { "uv": [10.76923, 12.30769, 11.15385, 12.69231], "texture": "#1" },
				"east": { "uv": [9.53846, 12.30769, 9.92308, 12.69231], "texture": "#1" },
				"south": { "uv": [10.15385, 12.30769, 10.53846, 12.69231], "texture": "#1" },
				"west": { "uv": [12.30769, 10.15385, 12.69231, 10.53846], "texture": "#1" },
				"up": { "uv": [12.69231, 11.15385, 12.30769, 10.76923], "rotation": 90, "texture": "#1" },
				"down": { "uv": [11.76923, 12.30769, 11.38462, 12.69231], "rotation": 270, "texture": "#1" }
			}
		},
		{
			"from": [7.568, 1.83198, 9.85274],
			"to": [8.432, 2.98398, 10.71674],
			"rotation": { "angle": 0, "axis": "y", "origin": [8, 7, 8] },
			"faces": {
				"north": { "uv": [13.84615, 3.07692, 14.07692, 3.46154], "texture": "#1" },
				"east": { "uv": [12.30769, 13.53846, 12.53846, 13.92308], "texture": "#1" },
				"south": { "uv": [13.84615, 1.84615, 14.07692, 2.23077], "texture": "#1" },
				"west": { "uv": [13.84615, 2.46154, 14.07692, 2.84615], "texture": "#1" },
				"up": { "uv": [10.38462, 14.38462, 10.15385, 14.15385], "rotation": 90, "texture": "#1" },
				"down": { "uv": [13.15385, 14.15385, 12.92308, 14.38462], "rotation": 270, "texture": "#1" }
			}
		},
		{
			"from": [7.6832, 4.9118, 12.13851],
			"to": [8.3168, 7.2158, 12.77211],
			"rotation": { "angle": 45, "axis": "x", "origin": [8, 7, 8] },
			"faces": {
				"north": { "uv": [12.30769, 7.69231, 12.53846, 8.38462], "texture": "#1" },
				"east": { "uv": [12.30769, 0, 12.53846, 0.69231], "texture": "#1" },
				"south": { "uv": [12.30769, 0.92308, 12.53846, 1.61538], "texture": "#1" },
				"west": { "uv": [12.30769, 6.76923, 12.53846, 7.46154], "texture": "#1" },
				"up": { "uv": [3.61538, 14.69231, 3.38462, 14.46154], "rotation": 90, "texture": "#1" },
				"down": { "uv": [3.92308, 14.46154, 3.69231, 14.69231], "rotation": 270, "texture": "#1" }
			}
		},
		{
			"from": [7.8272, 7.0436, 14.23388],
			"to": [8.1728, 9.3476, 14.57948],
			"rotation": { "angle": 45, "axis": "x", "origin": [8, 7, 8] },
			"faces": {
				"north": { "uv": [5.23077, 14.46154, 5.30769, 15.15385], "texture": "#1" },
				"east": { "uv": [4, 14.46154, 4.07692, 15.15385], "texture": "#1" },
				"south": { "uv": [14.46154, 4, 14.53846, 4.69231], "texture": "#1" },
				"west": { "uv": [4.30769, 14.46154, 4.38462, 15.15385], "texture": "#1" },
				"up": { "uv": [9.92308, 14.84615, 9.84615, 14.76923], "rotation": 90, "texture": "#1" },
				"down": { "uv": [14.84615, 9.84615, 14.76923, 9.92308], "rotation": 270, "texture": "#1" }
			}
		},
		{
			"from": [7.8272, 2.37844, 12.39522],
			"to": [8.1728, 2.72404, 12.68322],
			"rotation": { "angle": 0, "axis": "y", "origin": [8, 7, 8] },
			"faces": {
				"north": { "uv": [14.76923, 10.46154, 14.84615, 10.53846], "texture": "#1" },
				"east": { "uv": [10.15385, 14.76923, 10.23077, 14.84615], "texture": "#1" },
				"south": { "uv": [14.76923, 10.15385, 14.84615, 10.23077], "texture": "#1" },
				"west": { "uv": [10.46154, 14.76923, 10.53846, 14.84615], "texture": "#1" },
				"up": { "uv": [10.84615, 14.84615, 10.76923, 14.76923], "rotation": 90, "texture": "#1" },
				"down": { "uv": [14.84615, 10.76923, 14.76923, 10.84615], "rotation": 270, "texture": "#1" }
			}
		},
		{
			"from": [7.8272, 6.83995, 13.97263],
			"to": [8.1728, 7.18555, 14.37583],
			"rotation": { "angle": 45, "axis": "x", "origin": [8, 7, 8] },
			"faces": {
				"north": { "uv": [14.76923, 11.07692, 14.84615, 11.15385], "texture": "#1" },
				"east": { "uv": [14.76923, 5.84615, 14.92308, 5.92308], "texture": "#1" },
				"south": { "uv": [11.07692, 14.76923, 11.15385, 14.84615], "texture": "#1" },
				"west": { "uv": [6.15385, 14.76923, 6.30769, 14.84615], "texture": "#1" },
				"up": { "uv": [14.92308, 6.23077, 14.76923, 6.15385], "rotation": 90, "texture": "#1" },
				"down": { "uv": [6.61538, 14.76923, 6.46154, 14.84615], "rotation": 270, "texture": "#1" }
			}
		},
		{
			"from": [7.8272, 2.56232, 11.95129],
			"to": [8.1728, 2.90792, 12.35449],
			"rotation": { "angle": 0, "axis": "y", "origin": [8, 7, 8] },
			"faces": {
				"north": { "uv": [14.76923, 11.38462, 14.84615, 11.46154], "texture": "#1" },
				"east": { "uv": [14.76923, 6.46154, 14.92308, 6.53846], "texture": "#1" },
				"south": { "uv": [11.38462, 14.76923, 11.46154, 14.84615], "texture": "#1" },
				"west": { "uv": [14.76923, 6.76923, 14.92308, 6.84615], "texture": "#1" },
				"up": { "uv": [14.92308, 7.15385, 14.76923, 7.07692], "rotation": 90, "texture": "#1" },
				"down": { "uv": [7.53846, 14.76923, 7.38462, 14.84615], "rotation": 270, "texture": "#1" }
			}
		},
		{
			"from": [7.7408, 5.32015, 11.97848],
			"to": [8.2592, 6.18415, 12.43928],
			"rotation": { "angle": 22.5, "axis": "x", "origin": [8, 7, 8] },
			"faces": {
				"north": { "uv": [13.84615, 14.46154, 14, 14.69231], "texture": "#1" },
				"east": { "uv": [14.46154, 12.92308, 14.61538, 13.15385], "texture": "#1" },
				"south": { "uv": [13.23077, 14.46154, 13.38462, 14.69231], "texture": "#1" },
				"west": { "uv": [13.53846, 14.46154, 13.69231, 14.69231], "texture": "#1" },
				"up": { "uv": [2.61538, 14.92308, 2.46154, 14.76923], "rotation": 90, "texture": "#1" },
				"down": { "uv": [14.92308, 2.46154, 14.76923, 2.61538], "rotation": 270, "texture": "#1" }
			}
		},
		{
			"from": [7.7408, -1.15731, 10.20697],
			"to": [8.2592, -0.69651, 11.64697],
			"rotation": { "angle": -22.5, "axis": "x", "origin": [8, 7, 8] },
			"faces": {
				"north": { "uv": [14.76923, 2.76923, 14.92308, 2.92308], "texture": "#1" },
				"east": { "uv": [14.15385, 2.46154, 14.61538, 2.61538], "texture": "#1" },
				"south": { "uv": [2.76923, 14.76923, 2.92308, 14.92308], "texture": "#1" },
				"west": { "uv": [2.76923, 14.15385, 3.23077, 14.30769], "texture": "#1" },
				"up": { "uv": [14.61538, 2.92308, 14.15385, 2.76923], "rotation": 90, "texture": "#1" },
				"down": { "uv": [14.61538, 3.07692, 14.15385, 3.23077], "rotation": 270, "texture": "#1" }
			}
		},
		{
			"from": [7.7408, -0.31298, 14.36757],
			"to": [8.2592, 0.14782, 15.80757],
			"rotation": { "angle": 22.5, "axis": "x", "origin": [8, 7, 8] },
			"faces": {
				"north": { "uv": [14.76923, 3.07692, 14.92308, 3.23077], "texture": "#1" },
				"east": { "uv": [3.38462, 14.15385, 3.84615, 14.30769], "texture": "#1" },
				"south": { "uv": [3.07692, 14.76923, 3.23077, 14.92308], "texture": "#1" },
				"west": { "uv": [14.15385, 3.38462, 14.61538, 3.53846], "texture": "#1" },
				"up": { "uv": [14.61538, 3.84615, 14.15385, 3.69231], "rotation": 90, "texture": "#1" },
				"down": { "uv": [4.46154, 14.15385, 4, 14.30769], "rotation": 270, "texture": "#1" }
			}
		},
		{
			"from": [7.7984, 3.75842, 16.0292],
			"to": [8.2016, 4.10402, 18.0452],
			"rotation": { "angle": 22.5, "axis": "x", "origin": [8, 7, 8] },
			"faces": {
				"north": { "uv": [7.69231, 14.76923, 7.84615, 14.84615], "texture": "#1" },
				"east": { "uv": [12, 14.46154, 12.61538, 14.53846], "texture": "#1" },
				"south": { "uv": [14.76923, 7.38462, 14.92308, 7.46154], "texture": "#1" },
				"west": { "uv": [14.46154, 12.30769, 15.07692, 12.38462], "texture": "#1" },
				"up": { "uv": [14.46154, 0.76923, 13.84615, 0.61538], "rotation": 90, "texture": "#1" },
				"down": { "uv": [14.46154, 0.92308, 13.84615, 1.07692], "rotation": 270, "texture": "#1" }
			}
		},
		{
			"from": [7.424, 2.3634, 13.27741],
			"to": [8.576, 3.5154, 14.42941],
			"rotation": { "angle": 22.5, "axis": "x", "origin": [8, 7, 8] },
			"faces": {
				"north": { "uv": [13, 1.61538, 12.61538, 1.23077], "rotation": 270, "texture": "#1" },
				"east": { "uv": [12.30769, 11.38462, 12.69231, 11.76923], "rotation": 90, "texture": "#1" },
				"south": { "uv": [13, 1.84615, 12.61538, 2.23077], "rotation": 270, "texture": "#1" },
				"west": { "uv": [12.61538, 0, 13, 0.38462], "rotation": 270, "texture": "#1" },
				"up": { "uv": [12, 12.30769, 12.38462, 12.69231], "texture": "#1" },
				"down": { "uv": [12.61538, 0.61538, 13, 1], "rotation": 180, "texture": "#1" }
			}
		},
		{
			"from": [7.6832, 2.6871, 14.28042],
			"to": [8.3168, 3.3207, 15.54762],
			"rotation": { "angle": 22.5, "axis": "x", "origin": [8, 7, 8] },
			"faces": {
				"north": { "uv": [14.69231, 5.15385, 14.46154, 4.92308], "rotation": 270, "texture": "#1" },
				"east": { "uv": [13.84615, 3.69231, 14.07692, 4.07692], "rotation": 90, "texture": "#1" },
				"south": { "uv": [5.76923, 14.46154, 5.53846, 14.69231], "rotation": 270, "texture": "#1" },
				"west": { "uv": [13.84615, 4.92308, 14.07692, 5.30769], "rotation": 270, "texture": "#1" },
				"up": { "uv": [13.84615, 4.30769, 14.07692, 4.69231], "texture": "#1" },
				"down": { "uv": [13.84615, 5.53846, 14.07692, 5.92308], "rotation": 180, "texture": "#1" }
			}
		},
		{
			"from": [7.424, -0.81623, 4.05979],
			"to": [8.576, 0.33577, 5.21179],
			"rotation": { "angle": -45, "axis": "x", "origin": [8, 7, 8] },
			"faces": {
				"north": { "uv": [12.61538, 0.61538, 13, 1], "texture": "#1" },
				"east": { "uv": [12.30769, 11.38462, 12.69231, 11.76923], "texture": "#1" },
				"south": { "uv": [12, 12.30769, 12.38462, 12.69231], "texture": "#1" },
				"west": { "uv": [12.61538, 0, 13, 0.38462], "texture": "#1" },
				"up": { "uv": [13, 1.61538, 12.61538, 1.23077], "rotation": 90, "texture": "#1" },
				"down": { "uv": [13, 1.84615, 12.61538, 2.23077], "rotation": 270, "texture": "#1" }
			}
		},
		{
			"from": [7.6832, -2.67138, 7.21022],
			"to": [8.3168, -1.40418, 7.84382],
			"rotation": { "angle": -22.5, "axis": "x", "origin": [8, 7, 8] },
			"faces": {
				"north": { "uv": [13.84615, 5.53846, 14.07692, 5.92308], "texture": "#1" },
				"east": { "uv": [13.84615, 3.69231, 14.07692, 4.07692], "texture": "#1" },
				"south": { "uv": [13.84615, 4.30769, 14.07692, 4.69231], "texture": "#1" },
				"west": { "uv": [13.84615, 4.92308, 14.07692, 5.30769], "texture": "#1" },
				"up": { "uv": [14.69231, 5.15385, 14.46154, 4.92308], "rotation": 90, "texture": "#1" },
				"down": { "uv": [5.76923, 14.46154, 5.53846, 14.69231], "rotation": 270, "texture": "#1" }
			}
		},
		{
			"from": [7.424, -6.54379, -4.21336],
			"to": [8.576, -5.39179, -3.06136],
			"rotation": { "angle": -45, "axis": "x", "origin": [8, 7, 8] },
			"faces": {
				"north": { "uv": [12.61538, 12, 13, 12.38462], "texture": "#1" },
				"east": { "uv": [12.61538, 7.38462, 13, 7.76923], "texture": "#1" },
				"south": { "uv": [12.61538, 8, 13, 8.38462], "texture": "#1" },
				"west": { "uv": [12.61538, 9.23077, 13, 9.61538], "texture": "#1" },
				"up": { "uv": [13, 13, 12.61538, 12.61538], "rotation": 90, "texture": "#1" },
				"down": { "uv": [2.23077, 12.92308, 1.84615, 13.30769], "rotation": 270, "texture": "#1" }
			}
		},
		{
			"from": [7.6832, -11.12896, 1.75867],
			"to": [8.3168, -9.86176, 2.39227],
			"rotation": { "angle": -22.5, "axis": "x", "origin": [8, 7, 8] },
			"faces": {
				"north": { "uv": [8, 13.84615, 8.23077, 14.23077], "texture": "#1" },
				"east": { "uv": [7.38462, 13.84615, 7.61538, 14.23077], "texture": "#1" },
				"south": { "uv": [13.84615, 7.38462, 14.07692, 7.76923], "texture": "#1" },
				"west": { "uv": [7.69231, 13.84615, 7.92308, 14.23077], "texture": "#1" },
				"up": { "uv": [14.69231, 6.38462, 14.46154, 6.15385], "rotation": 90, "texture": "#1" },
				"down": { "uv": [14.69231, 6.46154, 14.46154, 6.69231], "rotation": 270, "texture": "#1" }
			}
		},
		{
			"from": [7.7408, -12.99354, 0.7056],
			"to": [8.2592, -11.55354, 1.1664],
			"rotation": { "angle": -22.5, "axis": "x", "origin": [8, 7, 8] },
			"faces": {
				"north": { "uv": [4.92308, 14.15385, 5.07692, 14.61538], "texture": "#1" },
				"east": { "uv": [14.15385, 4, 14.30769, 4.46154], "texture": "#1" },
				"south": { "uv": [4.61538, 14.15385, 4.76923, 14.61538], "texture": "#1" },
				"west": { "uv": [14.15385, 4.61538, 14.30769, 5.07692], "texture": "#1" },
				"up": { "uv": [3.53846, 14.92308, 3.38462, 14.76923], "rotation": 90, "texture": "#1" },
				"down": { "uv": [14.92308, 3.38462, 14.76923, 3.53846], "rotation": 270, "texture": "#1" }
			}
		},
		{
			"from": [7.7408, -10.19163, 16.42746],
			"to": [8.2592, -9.73083, 17.86746],
			"rotation": { "angle": 22.5, "axis": "x", "origin": [8, 7, 8] },
			"faces": {
				"north": { "uv": [3.53846, 14.92308, 3.38462, 14.76923], "rotation": 270, "texture": "#1" },
				"east": { "uv": [14.15385, 4, 14.30769, 4.46154], "rotation": 90, "texture": "#1" },
				"south": { "uv": [14.92308, 3.38462, 14.76923, 3.53846], "rotation": 270, "texture": "#1" },
				"west": { "uv": [14.15385, 4.61538, 14.30769, 5.07692], "rotation": 270, "texture": "#1" },
				"up": { "uv": [4.61538, 14.15385, 4.76923, 14.61538], "texture": "#1" },
				"down": { "uv": [4.92308, 14.15385, 5.07692, 14.61538], "rotation": 180, "texture": "#1" }
			}
		},
		{
			"from": [7.424, -0.33531, 8.34188],
			"to": [8.576, 0.81669, 9.49388],
			"rotation": { "angle": 0, "axis": "y", "origin": [8, 7, 8] },
			"faces": {
				"north": { "uv": [4.30769, 12.92308, 4.69231, 13.30769], "texture": "#1" },
				"east": { "uv": [2.46154, 12.92308, 2.84615, 13.30769], "texture": "#1" },
				"south": { "uv": [3.07692, 12.92308, 3.46154, 13.30769], "texture": "#1" },
				"west": { "uv": [3.69231, 12.92308, 4.07692, 13.30769], "texture": "#1" },
				"up": { "uv": [5.30769, 13.30769, 4.92308, 12.92308], "rotation": 90, "texture": "#1" },
				"down": { "uv": [5.92308, 12.92308, 5.53846, 13.30769], "rotation": 270, "texture": "#1" }
			}
		},
		{
			"from": [7.568, 3.15749, 13.0254],
			"to": [8.432, 4.30949, 13.8894],
			"rotation": { "angle": 45, "axis": "x", "origin": [8, 7, 8] },
			"faces": {
				"north": { "uv": [8.92308, 13.84615, 9.15385, 14.23077], "texture": "#1" },
				"east": { "uv": [13.84615, 8, 14.07692, 8.38462], "texture": "#1" },
				"south": { "uv": [8.30769, 13.84615, 8.53846, 14.23077], "texture": "#1" },
				"west": { "uv": [8.61538, 13.84615, 8.84615, 14.23077], "texture": "#1" },
				"up": { "uv": [14.69231, 7, 14.46154, 6.76923], "rotation": 90, "texture": "#1" },
				"down": { "uv": [14.69231, 7.07692, 14.46154, 7.30769], "rotation": 270, "texture": "#1" }
			}
		},
		{
			"from": [7.7408, -12.99354, 14.8336],
			"to": [8.2592, -11.55354, 15.2944],
			"rotation": { "angle": 22.5, "axis": "x", "origin": [8, 7, 8] },
			"faces": {
				"north": { "uv": [4.76923, 14.15385, 4.61538, 14.61538], "texture": "#1" },
				"east": { "uv": [14.30769, 4, 14.15385, 4.46154], "texture": "#1" },
				"south": { "uv": [5.07692, 14.15385, 4.92308, 14.61538], "texture": "#1" },
				"west": { "uv": [14.30769, 4.61538, 14.15385, 5.07692], "texture": "#1" },
				"up": { "uv": [3.38462, 14.92308, 3.53846, 14.76923], "rotation": 90, "texture": "#1" },
				"down": { "uv": [14.76923, 3.38462, 14.92308, 3.53846], "rotation": 270, "texture": "#1" }
			}
		},
		{
			"from": [7.7408, -10.19163, -1.86746],
			"to": [8.2592, -9.73083, -0.42746],
			"rotation": { "angle": -22.5, "axis": "x", "origin": [8, 7, 8] },
			"faces": {
				"north": { "uv": [14.92308, 3.53846, 14.76923, 3.38462], "rotation": 270, "texture": "#1" },
				"east": { "uv": [14.15385, 4.46154, 14.30769, 4], "rotation": 90, "texture": "#1" },
				"south": { "uv": [3.53846, 14.76923, 3.38462, 14.92308], "rotation": 270, "texture": "#1" },
				"west": { "uv": [14.15385, 5.07692, 14.30769, 4.61538], "rotation": 270, "texture": "#1" },
				"up": { "uv": [4.61538, 14.61538, 4.76923, 14.15385], "texture": "#1" },
				"down": { "uv": [4.92308, 14.61538, 5.07692, 14.15385], "rotation": 180, "texture": "#1" }
			}
		},
		{
			"from": [7.6832, -11.12896, 13.60773],
			"to": [8.3168, -9.86176, 14.24133],
			"rotation": { "angle": 22.5, "axis": "x", "origin": [8, 7, 8] },
			"faces": {
				"north": { "uv": [14.07692, 7.38462, 13.84615, 7.76923], "texture": "#1" },
				"east": { "uv": [7.61538, 13.84615, 7.38462, 14.23077], "texture": "#1" },
				"south": { "uv": [8.23077, 13.84615, 8, 14.23077], "texture": "#1" },
				"west": { "uv": [7.92308, 13.84615, 7.69231, 14.23077], "texture": "#1" },
				"up": { "uv": [14.46154, 6.38462, 14.69231, 6.15385], "rotation": 90, "texture": "#1" },
				"down": { "uv": [14.46154, 6.46154, 14.69231, 6.69231], "rotation": 270, "texture": "#1" }
			}
		},
		{
			"from": [7.424, -6.54379, 19.06136],
			"to": [8.576, -5.39179, 20.21336],
			"rotation": { "angle": 45, "axis": "x", "origin": [8, 7, 8] },
			"faces": {
				"north": { "uv": [13, 8, 12.61538, 8.38462], "texture": "#1" },
				"east": { "uv": [13, 7.38462, 12.61538, 7.76923], "texture": "#1" },
				"south": { "uv": [13, 12, 12.61538, 12.38462], "texture": "#1" },
				"west": { "uv": [13, 9.23077, 12.61538, 9.61538], "texture": "#1" },
				"up": { "uv": [12.61538, 13, 13, 12.61538], "rotation": 90, "texture": "#1" },
				"down": { "uv": [1.84615, 12.92308, 2.23077, 13.30769], "rotation": 270, "texture": "#1" }
			}
		},
		{
			"from": [7.7408, -0.31298, 0.19243],
			"to": [8.2592, 0.14782, 1.63243],
			"rotation": { "angle": -22.5, "axis": "x", "origin": [8, 7, 8] },
			"faces": {
				"north": { "uv": [3.23077, 14.76923, 3.07692, 14.92308], "texture": "#1" },
				"east": { "uv": [3.84615, 14.15385, 3.38462, 14.30769], "texture": "#1" },
				"south": { "uv": [14.92308, 3.07692, 14.76923, 3.23077], "texture": "#1" },
				"west": { "uv": [14.61538, 3.38462, 14.15385, 3.53846], "texture": "#1" },
				"up": { "uv": [14.15385, 3.84615, 14.61538, 3.69231], "rotation": 90, "texture": "#1" },
				"down": { "uv": [4, 14.15385, 4.46154, 14.30769], "rotation": 270, "texture": "#1" }
			}
		},
		{
			"from": [7.6832, -2.67138, 8.15618],
			"to": [8.3168, -1.40418, 8.78978],
			"rotation": { "angle": 22.5, "axis": "x", "origin": [8, 7, 8] },
			"faces": {
				"north": { "uv": [14.07692, 4.30769, 13.84615, 4.69231], "texture": "#1" },
				"east": { "uv": [14.07692, 3.69231, 13.84615, 4.07692], "texture": "#1" },
				"south": { "uv": [14.07692, 5.53846, 13.84615, 5.92308], "texture": "#1" },
				"west": { "uv": [14.07692, 4.92308, 13.84615, 5.30769], "texture": "#1" },
				"up": { "uv": [14.46154, 5.15385, 14.69231, 4.92308], "rotation": 90, "texture": "#1" },
				"down": { "uv": [5.53846, 14.46154, 5.76923, 14.69231], "rotation": 270, "texture": "#1" }
			}
		},
		{
			"from": [7.424, -0.81623, 10.78821],
			"to": [8.576, 0.33577, 11.94021],
			"rotation": { "angle": 45, "axis": "x", "origin": [8, 7, 8] },
			"faces": {
				"north": { "uv": [12.38462, 12.30769, 12, 12.69231], "texture": "#1" },
				"east": { "uv": [12.69231, 11.38462, 12.30769, 11.76923], "texture": "#1" },
				"south": { "uv": [13, 0.61538, 12.61538, 1], "texture": "#1" },
				"west": { "uv": [13, 0, 12.61538, 0.38462], "texture": "#1" },
				"up": { "uv": [12.61538, 1.61538, 13, 1.23077], "rotation": 90, "texture": "#1" },
				"down": { "uv": [12.61538, 1.84615, 13, 2.23077], "rotation": 270, "texture": "#1" }
			}
		},
		{
			"from": [7.424, 2.3634, 1.57059],
			"to": [8.576, 3.5154, 2.72259],
			"rotation": { "angle": -22.5, "axis": "x", "origin": [8, 7, 8] },
			"faces": {
				"north": { "uv": [13, 2.23077, 12.61538, 1.84615], "rotation": 270, "texture": "#1" },
				"east": { "uv": [12.30769, 11.76923, 12.69231, 11.38462], "rotation": 90, "texture": "#1" },
				"south": { "uv": [13, 1.23077, 12.61538, 1.61538], "rotation": 270, "texture": "#1" },
				"west": { "uv": [12.61538, 0.38462, 13, 0], "rotation": 270, "texture": "#1" },
				"up": { "uv": [12, 12.69231, 12.38462, 12.30769], "texture": "#1" },
				"down": { "uv": [12.61538, 1, 13, 0.61538], "rotation": 180, "texture": "#1" }
			}
		},
		{
			"from": [7.6832, 2.6871, 0.45238],
			"to": [8.3168, 3.3207, 1.71958],
			"rotation": { "angle": -22.5, "axis": "x", "origin": [8, 7, 8] },
			"faces": {
				"north": { "uv": [5.76923, 14.69231, 5.53846, 14.46154], "rotation": 270, "texture": "#1" },
				"east": { "uv": [13.84615, 4.07692, 14.07692, 3.69231], "rotation": 90, "texture": "#1" },
				"south": { "uv": [14.69231, 4.92308, 14.46154, 5.15385], "rotation": 270, "texture": "#1" },
				"west": { "uv": [13.84615, 5.30769, 14.07692, 4.92308], "rotation": 270, "texture": "#1" },
				"up": { "uv": [13.84615, 4.69231, 14.07692, 4.30769], "texture": "#1" },
				"down": { "uv": [13.84615, 5.92308, 14.07692, 5.53846], "rotation": 180, "texture": "#1" }
			}
		},
		{
			"from": [7.7408, -1.15731, 4.35303],
			"to": [8.2592, -0.69651, 5.79303],
			"rotation": { "angle": 22.5, "axis": "x", "origin": [8, 7, 8] },
			"faces": {
				"north": { "uv": [2.92308, 14.76923, 2.76923, 14.92308], "texture": "#1" },
				"east": { "uv": [14.61538, 2.46154, 14.15385, 2.61538], "texture": "#1" },
				"south": { "uv": [14.92308, 2.76923, 14.76923, 2.92308], "texture": "#1" },
				"west": { "uv": [3.23077, 14.15385, 2.76923, 14.30769], "texture": "#1" },
				"up": { "uv": [14.15385, 2.92308, 14.61538, 2.76923], "rotation": 90, "texture": "#1" },
				"down": { "uv": [14.15385, 3.07692, 14.61538, 3.23077], "rotation": 270, "texture": "#1" }
			}
		},
		{
			"from": [7.7984, 3.75842, -2.0452],
			"to": [8.2016, 4.10402, -0.0292],
			"rotation": { "angle": -22.5, "axis": "x", "origin": [8, 7, 8] },
			"faces": {
				"north": { "uv": [14.92308, 7.38462, 14.76923, 7.46154], "texture": "#1" },
				"east": { "uv": [12.61538, 14.46154, 12, 14.53846], "texture": "#1" },
				"south": { "uv": [7.84615, 14.76923, 7.69231, 14.84615], "texture": "#1" },
				"west": { "uv": [15.07692, 12.30769, 14.46154, 12.38462], "texture": "#1" },
				"up": { "uv": [13.84615, 0.76923, 14.46154, 0.61538], "rotation": 90, "texture": "#1" },
				"down": { "uv": [13.84615, 0.92308, 14.46154, 1.07692], "rotation": 270, "texture": "#1" }
			}
		},
		{
			"from": [7.8272, 7.0436, 1.42052],
			"to": [8.1728, 9.3476, 1.76612],
			"rotation": { "angle": -45, "axis": "x", "origin": [8, 7, 8] },
			"faces": {
				"north": { "uv": [14.53846, 4, 14.46154, 4.69231], "texture": "#1" },
				"east": { "uv": [4.07692, 14.46154, 4, 15.15385], "texture": "#1" },
				"south": { "uv": [5.30769, 14.46154, 5.23077, 15.15385], "texture": "#1" },
				"west": { "uv": [4.38462, 14.46154, 4.30769, 15.15385], "texture": "#1" },
				"up": { "uv": [9.84615, 14.84615, 9.92308, 14.76923], "rotation": 90, "texture": "#1" },
				"down": { "uv": [14.76923, 9.84615, 14.84615, 9.92308], "rotation": 270, "texture": "#1" }
			}
		},
		{
			"from": [7.8272, 2.37844, 3.31678],
			"to": [8.1728, 2.72404, 3.60478],
			"rotation": { "angle": 0, "axis": "y", "origin": [8, 7, 8] },
			"faces": {
				"north": { "uv": [14.84615, 10.15385, 14.76923, 10.23077], "texture": "#1" },
				"east": { "uv": [10.23077, 14.76923, 10.15385, 14.84615], "texture": "#1" },
				"south": { "uv": [14.84615, 10.46154, 14.76923, 10.53846], "texture": "#1" },
				"west": { "uv": [10.53846, 14.76923, 10.46154, 14.84615], "texture": "#1" },
				"up": { "uv": [10.76923, 14.84615, 10.84615, 14.76923], "rotation": 90, "texture": "#1" },
				"down": { "uv": [14.76923, 10.76923, 14.84615, 10.84615], "rotation": 270, "texture": "#1" }
			}
		},
		{
			"from": [7.8272, 6.83995, 1.62417],
			"to": [8.1728, 7.18555, 2.02737],
			"rotation": { "angle": -45, "axis": "x", "origin": [8, 7, 8] },
			"faces": {
				"north": { "uv": [11.15385, 14.76923, 11.07692, 14.84615], "texture": "#1" },
				"east": { "uv": [14.92308, 5.84615, 14.76923, 5.92308], "texture": "#1" },
				"south": { "uv": [14.84615, 11.07692, 14.76923, 11.15385], "texture": "#1" },
				"west": { "uv": [6.30769, 14.76923, 6.15385, 14.84615], "texture": "#1" },
				"up": { "uv": [14.76923, 6.23077, 14.92308, 6.15385], "rotation": 90, "texture": "#1" },
				"down": { "uv": [6.46154, 14.76923, 6.61538, 14.84615], "rotation": 270, "texture": "#1" }
			}
		},
		{
			"from": [7.8272, 2.56232, 3.64551],
			"to": [8.1728, 2.90792, 4.04871],
			"rotation": { "angle": 0, "axis": "y", "origin": [8, 7, 8] },
			"faces": {
				"north": { "uv": [11.46154, 14.76923, 11.38462, 14.84615], "texture": "#1" },
				"east": { "uv": [14.92308, 6.46154, 14.76923, 6.53846], "texture": "#1" },
				"south": { "uv": [14.84615, 11.38462, 14.76923, 11.46154], "texture": "#1" },
				"west": { "uv": [14.92308, 6.76923, 14.76923, 6.84615], "texture": "#1" },
				"up": { "uv": [14.76923, 7.15385, 14.92308, 7.07692], "rotation": 90, "texture": "#1" },
				"down": { "uv": [7.38462, 14.76923, 7.53846, 14.84615], "rotation": 270, "texture": "#1" }
			}
		},
		{
			"from": [7.7408, 5.32015, 3.56072],
			"to": [8.2592, 6.18415, 4.02152],
			"rotation": { "angle": -22.5, "axis": "x", "origin": [8, 7, 8] },
			"faces": {
				"north": { "uv": [13.38462, 14.46154, 13.23077, 14.69231], "texture": "#1" },
				"east": { "uv": [14.61538, 12.92308, 14.46154, 13.15385], "texture": "#1" },
				"south": { "uv": [14, 14.46154, 13.84615, 14.69231], "texture": "#1" },
				"west": { "uv": [13.69231, 14.46154, 13.53846, 14.69231], "texture": "#1" },
				"up": { "uv": [2.46154, 14.92308, 2.61538, 14.76923], "rotation": 90, "texture": "#1" },
				"down": { "uv": [14.76923, 2.46154, 14.92308, 2.61538], "rotation": 270, "texture": "#1" }
			}
		},
		{
			"from": [7.6832, 4.9118, 3.22789],
			"to": [8.3168, 7.2158, 3.86149],
			"rotation": { "angle": -45, "axis": "x", "origin": [8, 7, 8] },
			"faces": {
				"north": { "uv": [12.53846, 0.92308, 12.30769, 1.61538], "texture": "#1" },
				"east": { "uv": [12.53846, 0, 12.30769, 0.69231], "texture": "#1" },
				"south": { "uv": [12.53846, 7.69231, 12.30769, 8.38462], "texture": "#1" },
				"west": { "uv": [12.53846, 6.76923, 12.30769, 7.46154], "texture": "#1" },
				"up": { "uv": [3.38462, 14.69231, 3.61538, 14.46154], "rotation": 90, "texture": "#1" },
				"down": { "uv": [3.69231, 14.46154, 3.92308, 14.69231], "rotation": 270, "texture": "#1" }
			}
		},
		{
			"from": [7.568, 1.83198, 5.28326],
			"to": [8.432, 2.98398, 6.14726],
			"rotation": { "angle": 0, "axis": "y", "origin": [8, 7, 8] },
			"faces": {
				"north": { "uv": [14.07692, 1.84615, 13.84615, 2.23077], "texture": "#1" },
				"east": { "uv": [12.53846, 13.53846, 12.30769, 13.92308], "texture": "#1" },
				"south": { "uv": [14.07692, 3.07692, 13.84615, 3.46154], "texture": "#1" },
				"west": { "uv": [14.07692, 2.46154, 13.84615, 2.84615], "texture": "#1" },
				"up": { "uv": [10.15385, 14.38462, 10.38462, 14.15385], "rotation": 90, "texture": "#1" },
				"down": { "uv": [12.92308, 14.15385, 13.15385, 14.38462], "rotation": 270, "texture": "#1" }
			}
		},
		{
			"from": [7.424, 0.97082, 9.6868],
			"to": [8.576, 2.12282, 10.8388],
			"rotation": { "angle": 45, "axis": "x", "origin": [8, 7, 8] },
			"faces": {
				"north": { "uv": [10.53846, 12.30769, 10.15385, 12.69231], "texture": "#1" },
				"east": { "uv": [9.92308, 12.30769, 9.53846, 12.69231], "texture": "#1" },
				"south": { "uv": [11.15385, 12.30769, 10.76923, 12.69231], "texture": "#1" },
				"west": { "uv": [12.69231, 10.15385, 12.30769, 10.53846], "texture": "#1" },
				"up": { "uv": [12.30769, 11.15385, 12.69231, 10.76923], "rotation": 90, "texture": "#1" },
				"down": { "uv": [11.38462, 12.30769, 11.76923, 12.69231], "rotation": 270, "texture": "#1" }
			}
		},
		{
			"from": [7.424, -0.33531, 6.50612],
			"to": [8.576, 0.81669, 7.65812],
			"rotation": { "angle": 0, "axis": "y", "origin": [8, 7, 8] },
			"faces": {
				"north": { "uv": [3.46154, 12.92308, 3.07692, 13.30769], "texture": "#1" },
				"east": { "uv": [2.84615, 12.92308, 2.46154, 13.30769], "texture": "#1" },
				"south": { "uv": [4.69231, 12.92308, 4.30769, 13.30769], "texture": "#1" },
				"west": { "uv": [4.07692, 12.92308, 3.69231, 13.30769], "texture": "#1" },
				"up": { "uv": [4.92308, 13.30769, 5.30769, 12.92308], "rotation": 90, "texture": "#1" },
				"down": { "uv": [5.53846, 12.92308, 5.92308, 13.30769], "rotation": 270, "texture": "#1" }
			}
		},
		{
			"from": [7.568, 3.15749, 2.1106],
			"to": [8.432, 4.30949, 2.9746],
			"rotation": { "angle": -45, "axis": "x", "origin": [8, 7, 8] },
			"faces": {
				"north": { "uv": [8.53846, 13.84615, 8.30769, 14.23077], "texture": "#1" },
				"east": { "uv": [14.07692, 8, 13.84615, 8.38462], "texture": "#1" },
				"south": { "uv": [9.15385, 13.84615, 8.92308, 14.23077], "texture": "#1" },
				"west": { "uv": [8.84615, 13.84615, 8.61538, 14.23077], "texture": "#1" },
				"up": { "uv": [14.46154, 7, 14.69231, 6.76923], "rotation": 90, "texture": "#1" },
				"down": { "uv": [14.46154, 7.07692, 14.69231, 7.30769], "rotation": 270, "texture": "#1" }
			}
		}
	],
	"gui_light": "front",
	"display": {
		"thirdperson_righthand": { "rotation": [0, 2, 0], "translation": [0, 10, 1.5], "scale": [0.8, 0.8, 0.8] },
		"thirdperson_lefthand": { "rotation": [0, 2, 0], "translation": [0, 10, 1.5], "scale": [0.8, 0.8, 0.8] },
		"firstperson_righthand": {
			"rotation": [-19.76, 1.14, -6.81],
			"translation": [5.75, 6.25, -6.25],
			"scale": [0.90352, 0.90352, 0.90352]
		},
		"firstperson_lefthand": {
			"rotation": [-19.76, 1.14, -6.81],
			"translation": [5.75, 6.25, -6.25],
			"scale": [0.90352, 0.90352, 0.90352]
		},
		"ground": { "rotation": [0, 0, -26], "translation": [0, 9, 0], "scale": [0.6, 0.6, 0.6] },
		"gui": { "rotation": [-90, 50, 90], "translation": [-0.5, 0, -3.25], "scale": [0.46484, 0.46484, 0.46484] },
		"head": { "scale": [0, 0, 0] },
		"fixed": { "rotation": [0, -90, 0], "translation": [0, 0, -3.25], "scale": [1.32227, 1.32227, 1.32227] }
	},
	"groups": [
		{
			"name": "sword",
			"origin": [8, 8, 8],
			"color": 0,
			"boneType": "",
			"children": [
				0,
				1,
				2,
				3,
				4,
				5,
				6,
				7,
				8,
				9,
				10,
				11,
				12,
				13,
				14,
				15,
				16,
				17,
				18,
				19,
				20,
				21,
				22,
				23,
				24,
				{
					"name": "group",
					"origin": [15.313, 13.33842, 8],
					"color": 0,
					"boneType": "",
					"children": [
						25, 26, 27, 28, 29, 30, 31, 32, 33, 34, 35, 36, 37, 38, 39, 40, 41, 42, 43, 44, 45, 46, 47, 48, 49, 50, 51, 52, 53,
						54, 55, 56, 57, 58, 59, 60, 61, 62, 63, 64, 65, 66
					]
				}
			]
		}
	]
}
