{
	"credit": "Made with Blockbench by nnScale",
	"texture_size": [25, 25],
	"textures": {
		"0": "lom:item/weapons/regrowth_morning_star",
		"particle": "lom:item/weapons/regrowth_morning_star"
	},
	"elements": [
		{
			"from": [7, -8, 7],
			"to": [9, 32, 9],
			"faces": {
				"north": { "uv": [3.84, 0, 5.12, 16], "texture": "#0" },
				"east": { "uv": [0, 0, 1.28, 16], "texture": "#0" },
				"south": { "uv": [1.28, 0, 2.56, 16], "texture": "#0" },
				"west": { "uv": [2.56, 0, 3.84, 16], "texture": "#0" },
				"up": { "uv": [5.12, 14.72, 6.4, 16], "texture": "#0" },
				"down": { "uv": [0, 0, 1.28, 1.28], "texture": "#0" }
			}
		},
		{
			"from": [7, 27, 6],
			"to": [9, 30, 7],
			"faces": {
				"north": { "uv": [5.12, 0, 6.4, 1.92], "texture": "#0" },
				"east": { "uv": [10.4, 0, 11.04, 1.92], "texture": "#0" },
				"south": { "uv": [0, 0, 1.28, 1.92], "texture": "#0" },
				"west": { "uv": [9.76, 0, 10.4, 1.92], "texture": "#0" },
				"up": { "uv": [5.12, 14.08, 6.4, 14.72], "texture": "#0" },
				"down": { "uv": [0, 0, 1.28, 0.64], "texture": "#0" }
			}
		},
		{
			"from": [7, 27, 9],
			"to": [9, 30, 10],
			"faces": {
				"north": { "uv": [0, 0, 1.28, 1.92], "texture": "#0" },
				"east": { "uv": [9.76, 0, 10.4, 1.92], "texture": "#0" },
				"south": { "uv": [5.12, 0, 6.4, 1.92], "texture": "#0" },
				"west": { "uv": [10.4, 0, 11.04, 1.92], "texture": "#0" },
				"up": { "uv": [5.12, 14.08, 6.4, 14.72], "texture": "#0" },
				"down": { "uv": [0, 0, 1.28, 0.64], "texture": "#0" }
			}
		},
		{
			"from": [7, 25, 9],
			"to": [9, 26, 14],
			"faces": {
				"north": { "uv": [0, 0, 1.28, 0.64], "texture": "#0" },
				"east": { "uv": [7.2, 2.56, 10.4, 3.2], "texture": "#0" },
				"south": { "uv": [5.12, 2.56, 6.4, 3.2], "texture": "#0" },
				"west": { "uv": [10.4, 2.56, 13.6, 3.2], "texture": "#0" },
				"up": { "uv": [5.12, 9.6, 6.4, 12.8], "texture": "#0" },
				"down": { "uv": [0, 0, 1.28, 3.2], "texture": "#0" }
			}
		},
		{
			"from": [7, 26, 9],
			"to": [9, 27, 11],
			"faces": {
				"north": { "uv": [0, 0, 1.28, 0.64], "texture": "#0" },
				"east": { "uv": [9.12, 1.92, 10.4, 2.56], "texture": "#0" },
				"south": { "uv": [5.12, 1.92, 6.4, 2.56], "texture": "#0" },
				"west": { "uv": [10.4, 1.92, 11.68, 2.56], "texture": "#0" },
				"up": { "uv": [5.12, 12.8, 6.4, 14.08], "texture": "#0" },
				"down": { "uv": [0, 0, 1.28, 1.28], "texture": "#0" }
			}
		},
		{
			"from": [7, 22, 9],
			"to": [9, 23, 11],
			"faces": {
				"north": { "uv": [0, 0, 1.28, 0.64], "texture": "#0" },
				"east": { "uv": [9.12, 4.48, 10.4, 5.12], "texture": "#0" },
				"south": { "uv": [5.12, 4.48, 6.4, 5.12], "texture": "#0" },
				"west": { "uv": [10.4, 4.48, 11.68, 5.12], "texture": "#0" },
				"up": { "uv": [0, 0, 1.28, 1.28], "texture": "#0" },
				"down": { "uv": [5.12, 12.8, 6.4, 14.08], "texture": "#0" }
			}
		},
		{
			"from": [7, 11, 9],
			"to": [9, 12, 10],
			"faces": {
				"north": { "uv": [0, 0, 1.28, 0.64], "texture": "#0" },
				"east": { "uv": [13.44, 10.08, 14.08, 10.72], "texture": "#0" },
				"south": { "uv": [12.16, 10.08, 13.44, 10.72], "texture": "#0" },
				"west": { "uv": [11.52, 10.08, 12.16, 10.72], "texture": "#0" },
				"up": { "uv": [12.16, 9.44, 13.44, 10.08], "texture": "#0" },
				"down": { "uv": [12.16, 10.72, 13.44, 11.36], "texture": "#0" }
			}
		},
		{
			"from": [7, 11, 6],
			"to": [9, 12, 7],
			"faces": {
				"north": { "uv": [12.16, 10.08, 13.44, 10.72], "texture": "#0" },
				"east": { "uv": [11.52, 10.08, 12.16, 10.72], "texture": "#0" },
				"south": { "uv": [0, 0.64, 1.28, 1.28], "texture": "#0" },
				"west": { "uv": [13.44, 10.08, 14.08, 10.72], "texture": "#0" },
				"up": { "uv": [13.44, 10.08, 12.16, 9.44], "texture": "#0" },
				"down": { "uv": [13.44, 10.72, 12.16, 11.36], "texture": "#0" }
			}
		},
		{
			"from": [7, -6, 6],
			"to": [9, -5, 7],
			"faces": {
				"north": { "uv": [12.16, 10.08, 13.44, 10.72], "texture": "#0" },
				"east": { "uv": [11.52, 10.08, 12.16, 10.72], "texture": "#0" },
				"south": { "uv": [0, 0, 1.28, 0.64], "texture": "#0" },
				"west": { "uv": [13.44, 10.08, 14.08, 10.72], "texture": "#0" },
				"up": { "uv": [12.16, 9.44, 13.44, 10.08], "texture": "#0" },
				"down": { "uv": [12.16, 10.72, 13.44, 11.36], "texture": "#0" }
			}
		},
		{
			"from": [7, -6, 9],
			"to": [9, -5, 10],
			"faces": {
				"north": { "uv": [0, 0, 1.28, 0.64], "texture": "#0" },
				"east": { "uv": [13.44, 10.08, 14.08, 10.72], "texture": "#0" },
				"south": { "uv": [12.16, 10.08, 13.44, 10.72], "texture": "#0" },
				"west": { "uv": [11.52, 10.08, 12.16, 10.72], "texture": "#0" },
				"up": { "uv": [12.16, 9.44, 13.44, 10.08], "texture": "#0" },
				"down": { "uv": [12.16, 10.72, 13.44, 11.36], "texture": "#0" }
			}
		},
		{
			"from": [7, 22, 5],
			"to": [9, 23, 7],
			"faces": {
				"north": { "uv": [5.12, 4.48, 6.4, 5.12], "texture": "#0" },
				"east": { "uv": [10.4, 4.48, 11.68, 5.12], "texture": "#0" },
				"south": { "uv": [0, 0, 1.28, 0.64], "texture": "#0" },
				"west": { "uv": [9.12, 4.48, 10.4, 5.12], "texture": "#0" },
				"up": { "uv": [0, 0, 1.28, 1.28], "texture": "#0" },
				"down": { "uv": [5.12, 12.8, 6.4, 14.08], "texture": "#0" }
			}
		},
		{
			"from": [7, 26, 5],
			"to": [9, 27, 7],
			"faces": {
				"north": { "uv": [5.12, 1.92, 6.4, 2.56], "texture": "#0" },
				"east": { "uv": [10.4, 1.92, 11.68, 2.56], "texture": "#0" },
				"south": { "uv": [0, 0, 1.28, 0.64], "texture": "#0" },
				"west": { "uv": [9.12, 1.92, 10.4, 2.56], "texture": "#0" },
				"up": { "uv": [5.12, 12.8, 6.4, 14.08], "texture": "#0" },
				"down": { "uv": [0, 0, 1.28, 1.28], "texture": "#0" }
			}
		},
		{
			"from": [7, 25, 2],
			"to": [9, 26, 7],
			"faces": {
				"north": { "uv": [5.12, 2.56, 6.4, 3.2], "texture": "#0" },
				"east": { "uv": [10.4, 2.56, 13.6, 3.2], "texture": "#0" },
				"south": { "uv": [0, 0, 1.28, 0.64], "texture": "#0" },
				"west": { "uv": [7.2, 2.56, 10.4, 3.2], "texture": "#0" },
				"up": { "uv": [5.12, 9.6, 6.4, 12.8], "texture": "#0" },
				"down": { "uv": [0, 0, 1.28, 3.2], "texture": "#0" }
			}
		},
		{
			"from": [7, 23, 2],
			"to": [9, 24, 7],
			"faces": {
				"north": { "uv": [5.12, 3.84, 6.4, 4.48], "texture": "#0" },
				"east": { "uv": [10.4, 3.84, 13.6, 4.48], "texture": "#0" },
				"south": { "uv": [0, 0, 1.28, 0.64], "texture": "#0" },
				"west": { "uv": [7.2, 3.84, 10.4, 4.48], "texture": "#0" },
				"up": { "uv": [0, 0, 1.28, 3.2], "texture": "#0" },
				"down": { "uv": [5.12, 9.6, 6.4, 12.8], "texture": "#0" }
			}
		},
		{
			"from": [7, 23, 9],
			"to": [9, 24, 14],
			"faces": {
				"north": { "uv": [0, 0, 1.28, 0.64], "texture": "#0" },
				"east": { "uv": [7.2, 3.84, 10.4, 4.48], "texture": "#0" },
				"south": { "uv": [5.12, 3.84, 6.4, 4.48], "texture": "#0" },
				"west": { "uv": [10.4, 3.84, 13.6, 4.48], "texture": "#0" },
				"up": { "uv": [0, 0, 1.28, 3.2], "texture": "#0" },
				"down": { "uv": [5.12, 9.6, 6.4, 12.8], "texture": "#0" }
			}
		},
		{
			"from": [7, 24, 9],
			"to": [9, 25, 15],
			"faces": {
				"north": { "uv": [0, 0, 1.28, 0.64], "texture": "#0" },
				"east": { "uv": [6.56, 3.2, 10.4, 3.84], "texture": "#0" },
				"south": { "uv": [5.12, 3.2, 6.4, 3.84], "texture": "#0" },
				"west": { "uv": [10.4, 3.2, 14.24, 3.84], "texture": "#0" },
				"up": { "uv": [6.4, 9.6, 7.68, 13.44], "texture": "#0" },
				"down": { "uv": [6.4, 9.6, 7.68, 13.44], "texture": "#0" }
			}
		},
		{
			"from": [7, 24, 1],
			"to": [9, 25, 7],
			"faces": {
				"north": { "uv": [5.12, 3.2, 6.4, 3.84], "texture": "#0" },
				"east": { "uv": [10.4, 3.2, 14.24, 3.84], "texture": "#0" },
				"south": { "uv": [0, 0, 1.28, 0.64], "texture": "#0" },
				"west": { "uv": [6.56, 3.2, 10.4, 3.84], "texture": "#0" },
				"up": { "uv": [6.4, 9.6, 7.68, 13.44], "texture": "#0" },
				"down": { "uv": [6.4, 9.6, 7.68, 13.44], "texture": "#0" }
			}
		},
		{
			"from": [7, 19, 9],
			"to": [9, 22, 10],
			"faces": {
				"north": { "uv": [0, 0, 1.28, 1.92], "texture": "#0" },
				"east": { "uv": [9.76, 5.12, 10.4, 7.04], "texture": "#0" },
				"south": { "uv": [5.12, 5.12, 6.4, 7.04], "texture": "#0" },
				"west": { "uv": [10.4, 5.12, 11.04, 7.04], "texture": "#0" },
				"up": { "uv": [0, 0, 1.28, 0.64], "texture": "#0" },
				"down": { "uv": [5.12, 14.08, 6.4, 14.72], "texture": "#0" }
			}
		},
		{
			"from": [7, 19, 6],
			"to": [9, 22, 7],
			"faces": {
				"north": { "uv": [5.12, 5.12, 6.4, 7.04], "texture": "#0" },
				"east": { "uv": [10.4, 5.12, 11.04, 7.04], "texture": "#0" },
				"south": { "uv": [0, 0, 1.28, 1.92], "texture": "#0" },
				"west": { "uv": [9.76, 5.12, 10.4, 7.04], "texture": "#0" },
				"up": { "uv": [0, 0, 1.28, 0.64], "texture": "#0" },
				"down": { "uv": [5.12, 14.08, 6.4, 14.72], "texture": "#0" }
			}
		},
		{
			"from": [9, 19, 7],
			"to": [10, 22, 9],
			"faces": {
				"north": { "uv": [9.76, 5.12, 10.4, 7.04], "texture": "#0" },
				"east": { "uv": [5.12, 5.12, 6.4, 7.04], "texture": "#0" },
				"south": { "uv": [10.4, 5.12, 11.04, 7.04], "texture": "#0" },
				"west": { "uv": [0, 0, 1.28, 1.92], "texture": "#0" },
				"up": { "uv": [0, 0, 1.28, 0.64], "rotation": 90, "texture": "#0" },
				"down": { "uv": [5.12, 14.08, 6.4, 14.72], "rotation": 270, "texture": "#0" }
			}
		},
		{
			"from": [9, 27, 7],
			"to": [10, 30, 9],
			"faces": {
				"north": { "uv": [9.76, 0, 10.4, 1.92], "texture": "#0" },
				"east": { "uv": [5.12, 0, 6.4, 1.92], "texture": "#0" },
				"south": { "uv": [10.4, 0, 11.04, 1.92], "texture": "#0" },
				"west": { "uv": [0, 0, 1.28, 1.92], "texture": "#0" },
				"up": { "uv": [5.12, 14.08, 6.4, 14.72], "rotation": 90, "texture": "#0" },
				"down": { "uv": [0, 0, 1.28, 0.64], "rotation": 270, "texture": "#0" }
			}
		},
		{
			"from": [6, 27, 7],
			"to": [7, 30, 9],
			"faces": {
				"north": { "uv": [10.4, 0, 11.04, 1.92], "texture": "#0" },
				"east": { "uv": [0, 0, 1.28, 1.92], "texture": "#0" },
				"south": { "uv": [9.76, 0, 10.4, 1.92], "texture": "#0" },
				"west": { "uv": [5.12, 0, 6.4, 1.92], "texture": "#0" },
				"up": { "uv": [5.12, 14.08, 6.4, 14.72], "rotation": 90, "texture": "#0" },
				"down": { "uv": [0, 0, 1.28, 0.64], "rotation": 270, "texture": "#0" }
			}
		},
		{
			"from": [6, 19, 7],
			"to": [7, 22, 9],
			"faces": {
				"north": { "uv": [10.4, 5.12, 11.04, 7.04], "texture": "#0" },
				"east": { "uv": [0, 0, 1.28, 1.92], "texture": "#0" },
				"south": { "uv": [9.76, 5.12, 10.4, 7.04], "texture": "#0" },
				"west": { "uv": [5.12, 5.12, 6.4, 7.04], "texture": "#0" },
				"up": { "uv": [0, 0, 1.28, 0.64], "rotation": 90, "texture": "#0" },
				"down": { "uv": [5.12, 14.08, 6.4, 14.72], "rotation": 270, "texture": "#0" }
			}
		},
		{
			"from": [2, 23, 7],
			"to": [7, 24, 9],
			"faces": {
				"north": { "uv": [10.4, 3.84, 13.6, 4.48], "texture": "#0" },
				"east": { "uv": [0, 0, 1.28, 0.64], "texture": "#0" },
				"south": { "uv": [7.2, 3.84, 10.4, 4.48], "texture": "#0" },
				"west": { "uv": [5.12, 3.84, 6.4, 4.48], "texture": "#0" },
				"up": { "uv": [0, 0, 1.28, 3.2], "rotation": 90, "texture": "#0" },
				"down": { "uv": [5.12, 9.6, 6.4, 12.8], "rotation": 270, "texture": "#0" }
			}
		},
		{
			"from": [9, 23, 7],
			"to": [14, 24, 9],
			"faces": {
				"north": { "uv": [7.2, 3.84, 10.4, 4.48], "texture": "#0" },
				"east": { "uv": [5.12, 3.84, 6.4, 4.48], "texture": "#0" },
				"south": { "uv": [10.4, 3.84, 13.6, 4.48], "texture": "#0" },
				"west": { "uv": [0, 0, 1.28, 0.64], "texture": "#0" },
				"up": { "uv": [0, 0, 1.28, 3.2], "rotation": 90, "texture": "#0" },
				"down": { "uv": [5.12, 9.6, 6.4, 12.8], "rotation": 270, "texture": "#0" }
			}
		},
		{
			"from": [9, 22, 7],
			"to": [11, 23, 9],
			"faces": {
				"north": { "uv": [9.12, 4.48, 10.4, 5.12], "texture": "#0" },
				"east": { "uv": [5.12, 4.48, 6.4, 5.12], "texture": "#0" },
				"south": { "uv": [10.4, 4.48, 11.68, 5.12], "texture": "#0" },
				"west": { "uv": [0, 0, 1.28, 0.64], "texture": "#0" },
				"up": { "uv": [0, 0, 1.28, 1.28], "rotation": 90, "texture": "#0" },
				"down": { "uv": [5.12, 12.8, 6.4, 14.08], "rotation": 270, "texture": "#0" }
			}
		},
		{
			"from": [9, 11, 7],
			"to": [10, 12, 9],
			"faces": {
				"north": { "uv": [13.44, 10.08, 14.08, 10.72], "texture": "#0" },
				"east": { "uv": [12.16, 10.08, 13.44, 10.72], "texture": "#0" },
				"south": { "uv": [11.52, 10.08, 12.16, 10.72], "texture": "#0" },
				"west": { "uv": [0, 0, 1.28, 0.64], "texture": "#0" },
				"up": { "uv": [12.16, 9.44, 13.44, 10.08], "rotation": 90, "texture": "#0" },
				"down": { "uv": [12.16, 10.72, 13.44, 11.36], "rotation": 270, "texture": "#0" }
			}
		},
		{
			"from": [9, -6, 7],
			"to": [10, -5, 9],
			"faces": {
				"north": { "uv": [13.44, 10.08, 14.08, 10.72], "texture": "#0" },
				"east": { "uv": [12.16, 10.08, 13.44, 10.72], "texture": "#0" },
				"south": { "uv": [11.52, 10.08, 12.16, 10.72], "texture": "#0" },
				"west": { "uv": [0, 0, 1.28, 0.64], "texture": "#0" },
				"up": { "uv": [12.16, 9.44, 13.44, 10.08], "rotation": 90, "texture": "#0" },
				"down": { "uv": [12.16, 10.72, 13.44, 11.36], "rotation": 270, "texture": "#0" }
			}
		},
		{
			"from": [6, -6, 7],
			"to": [7, -5, 9],
			"faces": {
				"north": { "uv": [11.52, 10.08, 12.16, 10.72], "texture": "#0" },
				"east": { "uv": [0, 0, 1.28, 0.64], "texture": "#0" },
				"south": { "uv": [13.44, 10.08, 14.08, 10.72], "texture": "#0" },
				"west": { "uv": [12.16, 10.08, 13.44, 10.72], "texture": "#0" },
				"up": { "uv": [12.16, 9.44, 13.44, 10.08], "rotation": 90, "texture": "#0" },
				"down": { "uv": [12.16, 10.72, 13.44, 11.36], "rotation": 270, "texture": "#0" }
			}
		},
		{
			"from": [6, 11, 7],
			"to": [7, 12, 9],
			"faces": {
				"north": { "uv": [11.52, 10.08, 12.16, 10.72], "texture": "#0" },
				"east": { "uv": [0, 0, 1.28, 0.64], "texture": "#0" },
				"south": { "uv": [13.44, 10.08, 14.08, 10.72], "texture": "#0" },
				"west": { "uv": [12.16, 10.08, 13.44, 10.72], "texture": "#0" },
				"up": { "uv": [12.16, 9.44, 13.44, 10.08], "rotation": 90, "texture": "#0" },
				"down": { "uv": [12.16, 10.72, 13.44, 11.36], "rotation": 270, "texture": "#0" }
			}
		},
		{
			"from": [9, 26, 7],
			"to": [11, 27, 9],
			"faces": {
				"north": { "uv": [9.12, 1.92, 10.4, 2.56], "texture": "#0" },
				"east": { "uv": [5.12, 1.92, 6.4, 2.56], "texture": "#0" },
				"south": { "uv": [10.4, 1.92, 11.68, 2.56], "texture": "#0" },
				"west": { "uv": [0, 0, 1.28, 0.64], "texture": "#0" },
				"up": { "uv": [5.12, 12.8, 6.4, 14.08], "rotation": 90, "texture": "#0" },
				"down": { "uv": [0, 0, 1.28, 1.28], "rotation": 270, "texture": "#0" }
			}
		},
		{
			"from": [5, 26, 7],
			"to": [7, 27, 9],
			"faces": {
				"north": { "uv": [10.4, 1.92, 11.68, 2.56], "texture": "#0" },
				"east": { "uv": [0, 0, 1.28, 0.64], "texture": "#0" },
				"south": { "uv": [9.12, 1.92, 10.4, 2.56], "texture": "#0" },
				"west": { "uv": [5.12, 1.92, 6.4, 2.56], "texture": "#0" },
				"up": { "uv": [5.12, 12.8, 6.4, 14.08], "rotation": 90, "texture": "#0" },
				"down": { "uv": [0, 0, 1.28, 1.28], "rotation": 270, "texture": "#0" }
			}
		},
		{
			"from": [5, 22, 7],
			"to": [7, 23, 9],
			"faces": {
				"north": { "uv": [10.4, 4.48, 11.68, 5.12], "texture": "#0" },
				"east": { "uv": [0, 0, 1.28, 0.64], "texture": "#0" },
				"south": { "uv": [9.12, 4.48, 10.4, 5.12], "texture": "#0" },
				"west": { "uv": [5.12, 4.48, 6.4, 5.12], "texture": "#0" },
				"up": { "uv": [0, 0, 1.28, 1.28], "rotation": 90, "texture": "#0" },
				"down": { "uv": [5.12, 12.8, 6.4, 14.08], "rotation": 270, "texture": "#0" }
			}
		},
		{
			"from": [2, 25, 7],
			"to": [7, 26, 9],
			"faces": {
				"north": { "uv": [10.4, 2.56, 13.6, 3.2], "texture": "#0" },
				"east": { "uv": [0, 0, 1.28, 0.64], "texture": "#0" },
				"south": { "uv": [7.2, 2.56, 10.4, 3.2], "texture": "#0" },
				"west": { "uv": [5.12, 2.56, 6.4, 3.2], "texture": "#0" },
				"up": { "uv": [5.12, 9.6, 6.4, 12.8], "rotation": 90, "texture": "#0" },
				"down": { "uv": [0, 0, 1.28, 3.2], "rotation": 270, "texture": "#0" }
			}
		},
		{
			"from": [9, 25, 7],
			"to": [14, 26, 9],
			"faces": {
				"north": { "uv": [7.2, 2.56, 10.4, 3.2], "texture": "#0" },
				"east": { "uv": [5.12, 2.56, 6.4, 3.2], "texture": "#0" },
				"south": { "uv": [10.4, 2.56, 13.6, 3.2], "texture": "#0" },
				"west": { "uv": [0, 0, 1.28, 0.64], "texture": "#0" },
				"up": { "uv": [5.12, 9.6, 6.4, 12.8], "rotation": 90, "texture": "#0" },
				"down": { "uv": [0, 0, 1.28, 3.2], "rotation": 270, "texture": "#0" }
			}
		},
		{
			"from": [9, 24, 7],
			"to": [15, 25, 9],
			"faces": {
				"north": { "uv": [6.56, 3.2, 10.4, 3.84], "texture": "#0" },
				"east": { "uv": [5.12, 3.2, 6.4, 3.84], "texture": "#0" },
				"south": { "uv": [10.4, 3.2, 14.24, 3.84], "texture": "#0" },
				"west": { "uv": [0, 0, 1.28, 0.64], "texture": "#0" },
				"up": { "uv": [6.4, 9.6, 7.68, 13.44], "rotation": 90, "texture": "#0" },
				"down": { "uv": [6.4, 9.6, 7.68, 13.44], "rotation": 270, "texture": "#0" }
			}
		},
		{
			"from": [1, 24, 7],
			"to": [7, 25, 9],
			"faces": {
				"north": { "uv": [10.4, 3.2, 14.24, 3.84], "texture": "#0" },
				"east": { "uv": [0, 0, 1.28, 0.64], "texture": "#0" },
				"south": { "uv": [6.56, 3.2, 10.4, 3.84], "texture": "#0" },
				"west": { "uv": [5.12, 3.2, 6.4, 3.84], "texture": "#0" },
				"up": { "uv": [6.4, 9.6, 7.68, 13.44], "rotation": 90, "texture": "#0" },
				"down": { "uv": [6.4, 9.6, 7.68, 13.44], "rotation": 270, "texture": "#0" }
			}
		}
	],
	"display": {
		"thirdperson_righthand": {
			"translation": [0, 1.75, 0],
			"scale": [0.81, 0.81, 0.81]
		},
		"thirdperson_lefthand": {
			"translation": [0, 1.75, 0],
			"scale": [0.81, 0.81, 0.81]
		},
		"firstperson_righthand": {
			"rotation": [-28, 0, 0],
			"translation": [4, -2.5, 0.25]
		},
		"firstperson_lefthand": {
			"rotation": [-28, 0, 0],
			"translation": [4, -2.5, 0.25]
		},
		"head": {
			"rotation": [0, 0, -90.5],
			"translation": [0, -5.25, -8]
		}
	}
}
