{
	"credit": "Made by Elo106",
	"texture_size": [32, 32],
	"textures": {
		"19": "vs:item/vs_back_plant",
		"particle": "vs:item/vs_back_plant"
	},
	"elements": [
		{
			"from": [7, -1, 14.5],
			"to": [10, 0, 17.5],
			"rotation": { "angle": 22.5, "axis": "x", "origin": [8.5, -3.25, 14.5] },
			"faces": {
				"north": { "uv": [8.5, 8.75, 9.25, 9], "texture": "#19" },
				"east": { "uv": [8.75, 8.5, 9.5, 8.75], "texture": "#19" },
				"south": { "uv": [0, 9, 0.75, 9.25], "texture": "#19" },
				"west": { "uv": [9, 0, 9.75, 0.25], "texture": "#19" },
				"up": { "uv": [4.75, 2.25, 4, 1.5], "texture": "#19" },
				"down": { "uv": [5, 7.25, 4.25, 8], "texture": "#19" }
			}
		},
		{
			"from": [7.5, -2, 15],
			"to": [9.5, 2, 17],
			"rotation": { "angle": 22.5, "axis": "x", "origin": [8.5, -3.25, 14.5] },
			"faces": {
				"north": { "uv": [4.25, 8, 4.75, 9], "texture": "#19" },
				"east": { "uv": [4.75, 8, 5.25, 9], "texture": "#19" },
				"south": { "uv": [1.75, 8.75, 2.25, 9.75], "texture": "#19" },
				"west": { "uv": [8.75, 2, 9.25, 3], "texture": "#19" },
				"up": { "uv": [5.25, 2, 4.75, 1.5], "texture": "#19" },
				"down": { "uv": [9.25, 8, 8.75, 8.5], "texture": "#19" }
			}
		},
		{
			"from": [6, 0, 13.5],
			"to": [11, 1, 18.5],
			"rotation": { "angle": 22.5, "axis": "x", "origin": [8.5, -3.25, 14.5] },
			"faces": {
				"north": { "uv": [7.25, 8.75, 8.5, 9], "texture": "#19" },
				"east": { "uv": [8.75, 7.25, 10, 7.5], "texture": "#19" },
				"south": { "uv": [8.75, 7.5, 10, 7.75], "texture": "#19" },
				"west": { "uv": [8.75, 7.75, 10, 8], "texture": "#19" },
				"up": { "uv": [8.5, 6.5, 7.25, 5.25], "texture": "#19" },
				"down": { "uv": [9.75, 3.75, 8.5, 5], "texture": "#19" }
			}
		},
		{
			"from": [12, 1.39229, 20.47314],
			"to": [5, -8.60771, 13.47314],
			"rotation": { "angle": 22.5, "axis": "x", "origin": [8.5, 0.39229, 8.97314] },
			"faces": {
				"north": { "uv": [1.75, 4.75, 3.5, 7.25], "texture": "#19" },
				"east": { "uv": [3.5, 4.75, 5.25, 7.25], "texture": "#19" },
				"south": { "uv": [5.25, 0, 7, 2.5], "texture": "#19" },
				"west": { "uv": [5.25, 2.5, 7, 5], "texture": "#19" },
				"up": { "uv": [8.75, 8.75, 7, 7], "texture": "#19" },
				"down": { "uv": [1.75, 7.25, 0, 9], "texture": "#19" }
			}
		},
		{
			"from": [4.98, -11.4419, 11.91107],
			"to": [12.02, -1.4019, 18.95107],
			"rotation": { "angle": 22.5, "axis": "x", "origin": [8.5, -4.9219, 15.43107] },
			"faces": {
				"north": { "uv": [5.25, 2.5, 7, 0], "texture": "#19" },
				"east": { "uv": [5.25, 5, 7, 2.5], "texture": "#19" },
				"south": { "uv": [1.75, 7.25, 3.5, 4.75], "texture": "#19" },
				"west": { "uv": [3.5, 7.25, 5.25, 4.75], "texture": "#19" },
				"up": { "uv": [0, 7.25, 1.75, 9], "texture": "#19" },
				"down": { "uv": [7, 8.75, 8.75, 7], "texture": "#19" }
			}
		},
		{
			"from": [8.5, -11.21245, 11.56807],
			"to": [8.5, -5.21245, 16.56807],
			"rotation": { "angle": 22.5, "axis": "x", "origin": [8.5, -8.21245, 14.06807] },
			"faces": {
				"north": { "uv": [0, 0, 0, 1.5], "texture": "#19" },
				"east": { "uv": [3, 7.25, 1.75, 8.75], "texture": "#19" },
				"south": { "uv": [0, 0, 0, 1.5], "texture": "#19" },
				"west": { "uv": [1.75, 7.25, 3, 8.75], "texture": "#19" },
				"up": { "uv": [0, 1.25, 0, 0], "texture": "#19" },
				"down": { "uv": [0, 0, 0, 1.25], "texture": "#19" }
			}
		},
		{
			"from": [6, -11.21245, 14.06807],
			"to": [11, -5.21245, 14.06807],
			"rotation": { "angle": 22.5, "axis": "x", "origin": [8.5, -8.21245, 14.06807] },
			"faces": {
				"north": { "uv": [8.5, 3.75, 7.25, 5.25], "texture": "#19" },
				"east": { "uv": [0, 0, 0, 1.5], "texture": "#19" },
				"south": { "uv": [7.25, 3.75, 8.5, 5.25], "texture": "#19" },
				"west": { "uv": [0, 0, 0, 1.5], "texture": "#19" },
				"up": { "uv": [1.25, 0, 0, 0], "texture": "#19" },
				"down": { "uv": [1.25, 0, 0, 0], "texture": "#19" }
			}
		},
		{
			"from": [4.5, -4, 11],
			"to": [12.5, -3, 20],
			"rotation": { "angle": 22.5, "axis": "x", "origin": [8.5, -3.25, 14.5] },
			"faces": {
				"north": { "uv": [8.5, 6, 10.5, 6.25], "texture": "#19" },
				"east": { "uv": [8.5, 5.5, 10.75, 5.75], "texture": "#19" },
				"south": { "uv": [8.5, 6.25, 10.5, 6.5], "texture": "#19" },
				"west": { "uv": [8.5, 5.75, 10.75, 6], "texture": "#19" },
				"up": { "uv": [2, 2.25, 0, 0], "texture": "#19" },
				"down": { "uv": [4, 0, 2, 2.25], "texture": "#19" }
			}
		},
		{
			"from": [4.5, -2.67964, 9.36209],
			"to": [12.5, -1.67964, 11.36209],
			"rotation": { "angle": 0, "axis": "y", "origin": [8.5, -1.92964, 7.86209] },
			"faces": {
				"north": { "uv": [2.25, 8.75, 4.25, 9], "texture": "#19" },
				"east": { "uv": [4.75, 2, 5.25, 2.25], "texture": "#19" },
				"south": { "uv": [8.75, 3, 10.75, 3.25], "texture": "#19" },
				"west": { "uv": [9, 0.25, 9.5, 0.5], "texture": "#19" },
				"up": { "uv": [9.25, 7, 7.25, 6.5], "texture": "#19" },
				"down": { "uv": [10.5, 5, 8.5, 5.5], "texture": "#19" }
			}
		},
		{
			"from": [4.5, -9, 12],
			"to": [12.5, -8, 20],
			"rotation": { "angle": 22.5, "axis": "x", "origin": [8.5, -3.25, 14.5] },
			"faces": {
				"north": { "uv": [8.75, 3.25, 10.75, 3.5], "texture": "#19" },
				"east": { "uv": [8.75, 3.5, 10.75, 3.75], "texture": "#19" },
				"south": { "uv": [5.25, 8.75, 7.25, 9], "texture": "#19" },
				"west": { "uv": [8.75, 7, 10.75, 7.25], "texture": "#19" },
				"up": { "uv": [7.25, 7, 5.25, 5], "texture": "#19" },
				"down": { "uv": [9, 0, 7, 2], "texture": "#19" }
			}
		}
	],
	"gui_light": "front",
	"display": {
		"thirdperson_righthand": {
			"rotation": [-120, 0, 180],
			"translation": [1.5, 1.5, 10.5]
		},
		"thirdperson_lefthand": {
			"rotation": [-120, 0, 180],
			"translation": [0.5, 1.5, 10.5]
		},
		"firstperson_righthand": {
			"rotation": [0, -45, 0],
			"translation": [4, 8.25, -4.5],
			"scale": [0.5, 0.5, 0.5]
		},
		"firstperson_lefthand": {
			"rotation": [0, -45, 0],
			"translation": [4, 8.25, -4.5],
			"scale": [0.5, 0.5, 0.5]
		},
		"ground": {
			"translation": [0, 6.5, -4.25],
			"scale": [0.5, 0.5, 0.5]
		},
		"gui": {
			"rotation": [0, 45, 0],
			"translation": [-4.5, 13.75, 0]
		},
		"head": {
			"translation": [0, -24, -0.5],
			"scale": [2, 2, 2]
		},
		"fixed": {
			"rotation": [112, 0, 180],
			"translation": [1, 23, -30.75],
			"scale": [2, 2, 2]
		}
	},
	"groups": [
		{
			"name": "plant cylinder",
			"origin": [8.5, -1.75, 14.5],
			"color": 0,
			"children": [0, 1, 2, 3, 4, 5, 6, 7, 8, 9]
		}
	]
}
