{
	"credit": "Made with Blockbench",
	"textures": {
		"hammer_spike": "lom:item/weapons/hammer_spike",
		"hammer_head": "lom:item/weapons/hammer_head",
		"hammer_frame": "lom:item/weapons/hammer_frame",
		"hammer_handle": "lom:item/weapons/hammer_handle",
		"hammer_inlet": "lom:item/weapons/hammer_inlet"
	},
	"elements": [
		{
			"from": [6.5, 10, 5],
			"to": [9.5, 13.5, 11],
			"rotation": { "angle": 0, "axis": "y", "origin": [8, 11.75, 9.25] },
			"faces": {
				"north": { "uv": [0, 0, 3, 3.5], "texture": "#hammer_inlet" },
				"east": { "uv": [0, 1, 15, 13.5], "texture": "#hammer_inlet" },
				"south": { "uv": [0, 0, 3, 3.5], "texture": "#hammer_inlet" },
				"west": { "uv": [0, 1, 15, 13.5], "texture": "#hammer_inlet" },
				"up": { "uv": [0, 0, 3, 6], "texture": "#hammer_inlet" },
				"down": { "uv": [0, 0, 3, 6], "texture": "#hammer_inlet" }
			}
		},
		{
			"from": [6.5, 9.375, 7],
			"to": [9.5, 9.875, 9],
			"rotation": { "angle": 0, "axis": "y", "origin": [8, 11.75, 9.25] },
			"faces": {
				"north": { "uv": [0, 0, 3, 0.5], "texture": "#hammer_head" },
				"east": { "uv": [0, 0, 2, 0.5], "texture": "#hammer_head" },
				"south": { "uv": [0, 0, 3, 0.5], "texture": "#hammer_head" },
				"west": { "uv": [0, 0, 2, 0.5], "texture": "#hammer_head" },
				"up": { "uv": [0, 0, 3, 2], "texture": "#hammer_head" },
				"down": { "uv": [0, 0, 3, 2], "texture": "#hammer_head" }
			}
		},
		{
			"from": [6, 9.75, 10.75],
			"to": [10, 13.65, 11.25],
			"faces": {
				"north": { "uv": [7, 15, 9, 16], "rotation": 180, "texture": "#hammer_spike" },
				"east": { "uv": [8, 15.15, 8.5, 16], "texture": "#hammer_spike" },
				"south": { "uv": [7, 14.15, 9, 16], "texture": "#hammer_spike" },
				"west": { "uv": [7, 15, 7.5, 15.85], "texture": "#hammer_spike" },
				"up": { "uv": [7, 15, 9, 16], "texture": "#hammer_spike" },
				"down": { "uv": [7, 15, 9, 16], "texture": "#hammer_spike" }
			}
		},
		{
			"from": [6, 9.75, 4.75],
			"to": [10, 13.65, 5.25],
			"faces": {
				"north": { "uv": [7, 15, 9, 16], "texture": "#hammer_spike" },
				"east": { "uv": [8, 14.15, 8.5, 16], "texture": "#hammer_spike" },
				"south": { "uv": [7, 15.15, 9, 16], "rotation": 180, "texture": "#hammer_spike" },
				"west": { "uv": [7, 14, 7.5, 15.85], "texture": "#hammer_spike" },
				"up": { "uv": [7, 15, 9, 16], "texture": "#hammer_spike" },
				"down": { "uv": [7, 15, 9, 16], "texture": "#hammer_spike" }
			}
		},
		{
			"from": [6, 13.125, 5.25],
			"to": [10, 13.625, 10.75],
			"rotation": { "angle": 0, "axis": "y", "origin": [8, 11.625, 11] },
			"faces": {
				"north": { "uv": [0, 15, 2, 15.5], "rotation": 180, "texture": "#hammer_spike" },
				"east": { "uv": [8, 14.5, 7.5, 16], "rotation": 270, "texture": "#hammer_spike" },
				"south": { "uv": [2, 9, 6, 9.5], "texture": "#hammer_spike" },
				"west": { "uv": [9, 14.5, 9.5, 16], "rotation": 90, "texture": "#hammer_spike" },
				"up": { "uv": [7, 14.4, 9, 16], "rotation": 180, "texture": "#hammer_spike" },
				"down": { "uv": [6, 14.5, 10, 16], "texture": "#hammer_spike" }
			}
		},
		{
			"from": [5.9, 8.825, 7.55],
			"to": [10.1, 9.475, 8.45],
			"rotation": { "angle": 0, "axis": "y", "origin": [8, 11.625, 11] },
			"faces": {
				"north": { "uv": [10, 11, 12, 12], "rotation": 180, "texture": "#hammer_spike" },
				"east": { "uv": [12, 7.5, 11.5, 14], "rotation": 270, "texture": "#hammer_spike" },
				"south": { "uv": [10, 11, 12, 12], "texture": "#hammer_spike" },
				"west": { "uv": [3, 7.5, 3.5, 13], "rotation": 90, "texture": "#hammer_spike" },
				"up": { "uv": [3, 13.4, 5, 15], "rotation": 180, "texture": "#hammer_spike" },
				"down": { "uv": [10, 9.5, 12, 10.5], "rotation": 180, "texture": "#hammer_spike" }
			}
		},
		{
			"from": [6, 9.75, 5.25],
			"to": [10, 10.25, 10.75],
			"rotation": { "angle": 0, "axis": "y", "origin": [8, 11.625, 11] },
			"faces": {
				"north": { "uv": [0, 0, 4, 0.5], "rotation": 180, "texture": "#hammer_spike" },
				"east": { "uv": [7, 15, 9, 16], "texture": "#hammer_spike" },
				"south": { "uv": [0, 0, 4, 0.5], "texture": "#hammer_spike" },
				"west": { "uv": [7, 15, 9, 16], "texture": "#hammer_spike" },
				"up": { "uv": [6, 15.5, 10, 16], "rotation": 180, "texture": "#hammer_spike" },
				"down": { "uv": [6, 15.5, 10, 16], "texture": "#hammer_spike" }
			}
		},
		{
			"from": [6, 9, 7.6],
			"to": [10, 9.5, 9.75],
			"rotation": { "angle": -22.5, "axis": "x", "origin": [8, 10, 8] },
			"faces": {
				"north": { "uv": [6, 1, 10, 1.5], "rotation": 180, "texture": "#hammer_spike" },
				"east": { "uv": [7, 14.85, 7.5, 16], "rotation": 270, "texture": "#hammer_spike" },
				"south": { "uv": [10, 3, 14, 3.5], "texture": "#hammer_spike" },
				"west": { "uv": [8, 13.85, 8.5, 16], "rotation": 90, "texture": "#hammer_spike" },
				"up": { "uv": [0, 13.85, 4, 16], "rotation": 180, "texture": "#hammer_spike" },
				"down": { "uv": [7, 15, 9, 16], "texture": "#hammer_spike" }
			}
		},
		{
			"from": [6, 9, 6.25],
			"to": [10, 9.5, 8.4],
			"rotation": { "angle": 22.5, "axis": "x", "origin": [8, 10, 8] },
			"faces": {
				"north": { "uv": [0, 0, 4, 0.5], "rotation": 180, "texture": "#hammer_spike" },
				"east": { "uv": [8, 13.85, 8.5, 16], "rotation": 270, "texture": "#hammer_spike" },
				"south": { "uv": [0, 0, 4, 0.5], "texture": "#hammer_spike" },
				"west": { "uv": [7, 13.85, 7.5, 16], "rotation": 90, "texture": "#hammer_spike" },
				"up": { "uv": [12, 13.85, 16, 16], "rotation": 180, "texture": "#hammer_spike" },
				"down": { "uv": [7, 15, 9, 16], "texture": "#hammer_spike" }
			}
		},
		{
			"from": [6.625, 10.23, 1],
			"to": [9.375, 12.98, 3.25],
			"rotation": { "angle": 0, "axis": "y", "origin": [8, 11.65, 2.125] },
			"faces": {
				"north": { "uv": [5, 10, 9, 15], "texture": "#hammer_head" },
				"east": { "uv": [0, 0, 6, 7], "texture": "#hammer_head" },
				"south": { "uv": [11, 12, 16, 16], "texture": "#hammer_head" },
				"west": { "uv": [0, 0, 5, 6], "texture": "#hammer_head" },
				"up": { "uv": [0, 0, 5, 6], "texture": "#hammer_head" },
				"down": { "uv": [0, 0, 5, 6], "texture": "#hammer_head" }
			}
		},
		{
			"from": [7, 10.65, 3],
			"to": [8.9, 12.55, 4.9],
			"rotation": { "angle": 45, "axis": "z", "origin": [8, 11.65, 4] },
			"faces": {
				"north": { "uv": [0, 0, 2, 2], "rotation": 270, "texture": "#hammer_frame" },
				"east": { "uv": [0, 0, 2, 2], "rotation": 90, "texture": "#hammer_frame" },
				"south": { "uv": [8, 9, 10, 11], "rotation": 180, "texture": "#hammer_frame" },
				"west": { "uv": [0, 0, 2, 2], "rotation": 270, "texture": "#hammer_frame" },
				"up": { "uv": [0, 0, 2, 2], "rotation": 90, "texture": "#hammer_frame" },
				"down": { "uv": [0, 0, 2, 2], "rotation": 270, "texture": "#hammer_frame" }
			}
		},
		{
			"from": [7.5, 3, 7.75],
			"to": [8.5, 10, 8.25],
			"rotation": { "angle": 0, "axis": "y", "origin": [8, 6.5, 8] },
			"faces": {
				"north": { "uv": [13, 7, 14, 14], "texture": "#hammer_handle" },
				"east": { "uv": [5, 3, 5.5, 10], "texture": "#hammer_handle" },
				"south": { "uv": [13, 7, 14, 14], "texture": "#hammer_handle" },
				"west": { "uv": [5, 3, 5.5, 10], "texture": "#hammer_handle" },
				"up": { "uv": [8, 0.5, 7, 0], "texture": "#hammer_handle" },
				"down": { "uv": [2, 7, 1, 7.5], "texture": "#hammer_handle" }
			}
		},
		{
			"from": [7, 0.70711, 7],
			"to": [9, 2.70711, 9],
			"rotation": { "angle": 45, "axis": "x", "origin": [8, 1.70711, 8] },
			"faces": {
				"north": { "uv": [8, 14, 10, 16], "texture": "#hammer_spike" },
				"east": { "uv": [6, 14, 8, 16], "texture": "#hammer_spike" },
				"south": { "uv": [8, 14, 10, 16], "texture": "#hammer_spike" },
				"west": { "uv": [6, 14, 8, 16], "texture": "#hammer_spike" },
				"up": { "uv": [6, 14, 8, 16], "texture": "#hammer_spike" },
				"down": { "uv": [8, 14, 10, 16], "texture": "#hammer_spike" }
			}
		},
		{
			"from": [6.75, 0.95711, 7.25],
			"to": [9.25, 2.45711, 8.75],
			"rotation": { "angle": 45, "axis": "x", "origin": [8, 1.70711, 8] },
			"faces": {
				"north": { "uv": [12, 1, 15, 3], "texture": "#hammer_spike" },
				"east": { "uv": [12, 1, 15, 3], "texture": "#hammer_spike" },
				"south": { "uv": [12, 1, 15, 3], "texture": "#hammer_spike" },
				"west": { "uv": [12, 1, 15, 3], "texture": "#hammer_spike" },
				"up": { "uv": [12, 1, 15, 3], "texture": "#hammer_spike" },
				"down": { "uv": [12, 1, 15, 3], "texture": "#hammer_spike" }
			}
		},
		{
			"from": [7.25, 2.25, 7.25],
			"to": [8.75, 3.25, 8.75],
			"rotation": { "angle": 0, "axis": "y", "origin": [8, 2.75, 8] },
			"faces": {
				"north": { "uv": [11, 6, 13, 7.1], "texture": "#hammer_frame" },
				"east": { "uv": [11, 6, 13, 7.1], "texture": "#hammer_frame" },
				"south": { "uv": [11, 6, 13, 7.1], "texture": "#hammer_frame" },
				"west": { "uv": [11, 6, 13, 7.1], "texture": "#hammer_frame" },
				"up": { "uv": [11, 6, 13, 8], "texture": "#hammer_frame" },
				"down": { "uv": [11, 6, 13, 8], "texture": "#hammer_frame" }
			}
		},
		{
			"from": [7.75, 3, 7.5],
			"to": [8.25, 10, 8.5],
			"rotation": { "angle": 0, "axis": "y", "origin": [8, 6.5, 8] },
			"faces": {
				"north": { "uv": [6, 7, 6.5, 14], "texture": "#hammer_handle" },
				"east": { "uv": [5, 7, 6, 14], "texture": "#hammer_handle" },
				"south": { "uv": [6, 7, 6.5, 14], "texture": "#hammer_handle" },
				"west": { "uv": [5, 7, 6, 14], "texture": "#hammer_handle" },
				"up": { "uv": [7.5, 2, 7, 1], "texture": "#hammer_handle" },
				"down": { "uv": [2.5, 7, 2, 8], "texture": "#hammer_handle" }
			}
		},
		{
			"from": [7.125, 13, 7.25],
			"to": [8.875, 14, 8.75],
			"rotation": { "angle": 0, "axis": "y", "origin": [8, 11.75, 9.25] },
			"faces": {
				"north": { "uv": [0, 0, 1.75, 1], "texture": "#hammer_spike" },
				"east": { "uv": [0, 0, 1.5, 1], "texture": "#hammer_spike" },
				"south": { "uv": [10, 10, 11.95, 11.3], "texture": "#hammer_spike" },
				"west": { "uv": [10, 8, 10.9, 9.2], "texture": "#hammer_spike" },
				"up": { "uv": [10, 11, 12, 12], "texture": "#hammer_spike" },
				"down": { "uv": [0, 0, 1.75, 1.5], "texture": "#hammer_spike" }
			}
		},
		{
			"from": [7.375, 14, 7.5],
			"to": [8.625, 14.5, 8.5],
			"rotation": { "angle": 0, "axis": "y", "origin": [8, 11.75, 9.25] },
			"faces": {
				"north": { "uv": [0, 0, 1.25, 0.5], "texture": "#hammer_spike" },
				"east": { "uv": [0, 0, 1, 0.5], "texture": "#hammer_spike" },
				"south": { "uv": [10, 9, 12.05, 9.8], "texture": "#hammer_spike" },
				"west": { "uv": [7, 6, 8, 6.5], "texture": "#hammer_spike" },
				"up": { "uv": [10, 11, 12, 12], "texture": "#hammer_spike" },
				"down": { "uv": [0, 0, 1.25, 1], "texture": "#hammer_spike" }
			}
		},
		{
			"from": [7.625, 14.5, 7.75],
			"to": [8.375, 15, 8.25],
			"rotation": { "angle": 0, "axis": "y", "origin": [8, 11.75, 9.25] },
			"faces": {
				"north": { "uv": [0, 0, 0.75, 0.5], "texture": "#hammer_spike" },
				"east": { "uv": [0, 0, 0.5, 0.5], "texture": "#hammer_spike" },
				"south": { "uv": [10, 10, 11.95, 10.7], "texture": "#hammer_spike" },
				"west": { "uv": [7, 6, 7.5, 6.5], "texture": "#hammer_spike" },
				"up": { "uv": [10, 11, 12, 12], "texture": "#hammer_spike" },
				"down": { "uv": [0, 0, 0.75, 0.5], "texture": "#hammer_spike" }
			}
		},
		{
			"from": [7.625, 13.90368, 5.87868],
			"to": [8.375, 14.60368, 9.12868],
			"rotation": { "angle": 45, "axis": "x", "origin": [8, 14.25368, 5.87868] },
			"faces": {
				"north": { "uv": [10, 11.4, 11.95, 14], "texture": "#hammer_spike" },
				"east": { "uv": [10.3, 10.35, 10.8, 13.6], "rotation": 270, "texture": "#hammer_spike" },
				"south": { "uv": [5, 5, 5.75, 5.5], "texture": "#hammer_spike" },
				"west": { "uv": [6, 5.55, 7, 8.9], "rotation": 90, "texture": "#hammer_spike" },
				"up": { "uv": [10, 11, 12, 12], "rotation": 180, "texture": "#hammer_spike" },
				"down": { "uv": [10, 10.8, 11.95, 13.95], "rotation": 180, "texture": "#hammer_spike" }
			}
		},
		{
			"from": [7.625, 10.90368, 5.5787],
			"to": [8.375, 11.60368, 8.8287],
			"rotation": { "angle": -45, "axis": "x", "origin": [8, 14.25368, 5.87868] },
			"faces": {
				"north": { "uv": [6, 8, 6.75, 8.5], "rotation": 180, "texture": "#hammer_spike" },
				"east": { "uv": [5, 5.5, 6.95, 7.7], "rotation": 180, "texture": "#hammer_spike" },
				"south": { "uv": [10, 10, 11.95, 10.6], "rotation": 180, "texture": "#hammer_spike" },
				"west": { "uv": [5, 5.55, 6.9, 7.7], "rotation": 90, "texture": "#hammer_spike" },
				"up": { "uv": [10, 11, 12, 12], "rotation": 180, "texture": "#hammer_spike" },
				"down": { "uv": [10, 8.55, 11.95, 11], "rotation": 180, "texture": "#hammer_spike" }
			}
		},
		{
			"from": [7.875, 14.00368, 4.87868],
			"to": [8.125, 14.50368, 8.12868],
			"rotation": { "angle": 45, "axis": "x", "origin": [8, 14.25368, 5.87868] },
			"faces": {
				"north": { "uv": [10, 9.9, 11.95, 11.5], "texture": "#hammer_spike" },
				"east": { "uv": [10, 10.6, 11, 13.95], "rotation": 270, "texture": "#hammer_spike" },
				"south": { "uv": [0, 0, 0.25, 0.5], "texture": "#hammer_spike" },
				"west": { "uv": [11, 8, 12, 13.25], "rotation": 90, "texture": "#hammer_spike" },
				"up": { "uv": [10, 10.6, 11.95, 13.95], "rotation": 180, "texture": "#hammer_spike" },
				"down": { "uv": [10, 10.7, 11.95, 13.95], "rotation": 180, "texture": "#hammer_spike" }
			}
		},
		{
			"from": [7.88, 15.0037, 8.62868],
			"to": [8.13, 18.2537, 9.12868],
			"rotation": { "angle": 45, "axis": "x", "origin": [8, 14.25368, 5.87868] },
			"faces": {
				"north": { "uv": [10, 9, 11.95, 12.35], "texture": "#hammer_spike" },
				"east": { "uv": [0, 0, 0.5, 3.25], "texture": "#hammer_spike" },
				"south": { "uv": [0, 0, 0.25, 3.25], "texture": "#hammer_spike" },
				"west": { "uv": [7, 6, 7.5, 9.25], "texture": "#hammer_spike" },
				"up": { "uv": [10, 11, 11.95, 12], "rotation": 180, "texture": "#hammer_spike" },
				"down": { "uv": [0, 0, 0.25, 0.5], "texture": "#hammer_spike" }
			}
		},
		{
			"from": [8.5, 11.55, 11],
			"to": [9.5, 12.75, 13],
			"faces": {
				"north": { "uv": [0, 0, 1, 1.2], "texture": "#hammer_spike" },
				"east": { "uv": [11, 11, 13, 12], "texture": "#hammer_spike" },
				"south": { "uv": [0, 0, 1, 1.2], "texture": "#hammer_spike" },
				"west": { "uv": [10, 8, 11, 9], "texture": "#hammer_spike" },
				"up": { "uv": [10, 8, 12, 10.2], "texture": "#hammer_spike" },
				"down": { "uv": [10, 11, 12, 12], "texture": "#hammer_spike" }
			}
		},
		{
			"from": [8.6, 11.75, 12.625],
			"to": [9.4, 12.55, 14.875],
			"rotation": { "angle": 22.5, "axis": "x", "origin": [7, 12.25, 13] },
			"faces": {
				"north": { "uv": [0, 0, 0.8, 0.8], "texture": "#hammer_spike" },
				"east": { "uv": [0, 0, 2.25, 0.8], "texture": "#hammer_spike" },
				"south": { "uv": [10, 11, 12, 12], "texture": "#hammer_spike" },
				"west": { "uv": [0, 0, 2.25, 1.8], "texture": "#hammer_spike" },
				"up": { "uv": [10, 8, 12, 9.15], "texture": "#hammer_spike" },
				"down": { "uv": [10, 11, 12, 12], "texture": "#hammer_spike" }
			}
		},
		{
			"from": [6.6, 11.75, 12.625],
			"to": [7.4, 12.55, 14.875],
			"rotation": { "angle": 22.5, "axis": "x", "origin": [7, 12.25, 13] },
			"faces": {
				"north": { "uv": [0, 0, 0.8, 0.8], "texture": "#hammer_spike" },
				"east": { "uv": [0, 0, 2.25, 0.8], "texture": "#hammer_spike" },
				"south": { "uv": [10, 11, 12, 12], "rotation": 180, "texture": "#hammer_spike" },
				"west": { "uv": [0, 0, 2.25, 0.8], "texture": "#hammer_spike" },
				"up": { "uv": [10, 8, 12, 9.15], "rotation": 180, "texture": "#hammer_spike" },
				"down": { "uv": [10, 11, 12, 12], "rotation": 180, "texture": "#hammer_spike" }
			}
		},
		{
			"from": [6.5, 11.55, 11],
			"to": [7.5, 12.75, 13],
			"faces": {
				"north": { "uv": [0, 0, 1, 1.2], "texture": "#hammer_spike" },
				"east": { "uv": [11, 11, 13, 12], "texture": "#hammer_spike" },
				"south": { "uv": [10, 12.7, 12.1, 13.9], "rotation": 180, "texture": "#hammer_spike" },
				"west": { "uv": [11, 8, 12, 9], "texture": "#hammer_spike" },
				"up": { "uv": [10, 9, 12.2, 11.4], "rotation": 180, "texture": "#hammer_spike" },
				"down": { "uv": [10, 11, 12, 13], "rotation": 180, "texture": "#hammer_spike" }
			}
		}
	],
	"display": {
		"thirdperson_righthand": {
			"translation": [0, 2.5, 1.5],
			"scale": [1.5, 1.5, 1.2]
		},
		"thirdperson_lefthand": {
			"translation": [0, 2.5, 1.5],
			"scale": [1.5, 1.5, 1.2]
		},
		"firstperson_righthand": {
			"rotation": [10, 10, -10],
			"translation": [0, 3, 0],
			"scale": [1.3, 1.3, 1]
		},
		"firstperson_lefthand": {
			"rotation": [10, 10, -10],
			"translation": [0, 3, 0],
			"scale": [1.3, 1.3, 1]
		},
		"ground": {
			"rotation": [180, 126, 88],
			"translation": [0, 1, 0]
		},
		"gui": {
			"rotation": [90, 45, -90],
			"translation": [-1, -1, 0],
			"scale": [1.2, 1.2, 1.2]
		},
		"head": {
			"rotation": [-180, 56, 0],
			"translation": [0, 18.75, 0],
			"scale": [2.2, 2.2, 2.2]
		},
		"fixed": {
			"rotation": [0, -90, 0]
		}
	},
	"groups": [
		{
			"name": "New Hammer",
			"origin": [8, 6.5, 8],
			"color": 0,
			"children": [
				{
					"name": "Hammer Casing",
					"origin": [8, 10, 8],
					"color": 0,
					"children": [0, 1, 2, 3, 4, 5, 6, 7, 8]
				},
				{
					"name": "Hammer Face",
					"origin": [7.875, 11.625, 2.125],
					"color": 0,
					"children": [9]
				},
				10,
				{
					"name": "Handle",
					"origin": [8, 6.5, 8],
					"color": 0,
					"children": [11, 12, 13, 14, 15]
				},
				{
					"name": "Spikes",
					"origin": [8, 8, 8],
					"color": 0,
					"children": [16, 17, 18, 19, 20, 21, 22, 23, 24, 25, 26]
				}
			]
		}
	]
}
