{
	"credit": "Made with Blockbench",
	"textures": {
		"4": "lom:item/weapons/dvz_juicer_chassis_paladin",
		"flamethrower_paladin_accessory": "lom:item/weapons/dvz_flamer_accessory_paladin",
		"flamethrower_paladin_barrel": "lom:item/weapons/dvz_flamer_barrel_paladin",
		"flamethrower_paladin_handle": "lom:item/weapons/dvz_flamer_handle_paladin",
		"particle": "lom:item/weapons/dvz_juicer_chassis_paladin"
	},
	"elements": [
		{
			"from": [8.75, 6.25, 4],
			"to": [9, 6.5, 14],
			"rotation": { "angle": 0, "axis": "y", "origin": [8.17873, 7.39645, 7.83265] },
			"faces": {
				"north": { "uv": [0, 0, 0.25, 0.25], "texture": "#flamethrower_paladin_accessory" },
				"east": { "uv": [0, 0, 10, 0.25], "texture": "#flamethrower_paladin_accessory" },
				"south": { "uv": [0, 0, 0.25, 0.25], "texture": "#flamethrower_paladin_accessory" },
				"west": { "uv": [0, 0, 10, 0.25], "texture": "#flamethrower_paladin_accessory" },
				"up": { "uv": [0, 0, 0.25, 10], "texture": "#flamethrower_paladin_accessory" },
				"down": { "uv": [0, 0, 0.25, 10], "texture": "#flamethrower_paladin_accessory" }
			}
		},
		{
			"from": [8.75, 5.5, 7],
			"to": [9, 6.25, 7.5],
			"rotation": { "angle": 0, "axis": "y", "origin": [8.17873, 7.39645, 7.83265] },
			"faces": {
				"north": { "uv": [0, 0, 0.25, 0.75], "texture": "#flamethrower_paladin_accessory" },
				"east": { "uv": [0, 0, 0.5, 0.75], "texture": "#flamethrower_paladin_accessory" },
				"south": { "uv": [0, 0, 0.25, 0.75], "texture": "#flamethrower_paladin_accessory" },
				"west": { "uv": [0, 0, 0.5, 0.75], "texture": "#flamethrower_paladin_accessory" },
				"up": { "uv": [0, 0, 0.25, 0.5], "texture": "#flamethrower_paladin_accessory" },
				"down": { "uv": [0, 0, 0.25, 0.5], "texture": "#flamethrower_paladin_accessory" }
			}
		},
		{
			"from": [8.5, 5.25, 6.75],
			"to": [9, 5.5, 7.75],
			"rotation": { "angle": 0, "axis": "y", "origin": [8.17873, 7.39645, 7.83265] },
			"faces": {
				"north": { "uv": [0, 0, 0.5, 0.25], "texture": "#flamethrower_paladin_accessory" },
				"east": { "uv": [0, 0, 1, 0.25], "texture": "#flamethrower_paladin_accessory" },
				"south": { "uv": [0, 0, 0.5, 0.25], "texture": "#flamethrower_paladin_accessory" },
				"west": { "uv": [0, 0, 1, 0.25], "texture": "#flamethrower_paladin_accessory" },
				"up": { "uv": [0, 0, 0.5, 1], "texture": "#flamethrower_paladin_accessory" },
				"down": { "uv": [0, 0, 0.5, 1], "texture": "#flamethrower_paladin_accessory" }
			}
		},
		{
			"from": [8.75, 5.5, 10.5],
			"to": [9, 6.25, 11],
			"rotation": { "angle": 0, "axis": "y", "origin": [8.17873, 7.39645, 7.83265] },
			"faces": {
				"north": { "uv": [0, 0, 0.25, 0.75], "texture": "#flamethrower_paladin_accessory" },
				"east": { "uv": [0, 0, 0.5, 0.75], "texture": "#flamethrower_paladin_accessory" },
				"south": { "uv": [0, 0, 0.25, 0.75], "texture": "#flamethrower_paladin_accessory" },
				"west": { "uv": [0, 0, 0.5, 0.75], "texture": "#flamethrower_paladin_accessory" },
				"up": { "uv": [0, 0, 0.25, 0.5], "texture": "#flamethrower_paladin_accessory" },
				"down": { "uv": [0, 0, 0.25, 0.5], "texture": "#flamethrower_paladin_accessory" }
			}
		},
		{
			"from": [8.5, 5.25, 10.25],
			"to": [9, 5.5, 11.25],
			"rotation": { "angle": 0, "axis": "y", "origin": [8.17873, 7.39645, 7.83265] },
			"faces": {
				"north": { "uv": [0, 0, 0.5, 0.25], "texture": "#flamethrower_paladin_accessory" },
				"east": { "uv": [0, 0, 1, 0.25], "texture": "#flamethrower_paladin_accessory" },
				"south": { "uv": [0, 0, 0.5, 0.25], "texture": "#flamethrower_paladin_accessory" },
				"west": { "uv": [0, 0, 1, 0.25], "texture": "#flamethrower_paladin_accessory" },
				"up": { "uv": [0, 0, 0.5, 1], "texture": "#flamethrower_paladin_accessory" },
				"down": { "uv": [0, 0, 0.5, 1], "texture": "#flamethrower_paladin_accessory" }
			}
		},
		{
			"from": [7, 5.5, 7],
			"to": [7.25, 6.25, 7.5],
			"rotation": { "angle": 0, "axis": "y", "origin": [8.17873, 7.39645, 7.83265] },
			"faces": {
				"north": { "uv": [0, 0, 0.25, 0.75], "texture": "#flamethrower_paladin_accessory" },
				"east": { "uv": [0, 0, 0.5, 0.75], "texture": "#flamethrower_paladin_accessory" },
				"south": { "uv": [0, 0, 0.25, 0.75], "texture": "#flamethrower_paladin_accessory" },
				"west": { "uv": [0, 0, 0.5, 0.75], "texture": "#flamethrower_paladin_accessory" },
				"up": { "uv": [0, 0, 0.25, 0.5], "texture": "#flamethrower_paladin_accessory" },
				"down": { "uv": [0, 0, 0.25, 0.5], "texture": "#flamethrower_paladin_accessory" }
			}
		},
		{
			"from": [7, 5.25, 6.75],
			"to": [7.5, 5.5, 7.75],
			"rotation": { "angle": 0, "axis": "y", "origin": [8.17873, 7.39645, 7.83265] },
			"faces": {
				"north": { "uv": [0, 0, 0.5, 0.25], "texture": "#flamethrower_paladin_accessory" },
				"east": { "uv": [0, 0, 1, 0.25], "texture": "#flamethrower_paladin_accessory" },
				"south": { "uv": [0, 0, 0.5, 0.25], "texture": "#flamethrower_paladin_accessory" },
				"west": { "uv": [0, 0, 1, 0.25], "texture": "#flamethrower_paladin_accessory" },
				"up": { "uv": [0, 0, 0.5, 1], "texture": "#flamethrower_paladin_accessory" },
				"down": { "uv": [0, 0, 0.5, 1], "texture": "#flamethrower_paladin_accessory" }
			}
		},
		{
			"from": [7, 6.25, 4],
			"to": [7.25, 6.5, 14],
			"rotation": { "angle": 0, "axis": "y", "origin": [8.17873, 7.39645, 7.83265] },
			"faces": {
				"north": { "uv": [0, 0, 0.25, 0.25], "texture": "#flamethrower_paladin_accessory" },
				"east": { "uv": [0, 0, 10, 0.25], "texture": "#flamethrower_paladin_accessory" },
				"south": { "uv": [0, 0, 0.25, 0.25], "texture": "#flamethrower_paladin_accessory" },
				"west": { "uv": [0, 0, 10, 0.25], "texture": "#flamethrower_paladin_accessory" },
				"up": { "uv": [0, 0, 0.25, 10], "texture": "#flamethrower_paladin_accessory" },
				"down": { "uv": [0, 0, 0.25, 10], "texture": "#flamethrower_paladin_accessory" }
			}
		},
		{
			"from": [7, 5.5, 10.5],
			"to": [7.25, 6.25, 11],
			"rotation": { "angle": 0, "axis": "y", "origin": [8.17873, 7.39645, 7.83265] },
			"faces": {
				"north": { "uv": [0, 0, 0.25, 0.75], "texture": "#flamethrower_paladin_accessory" },
				"east": { "uv": [0, 0, 0.5, 0.75], "texture": "#flamethrower_paladin_accessory" },
				"south": { "uv": [0, 0, 0.25, 0.75], "texture": "#flamethrower_paladin_accessory" },
				"west": { "uv": [0, 0, 0.5, 0.75], "texture": "#flamethrower_paladin_accessory" },
				"up": { "uv": [0, 0, 0.25, 0.5], "texture": "#flamethrower_paladin_accessory" },
				"down": { "uv": [0, 0, 0.25, 0.5], "texture": "#flamethrower_paladin_accessory" }
			}
		},
		{
			"from": [7, 5.25, 10.25],
			"to": [7.5, 5.5, 11.25],
			"rotation": { "angle": 0, "axis": "y", "origin": [8.17873, 7.39645, 7.83265] },
			"faces": {
				"north": { "uv": [0, 0, 0.5, 0.25], "texture": "#flamethrower_paladin_accessory" },
				"east": { "uv": [0, 0, 1, 0.25], "texture": "#flamethrower_paladin_accessory" },
				"south": { "uv": [0, 0, 0.5, 0.25], "texture": "#flamethrower_paladin_accessory" },
				"west": { "uv": [0, 0, 1, 0.25], "texture": "#flamethrower_paladin_accessory" },
				"up": { "uv": [0, 0, 0.5, 1], "texture": "#flamethrower_paladin_accessory" },
				"down": { "uv": [0, 0, 0.5, 1], "texture": "#flamethrower_paladin_accessory" }
			}
		},
		{
			"from": [8.75, 6.5, 13.75],
			"to": [9, 6.75, 14.75],
			"rotation": { "angle": 0, "axis": "y", "origin": [8.17873, 7.39645, 7.83265] },
			"faces": {
				"north": { "uv": [0, 0, 0.25, 0.25], "texture": "#flamethrower_paladin_accessory" },
				"east": { "uv": [0, 0, 1, 0.25], "texture": "#flamethrower_paladin_accessory" },
				"south": { "uv": [0, 0, 0.25, 0.25], "texture": "#flamethrower_paladin_accessory" },
				"west": { "uv": [0, 0, 1, 0.25], "texture": "#flamethrower_paladin_accessory" },
				"up": { "uv": [0, 0, 0.25, 1], "texture": "#flamethrower_paladin_accessory" },
				"down": { "uv": [0, 0, 0.25, 1], "texture": "#flamethrower_paladin_accessory" }
			}
		},
		{
			"from": [8.75, 6.75, 14.5],
			"to": [9, 7, 14.75],
			"rotation": { "angle": 0, "axis": "y", "origin": [8.17873, 7.39645, 7.83265] },
			"faces": {
				"north": { "uv": [0, 0, 0.25, 0.25], "texture": "#flamethrower_paladin_accessory" },
				"east": { "uv": [0, 0, 0.25, 0.25], "texture": "#flamethrower_paladin_accessory" },
				"south": { "uv": [0, 0, 0.25, 0.25], "texture": "#flamethrower_paladin_accessory" },
				"west": { "uv": [0, 0, 0.25, 0.25], "texture": "#flamethrower_paladin_accessory" },
				"up": { "uv": [0, 0, 0.25, 0.25], "texture": "#flamethrower_paladin_accessory" },
				"down": { "uv": [0, 0, 0.25, 0.25], "texture": "#flamethrower_paladin_accessory" }
			}
		},
		{
			"from": [7, 6.5, 13.75],
			"to": [7.25, 6.75, 14.75],
			"rotation": { "angle": 0, "axis": "y", "origin": [8.17873, 7.39645, 7.83265] },
			"faces": {
				"north": { "uv": [0, 0, 0.25, 0.25], "texture": "#flamethrower_paladin_accessory" },
				"east": { "uv": [0, 0, 1, 0.25], "texture": "#flamethrower_paladin_accessory" },
				"south": { "uv": [0, 0, 0.25, 0.25], "texture": "#flamethrower_paladin_accessory" },
				"west": { "uv": [0, 0, 1, 0.25], "texture": "#flamethrower_paladin_accessory" },
				"up": { "uv": [0, 0, 0.25, 1], "texture": "#flamethrower_paladin_accessory" },
				"down": { "uv": [0, 0, 0.25, 1], "texture": "#flamethrower_paladin_accessory" }
			}
		},
		{
			"from": [7, 6.75, 14.5],
			"to": [7.25, 7, 14.75],
			"rotation": { "angle": 0, "axis": "y", "origin": [8.17873, 7.39645, 7.83265] },
			"faces": {
				"north": { "uv": [0, 0, 0.25, 0.25], "texture": "#flamethrower_paladin_accessory" },
				"east": { "uv": [0, 0, 0.25, 0.25], "texture": "#flamethrower_paladin_accessory" },
				"south": { "uv": [0, 0, 0.25, 0.25], "texture": "#flamethrower_paladin_accessory" },
				"west": { "uv": [0, 0, 0.25, 0.25], "texture": "#flamethrower_paladin_accessory" },
				"up": { "uv": [0, 0, 0.25, 0.25], "texture": "#flamethrower_paladin_accessory" },
				"down": { "uv": [0, 0, 0.25, 0.25], "texture": "#flamethrower_paladin_accessory" }
			}
		},
		{
			"from": [9.63445, 6.72105, 10.5],
			"to": [10.88445, 6.97105, 11],
			"rotation": { "angle": 45, "axis": "z", "origin": [8.17873, 7.39645, 7.83265] },
			"faces": {
				"north": { "uv": [0, 0, 1.25, 0.25], "texture": "#flamethrower_paladin_accessory" },
				"east": { "uv": [0, 0, 0.5, 0.25], "texture": "#flamethrower_paladin_accessory" },
				"south": { "uv": [0, 0, 1.25, 0.25], "texture": "#flamethrower_paladin_accessory" },
				"west": { "uv": [0, 0, 0.5, 0.25], "texture": "#flamethrower_paladin_accessory" },
				"up": { "uv": [0, 0, 1.25, 0.5], "texture": "#flamethrower_paladin_accessory" },
				"down": { "uv": [0, 0, 1.25, 0.5], "texture": "#flamethrower_paladin_accessory" }
			}
		},
		{
			"from": [8.88445, 7.22105, 10.5],
			"to": [9.63445, 7.72105, 11],
			"rotation": { "angle": 45, "axis": "z", "origin": [8.17873, 7.39645, 7.83265] },
			"faces": {
				"north": { "uv": [0, 0, 0.75, 0.5], "texture": "#flamethrower_paladin_accessory" },
				"east": { "uv": [0, 0, 0.5, 0.5], "texture": "#flamethrower_paladin_accessory" },
				"south": { "uv": [0, 0, 0.75, 0.5], "texture": "#flamethrower_paladin_accessory" },
				"west": { "uv": [0, 0, 0.5, 0.5], "texture": "#flamethrower_paladin_accessory" },
				"up": { "uv": [0, 0, 0.75, 0.5], "texture": "#flamethrower_paladin_accessory" },
				"down": { "uv": [0, 0, 0.75, 0.5], "texture": "#flamethrower_paladin_accessory" }
			}
		},
		{
			"from": [9.63445, 6.97105, 10.5],
			"to": [10.13445, 7.97105, 11],
			"rotation": { "angle": 45, "axis": "z", "origin": [8.17873, 7.39645, 7.83265] },
			"faces": {
				"north": { "uv": [0, 0, 0.5, 1], "texture": "#flamethrower_paladin_accessory" },
				"east": { "uv": [0, 0, 0.5, 1], "texture": "#flamethrower_paladin_accessory" },
				"south": { "uv": [0, 0, 0.5, 1], "texture": "#flamethrower_paladin_accessory" },
				"west": { "uv": [0, 0, 0.5, 1], "texture": "#flamethrower_paladin_accessory" },
				"up": { "uv": [0, 0, 0.5, 0.5], "texture": "#flamethrower_paladin_accessory" },
				"down": { "uv": [0, 0, 0.5, 0.5], "texture": "#flamethrower_paladin_accessory" }
			}
		},
		{
			"from": [8.5, 4.39346, 0.75124],
			"to": [8.75, 4.89346, 2.00124],
			"rotation": { "angle": 45, "axis": "x", "origin": [8.17873, 7.39645, 7.83265] },
			"faces": {
				"north": { "uv": [0, 0, 0.25, 0.5], "texture": "#flamethrower_paladin_accessory" },
				"east": { "uv": [0, 0, 1.25, 0.5], "texture": "#flamethrower_paladin_accessory" },
				"south": { "uv": [0, 0, 0.25, 0.5], "texture": "#flamethrower_paladin_accessory" },
				"west": { "uv": [0, 0, 1.25, 0.5], "texture": "#flamethrower_paladin_accessory" },
				"up": { "uv": [0, 0, 0.25, 1.25], "texture": "#flamethrower_paladin_accessory" },
				"down": { "uv": [0, 0, 0.25, 1.25], "texture": "#flamethrower_paladin_accessory" }
			}
		},
		{
			"from": [9.63445, 7.97105, 10.5],
			"to": [10.88445, 8.22105, 11],
			"rotation": { "angle": 45, "axis": "z", "origin": [8.17873, 7.39645, 7.83265] },
			"faces": {
				"north": { "uv": [0, 0, 1.25, 0.25], "texture": "#flamethrower_paladin_accessory" },
				"east": { "uv": [0, 0, 0.5, 0.25], "texture": "#flamethrower_paladin_accessory" },
				"south": { "uv": [0, 0, 1.25, 0.25], "texture": "#flamethrower_paladin_accessory" },
				"west": { "uv": [0, 0, 0.5, 0.25], "texture": "#flamethrower_paladin_accessory" },
				"up": { "uv": [0, 0, 1.25, 0.5], "texture": "#flamethrower_paladin_accessory" },
				"down": { "uv": [0, 0, 1.25, 0.5], "texture": "#flamethrower_paladin_accessory" }
			}
		},
		{
			"from": [7.75, 4.39346, 2.00124],
			"to": [8.25, 4.89346, 4.00124],
			"rotation": { "angle": 45, "axis": "x", "origin": [8.17873, 7.39645, 7.83265] },
			"faces": {
				"north": { "uv": [0, 0, 0.5, 0.5], "texture": "#flamethrower_paladin_accessory" },
				"east": { "uv": [0, 0, 2, 0.5], "texture": "#flamethrower_paladin_accessory" },
				"south": { "uv": [0, 0, 0.5, 0.5], "texture": "#flamethrower_paladin_accessory" },
				"west": { "uv": [0, 0, 2, 0.5], "texture": "#flamethrower_paladin_accessory" },
				"up": { "uv": [0, 0, 0.5, 2], "texture": "#flamethrower_paladin_accessory" },
				"down": { "uv": [0, 0, 0.5, 2], "texture": "#flamethrower_paladin_accessory" }
			}
		},
		{
			"from": [7.25, 4.39346, 0.75124],
			"to": [7.5, 4.89346, 2.00124],
			"rotation": { "angle": 45, "axis": "x", "origin": [8.17873, 7.39645, 7.83265] },
			"faces": {
				"north": { "uv": [0, 0, 0.25, 0.5], "texture": "#flamethrower_paladin_accessory" },
				"east": { "uv": [0, 0, 1.25, 0.5], "texture": "#flamethrower_paladin_accessory" },
				"south": { "uv": [0, 0, 0.25, 0.5], "texture": "#flamethrower_paladin_accessory" },
				"west": { "uv": [0, 0, 1.25, 0.5], "texture": "#flamethrower_paladin_accessory" },
				"up": { "uv": [0, 0, 0.25, 1.25], "texture": "#flamethrower_paladin_accessory" },
				"down": { "uv": [0, 0, 0.25, 1.25], "texture": "#flamethrower_paladin_accessory" }
			}
		},
		{
			"from": [7.5, 4.39346, 1.50124],
			"to": [8.5, 4.89346, 2.00124],
			"rotation": { "angle": 45, "axis": "x", "origin": [8.17873, 7.39645, 7.83265] },
			"faces": {
				"north": { "uv": [0, 0, 1, 0.5], "texture": "#flamethrower_paladin_accessory" },
				"east": { "uv": [0, 0, 0.5, 0.5], "texture": "#flamethrower_paladin_accessory" },
				"south": { "uv": [0, 0, 1, 0.5], "texture": "#flamethrower_paladin_accessory" },
				"west": { "uv": [0, 0, 0.5, 0.5], "texture": "#flamethrower_paladin_accessory" },
				"up": { "uv": [0, 0, 1, 0.5], "texture": "#flamethrower_paladin_accessory" },
				"down": { "uv": [0, 0, 1, 0.5], "texture": "#flamethrower_paladin_accessory" }
			}
		},
		{
			"from": [7.22188, 6.29899, 14.75],
			"to": [8.47188, 6.54899, 15],
			"rotation": { "angle": -22.5, "axis": "z", "origin": [8.17873, 7.39645, 7.83265] },
			"faces": {
				"north": { "uv": [8, 8, 14, 9], "texture": "#flamethrower_paladin_handle" },
				"east": { "uv": [7, 5, 7.25, 5.25], "texture": "#flamethrower_paladin_handle" },
				"south": { "uv": [7, 5, 8.25, 5.25], "texture": "#flamethrower_paladin_handle" },
				"west": { "uv": [7, 5, 7.25, 5.25], "texture": "#flamethrower_paladin_handle" },
				"up": { "uv": [7, 5, 8.25, 5.25], "texture": "#flamethrower_paladin_handle" },
				"down": { "uv": [7, 5, 8.25, 5.25], "texture": "#flamethrower_paladin_handle" }
			}
		},
		{
			"from": [7.55532, 6.43578, 14.75],
			"to": [8.80532, 6.68578, 15],
			"rotation": { "angle": 22.5, "axis": "z", "origin": [8.17873, 7.39645, 7.83265] },
			"faces": {
				"north": { "uv": [8, 8, 14, 9], "texture": "#flamethrower_paladin_handle" },
				"east": { "uv": [7, 5, 7.25, 5.25], "texture": "#flamethrower_paladin_handle" },
				"south": { "uv": [7, 5, 8.25, 5.25], "texture": "#flamethrower_paladin_handle" },
				"west": { "uv": [7, 5, 7.25, 5.25], "texture": "#flamethrower_paladin_handle" },
				"up": { "uv": [7, 5, 8.25, 5.25], "texture": "#flamethrower_paladin_handle" },
				"down": { "uv": [7, 5, 8.25, 5.25], "texture": "#flamethrower_paladin_handle" }
			}
		},
		{
			"from": [7.875, 5.25, 14.74],
			"to": [8.125, 7, 15.01],
			"rotation": { "angle": 0, "axis": "y", "origin": [8.17873, 7.39645, 7.83265] },
			"faces": {
				"north": { "uv": [8, 8, 13, 10.5], "texture": "#flamethrower_paladin_handle" },
				"east": { "uv": [7, 5, 7.25, 6.75], "texture": "#flamethrower_paladin_handle" },
				"south": { "uv": [7, 5, 7.25, 6.75], "texture": "#flamethrower_paladin_handle" },
				"west": { "uv": [7, 5, 7.25, 6.75], "texture": "#flamethrower_paladin_handle" },
				"up": { "uv": [7, 5, 7.25, 5.25], "texture": "#flamethrower_paladin_handle" },
				"down": { "uv": [7, 5, 7.25, 5.25], "texture": "#flamethrower_paladin_handle" }
			}
		},
		{
			"from": [7.375, 5, 14.75],
			"to": [8.625, 5.25, 15],
			"rotation": { "angle": 0, "axis": "y", "origin": [8.17873, 7.39645, 7.83265] },
			"faces": {
				"north": { "uv": [8, 8, 14, 9], "texture": "#flamethrower_paladin_handle" },
				"east": { "uv": [7, 5, 7.25, 5.25], "texture": "#flamethrower_paladin_handle" },
				"south": { "uv": [7, 5, 8.25, 5.25], "texture": "#flamethrower_paladin_handle" },
				"west": { "uv": [7, 5, 7.25, 5.25], "texture": "#flamethrower_paladin_handle" },
				"up": { "uv": [7, 5, 8.25, 5.25], "texture": "#flamethrower_paladin_handle" },
				"down": { "uv": [7, 5, 8.25, 5.25], "texture": "#flamethrower_paladin_handle" }
			}
		},
		{
			"from": [7.75, 7, 14.75],
			"to": [8.25, 7.25, 15],
			"rotation": { "angle": 0, "axis": "y", "origin": [8.17873, 7.39645, 7.83265] },
			"faces": {
				"north": { "uv": [8, 8, 13.25, 9], "texture": "#flamethrower_paladin_handle" },
				"east": { "uv": [7, 5, 7.25, 5.25], "texture": "#flamethrower_paladin_handle" },
				"south": { "uv": [7, 5, 7.5, 5.25], "texture": "#flamethrower_paladin_handle" },
				"west": { "uv": [7, 5, 7.25, 5.25], "texture": "#flamethrower_paladin_handle" },
				"up": { "uv": [7, 5, 7.5, 5.25], "texture": "#flamethrower_paladin_handle" },
				"down": { "uv": [7, 5, 7.5, 5.25], "texture": "#flamethrower_paladin_handle" }
			}
		},
		{
			"from": [7.5, 7.25, 14.75],
			"to": [7.75, 7.75, 15],
			"rotation": { "angle": 0, "axis": "y", "origin": [8.17873, 7.39645, 7.83265] },
			"faces": {
				"north": { "uv": [8, 8, 13, 9.25], "texture": "#flamethrower_paladin_handle" },
				"east": { "uv": [7, 5, 7.25, 5.5], "texture": "#flamethrower_paladin_handle" },
				"south": { "uv": [7, 5, 7.25, 5.5], "texture": "#flamethrower_paladin_handle" },
				"west": { "uv": [7, 5, 7.25, 5.5], "texture": "#flamethrower_paladin_handle" },
				"up": { "uv": [7, 5, 7.25, 5.25], "texture": "#flamethrower_paladin_handle" },
				"down": { "uv": [7, 5, 7.25, 5.25], "texture": "#flamethrower_paladin_handle" }
			}
		},
		{
			"from": [7.75, 7.75, 14.75],
			"to": [8.25, 8, 15],
			"rotation": { "angle": 0, "axis": "y", "origin": [8.17873, 7.39645, 7.83265] },
			"faces": {
				"north": { "uv": [8, 8, 13.25, 9], "texture": "#flamethrower_paladin_handle" },
				"east": { "uv": [7, 5, 7.25, 5.25], "texture": "#flamethrower_paladin_handle" },
				"south": { "uv": [7, 5, 7.5, 5.25], "texture": "#flamethrower_paladin_handle" },
				"west": { "uv": [7, 5, 7.25, 5.25], "texture": "#flamethrower_paladin_handle" },
				"up": { "uv": [7, 5, 7.5, 5.25], "texture": "#flamethrower_paladin_handle" },
				"down": { "uv": [7, 5, 7.5, 5.25], "texture": "#flamethrower_paladin_handle" }
			}
		},
		{
			"from": [8.25, 7.25, 14.75],
			"to": [8.5, 7.75, 15],
			"rotation": { "angle": 0, "axis": "y", "origin": [8.17873, 7.39645, 7.83265] },
			"faces": {
				"north": { "uv": [8, 8, 13, 9.25], "texture": "#flamethrower_paladin_handle" },
				"east": { "uv": [7, 5, 7.25, 5.5], "texture": "#flamethrower_paladin_handle" },
				"south": { "uv": [7, 5, 7.25, 5.5], "texture": "#flamethrower_paladin_handle" },
				"west": { "uv": [7, 5, 7.25, 5.5], "texture": "#flamethrower_paladin_handle" },
				"up": { "uv": [7, 5, 7.25, 5.25], "texture": "#flamethrower_paladin_handle" },
				"down": { "uv": [7, 5, 7.25, 5.25], "texture": "#flamethrower_paladin_handle" }
			}
		},
		{
			"from": [10.88445, 6.47105, 10.25],
			"to": [11.63445, 8.47105, 11.25],
			"rotation": { "angle": 45, "axis": "z", "origin": [8.17873, 7.39645, 7.83265] },
			"faces": {
				"north": { "uv": [0, 10, 5.5, 12.75], "texture": "#flamethrower_paladin_handle" },
				"east": { "uv": [2, 3, 5.25, 6.75], "texture": "#flamethrower_paladin_handle" },
				"south": { "uv": [2, 3, 5, 6.75], "texture": "#flamethrower_paladin_handle" },
				"west": { "uv": [7, 5, 8, 7], "texture": "#flamethrower_paladin_handle" },
				"up": { "uv": [2, 3, 5, 5.75], "texture": "#flamethrower_paladin_handle" },
				"down": { "uv": [7, 5, 7.75, 6], "texture": "#flamethrower_paladin_handle" }
			}
		},
		{
			"from": [9.03033, 5.63388, 2.75],
			"to": [9.53033, 7.00388, 5.25],
			"rotation": { "angle": 0, "axis": "y", "origin": [8.17873, 7.39645, 7.83265] },
			"faces": {
				"north": { "uv": [6, 10, 12.25, 11.25], "rotation": 90, "texture": "#flamethrower_paladin_handle" },
				"east": { "uv": [8, 11, 11.75, 15.25], "rotation": 270, "texture": "#flamethrower_paladin_handle" },
				"south": { "uv": [9, 7, 12.75, 9.25], "rotation": 270, "texture": "#flamethrower_paladin_handle" },
				"west": { "uv": [2, 3, 5, 6.5], "rotation": 270, "texture": "#flamethrower_paladin_handle" },
				"up": { "uv": [3, 8, 7.75, 10.25], "rotation": 270, "texture": "#flamethrower_paladin_handle" },
				"down": { "uv": [7, 3, 11, 4.5], "rotation": 270, "texture": "#flamethrower_paladin_handle" }
			}
		},
		{
			"from": [7.25, 5, 3.25],
			"to": [8.75, 5.5, 5.25],
			"rotation": { "angle": 0, "axis": "y", "origin": [8.17873, 7.39645, 7.83265] },
			"faces": {
				"north": { "uv": [6, 10, 12.25, 11.25], "texture": "#flamethrower_paladin_handle" },
				"east": { "uv": [8, 11, 12.25, 13.25], "texture": "#flamethrower_paladin_handle" },
				"south": { "uv": [9, 7, 12.75, 9.25], "texture": "#flamethrower_paladin_handle" },
				"west": { "uv": [2, 3, 5.5, 4.5], "texture": "#flamethrower_paladin_handle" },
				"up": { "uv": [3, 8, 6.75, 11.75], "texture": "#flamethrower_paladin_handle" },
				"down": { "uv": [7, 3, 10, 6], "texture": "#flamethrower_paladin_handle" }
			}
		},
		{
			"from": [6.46967, 5.63388, 2.75],
			"to": [6.96967, 7.00388, 5.25],
			"rotation": { "angle": 0, "axis": "y", "origin": [8.17873, 7.39645, 7.83265] },
			"faces": {
				"north": { "uv": [6, 10, 12.25, 11.25], "rotation": 270, "texture": "#flamethrower_paladin_handle" },
				"east": { "uv": [8, 11, 11.75, 15.25], "rotation": 90, "texture": "#flamethrower_paladin_handle" },
				"south": { "uv": [10, 5, 13.75, 7.25], "rotation": 90, "texture": "#flamethrower_paladin_handle" },
				"west": { "uv": [1, 2, 4, 5.5], "rotation": 90, "texture": "#flamethrower_paladin_handle" },
				"up": { "uv": [2, 6, 6.75, 8.25], "rotation": 90, "texture": "#flamethrower_paladin_handle" },
				"down": { "uv": [7, 3, 11, 4.5], "rotation": 90, "texture": "#flamethrower_paladin_handle" }
			}
		},
		{
			"from": [6.75, 5.5, 4.75],
			"to": [9.25, 7, 4.75],
			"rotation": { "angle": 0, "axis": "y", "origin": [8.17873, 7.39645, 7.83265] },
			"faces": {
				"north": { "uv": [8, 8, 15.25, 10.25], "texture": "#flamethrower_paladin_handle" },
				"east": { "uv": [2, 3, 4.25, 6.25], "texture": "#flamethrower_paladin_handle" },
				"south": { "uv": [2, 3, 6.75, 6.25], "texture": "#flamethrower_paladin_handle" },
				"west": { "uv": [7, 5, 7, 6.5], "texture": "#flamethrower_paladin_handle" },
				"up": { "uv": [2, 3, 6.75, 4.75], "texture": "#flamethrower_paladin_handle" },
				"down": { "uv": [7, 5, 9.5, 5], "texture": "#flamethrower_paladin_handle" }
			}
		},
		{
			"from": [8.75, 8.04977, 2.60354],
			"to": [9.25, 9.54977, 3.10354],
			"rotation": { "angle": -22.5, "axis": "x", "origin": [8.17873, 7.39645, 7.83265] },
			"faces": {
				"north": { "uv": [6, 10, 11.25, 12.25], "rotation": 180, "texture": "#flamethrower_paladin_handle" },
				"east": { "uv": [7, 5, 8.5, 5.5], "rotation": 270, "texture": "#flamethrower_paladin_handle" },
				"south": { "uv": [7, 5, 7.5, 6.5], "texture": "#flamethrower_paladin_handle" },
				"west": { "uv": [7, 5, 8.5, 5.5], "rotation": 90, "texture": "#flamethrower_paladin_handle" },
				"up": { "uv": [7, 5, 7.5, 5.5], "rotation": 180, "texture": "#flamethrower_paladin_handle" },
				"down": { "uv": [7, 5, 7.5, 5.5], "texture": "#flamethrower_paladin_handle" }
			}
		},
		{
			"from": [7.25, 7.54977, 2.35354],
			"to": [8.75, 9.54977, 3.10354],
			"rotation": { "angle": -22.5, "axis": "x", "origin": [8.17873, 7.39645, 7.83265] },
			"faces": {
				"north": { "uv": [6, 11, 12.25, 13.75], "rotation": 180, "texture": "#flamethrower_paladin_handle" },
				"east": { "uv": [2, 3, 6.25, 5.5], "rotation": 270, "texture": "#flamethrower_paladin_handle" },
				"south": { "uv": [4, 4, 7.75, 7.75], "texture": "#flamethrower_paladin_handle" },
				"west": { "uv": [7, 5, 9, 5.75], "rotation": 90, "texture": "#flamethrower_paladin_handle" },
				"up": { "uv": [2, 3, 5.75, 5.5], "rotation": 180, "texture": "#flamethrower_paladin_handle" },
				"down": { "uv": [7, 5, 8.5, 5.75], "texture": "#flamethrower_paladin_handle" }
			}
		},
		{
			"from": [7.25, 3.56402, 3.68927],
			"to": [8.75, 3.81402, 4.68927],
			"rotation": { "angle": 22.5, "axis": "x", "origin": [8.17873, 7.39645, 7.83265] },
			"faces": {
				"north": { "uv": [6, 10, 12.25, 11], "texture": "#flamethrower_paladin_handle" },
				"east": { "uv": [8, 11, 11.25, 13], "texture": "#flamethrower_paladin_handle" },
				"south": { "uv": [9, 7, 12.75, 9], "texture": "#flamethrower_paladin_handle" },
				"west": { "uv": [2, 3, 4.5, 4.25], "texture": "#flamethrower_paladin_handle" },
				"up": { "uv": [3, 8, 6.75, 10.75], "texture": "#flamethrower_paladin_handle" },
				"down": { "uv": [7, 3, 10, 5], "texture": "#flamethrower_paladin_handle" }
			}
		},
		{
			"from": [6.75, 8.29977, 2.60354],
			"to": [7.25, 9.54977, 3.10354],
			"rotation": { "angle": -22.5, "axis": "x", "origin": [8.17873, 7.39645, 7.83265] },
			"faces": {
				"north": { "uv": [7, 10, 12.25, 12], "rotation": 180, "texture": "#flamethrower_paladin_handle" },
				"east": { "uv": [7, 5, 8.25, 5.5], "rotation": 270, "texture": "#flamethrower_paladin_handle" },
				"south": { "uv": [7, 5, 7.5, 6.25], "texture": "#flamethrower_paladin_handle" },
				"west": { "uv": [7, 5, 8.25, 5.5], "rotation": 90, "texture": "#flamethrower_paladin_handle" },
				"up": { "uv": [7, 5, 7.5, 5.5], "rotation": 180, "texture": "#flamethrower_paladin_handle" },
				"down": { "uv": [7, 5, 7.5, 5.5], "texture": "#flamethrower_paladin_handle" }
			}
		},
		{
			"from": [6.91846, 5.22473, 2.75],
			"to": [7.91846, 5.72473, 5.26],
			"rotation": { "angle": 45, "axis": "z", "origin": [8.17873, 7.39645, 7.83265] },
			"faces": {
				"north": { "uv": [8, 8, 13.75, 9.25], "texture": "#flamethrower_paladin_handle" },
				"east": { "uv": [1, 5, 5.75, 7.25], "texture": "#flamethrower_paladin_handle" },
				"south": { "uv": [4, 9, 7.25, 11.25], "texture": "#flamethrower_paladin_handle" },
				"west": { "uv": [7, 5, 9.5, 5.5], "texture": "#flamethrower_paladin_handle" },
				"up": { "uv": [9, 1, 12.25, 5.25], "texture": "#flamethrower_paladin_handle" },
				"down": { "uv": [7, 5, 8, 7.5], "texture": "#flamethrower_paladin_handle" }
			}
		},
		{
			"from": [8.18623, 4.97197, 2.75],
			"to": [9.18623, 5.47197, 5.26],
			"rotation": { "angle": -45, "axis": "z", "origin": [8.17873, 7.39645, 7.83265] },
			"faces": {
				"north": { "uv": [8, 8, 13.75, 9.25], "texture": "#flamethrower_paladin_handle" },
				"east": { "uv": [2, 3, 6.75, 5.25], "texture": "#flamethrower_paladin_handle" },
				"south": { "uv": [2, 3, 5.25, 5.25], "texture": "#flamethrower_paladin_handle" },
				"west": { "uv": [7, 5, 9.5, 5.5], "texture": "#flamethrower_paladin_handle" },
				"up": { "uv": [2, 3, 5.25, 7.25], "texture": "#flamethrower_paladin_handle" },
				"down": { "uv": [7, 5, 8, 7.5], "texture": "#flamethrower_paladin_handle" }
			}
		},
		{
			"from": [7, 4.14346, 0.25124],
			"to": [9, 5.14346, 1.00124],
			"rotation": { "angle": 45, "axis": "x", "origin": [8.17873, 7.39645, 7.83265] },
			"faces": {
				"north": { "uv": [8, 8, 14.75, 9.75], "texture": "#flamethrower_paladin_handle" },
				"east": { "uv": [2, 3, 5, 5.75], "texture": "#flamethrower_paladin_handle" },
				"south": { "uv": [2, 3, 6.25, 5.75], "texture": "#flamethrower_paladin_handle" },
				"west": { "uv": [7, 5, 7.75, 6], "texture": "#flamethrower_paladin_handle" },
				"up": { "uv": [2, 3, 6.25, 5.5], "texture": "#flamethrower_paladin_handle" },
				"down": { "uv": [7, 5, 9, 5.75], "texture": "#flamethrower_paladin_handle" }
			}
		},
		{
			"from": [7.85, 5.75, 4],
			"to": [8.15, 6.05, 6.5],
			"rotation": { "angle": 0, "axis": "y", "origin": [8.17873, 7.39645, 7.83265] },
			"faces": {
				"north": { "uv": [0, 0, 0.5, 1], "texture": "#flamethrower_paladin_barrel" },
				"east": { "uv": [0, 0, 8.5, 1], "texture": "#flamethrower_paladin_barrel" },
				"south": { "uv": [0, 0, 0.5, 1], "texture": "#flamethrower_paladin_barrel" },
				"west": { "uv": [0, 0, 8.5, 1], "texture": "#flamethrower_paladin_barrel" },
				"up": { "uv": [0, 0, 0.5, 8.5], "texture": "#flamethrower_paladin_barrel" },
				"down": { "uv": [0, 0, 0.5, 8.5], "texture": "#flamethrower_paladin_barrel" }
			}
		},
		{
			"from": [7.85, 5.75, 8.5],
			"to": [8.15, 6.05, 9.5],
			"rotation": { "angle": 0, "axis": "y", "origin": [8.17873, 7.39645, 7.83265] },
			"faces": {
				"north": { "uv": [0, 0, 0.5, 1], "texture": "#flamethrower_paladin_barrel" },
				"east": { "uv": [0, 0, 8.5, 1], "texture": "#flamethrower_paladin_barrel" },
				"south": { "uv": [0, 0, 0.5, 1], "texture": "#flamethrower_paladin_barrel" },
				"west": { "uv": [0, 0, 8.5, 1], "texture": "#flamethrower_paladin_barrel" },
				"up": { "uv": [0, 0, 0.5, 8.5], "texture": "#flamethrower_paladin_barrel" },
				"down": { "uv": [0, 0, 0.5, 8.5], "texture": "#flamethrower_paladin_barrel" }
			}
		},
		{
			"from": [7.25, 6.75, 4.75],
			"to": [8.75, 8.25, 5.25],
			"rotation": { "angle": 0, "axis": "y", "origin": [8.17873, 7.39645, 7.83265] },
			"faces": {
				"north": { "uv": [0, 0, 1.5, 1.5], "texture": "#flamethrower_paladin_barrel" },
				"east": { "uv": [0, 0, 0.5, 1.5], "texture": "#flamethrower_paladin_barrel" },
				"south": { "uv": [0, 0, 1.5, 1.5], "texture": "#flamethrower_paladin_barrel" },
				"west": { "uv": [0, 0, 0.5, 1.5], "texture": "#flamethrower_paladin_barrel" },
				"up": { "uv": [0, 0, 1.5, 0.5], "texture": "#flamethrower_paladin_barrel" },
				"down": { "uv": [0, 0, 1.5, 0.5], "texture": "#flamethrower_paladin_barrel" }
			}
		},
		{
			"from": [7.75, 7, 4],
			"to": [8.25, 8, 12.5],
			"rotation": { "angle": 0, "axis": "y", "origin": [8.17873, 7.39645, 7.83265] },
			"faces": {
				"north": { "uv": [0, 0, 0.5, 1], "texture": "#flamethrower_paladin_barrel" },
				"east": { "uv": [0, 0, 8.5, 1], "texture": "#flamethrower_paladin_barrel" },
				"south": { "uv": [0, 0, 0.5, 1], "texture": "#flamethrower_paladin_barrel" },
				"west": { "uv": [0, 0, 8.5, 1], "texture": "#flamethrower_paladin_barrel" },
				"up": { "uv": [0, 0, 0.5, 8.5], "texture": "#flamethrower_paladin_barrel" },
				"down": { "uv": [0, 0, 0.5, 8.5], "texture": "#flamethrower_paladin_barrel" }
			}
		},
		{
			"from": [7.5, 7.25, 4],
			"to": [8.5, 7.75, 12.5],
			"rotation": { "angle": 0, "axis": "y", "origin": [8.17873, 7.39645, 7.83265] },
			"faces": {
				"north": { "uv": [0, 0, 1, 0.5], "texture": "#flamethrower_paladin_barrel" },
				"east": { "uv": [0, 0, 8.5, 0.5], "texture": "#flamethrower_paladin_barrel" },
				"south": { "uv": [0, 0, 1, 0.5], "texture": "#flamethrower_paladin_barrel" },
				"west": { "uv": [0, 0, 8.5, 0.5], "texture": "#flamethrower_paladin_barrel" },
				"up": { "uv": [0, 0, 1, 8.5], "texture": "#flamethrower_paladin_barrel" },
				"down": { "uv": [0, 0, 1, 8.5], "texture": "#flamethrower_paladin_barrel" }
			}
		},
		{
			"from": [7.75, 7.25, 12.5],
			"to": [8.25, 7.75, 12.75],
			"rotation": { "angle": 0, "axis": "y", "origin": [8.17873, 7.39645, 7.83265] },
			"faces": {
				"north": { "uv": [0, 0, 0.5, 0.5], "texture": "#flamethrower_paladin_barrel" },
				"east": { "uv": [0, 0, 0.25, 0.5], "texture": "#flamethrower_paladin_barrel" },
				"south": { "uv": [0, 0, 0.5, 0.5], "texture": "#flamethrower_paladin_barrel" },
				"west": { "uv": [0, 0, 0.25, 0.5], "texture": "#flamethrower_paladin_barrel" },
				"up": { "uv": [0, 0, 0.5, 0.25], "texture": "#flamethrower_paladin_barrel" },
				"down": { "uv": [0, 0, 0.5, 0.25], "texture": "#flamethrower_paladin_barrel" }
			}
		},
		{
			"from": [7.5, 7, 12.75],
			"to": [8.5, 8, 13],
			"rotation": { "angle": 0, "axis": "y", "origin": [8.17873, 7.39645, 7.83265] },
			"faces": {
				"north": { "uv": [0, 0, 1, 1], "texture": "#flamethrower_paladin_barrel" },
				"east": { "uv": [0, 0, 0.25, 1], "texture": "#flamethrower_paladin_barrel" },
				"south": { "uv": [0, 0, 1, 1], "texture": "#flamethrower_paladin_barrel" },
				"west": { "uv": [0, 0, 0.25, 1], "texture": "#flamethrower_paladin_barrel" },
				"up": { "uv": [0, 0, 1, 0.25], "texture": "#flamethrower_paladin_barrel" },
				"down": { "uv": [0, 0, 1, 0.25], "texture": "#flamethrower_paladin_barrel" }
			}
		},
		{
			"from": [7.25, 7, 13],
			"to": [8.75, 8, 14.25],
			"rotation": { "angle": 0, "axis": "y", "origin": [8.17873, 7.39645, 7.83265] },
			"faces": {
				"north": { "uv": [0, 0, 1.5, 1], "texture": "#flamethrower_paladin_barrel" },
				"east": { "uv": [0, 0, 1.25, 1], "texture": "#flamethrower_paladin_barrel" },
				"south": { "uv": [0, 0, 1.5, 1], "texture": "#flamethrower_paladin_barrel" },
				"west": { "uv": [0, 0, 1.25, 1], "texture": "#flamethrower_paladin_barrel" },
				"up": { "uv": [0, 0, 1.5, 1.25], "texture": "#flamethrower_paladin_barrel" },
				"down": { "uv": [0, 0, 1.5, 1.25], "texture": "#flamethrower_paladin_barrel" }
			}
		},
		{
			"from": [7.5, 6.75, 13],
			"to": [8.5, 8.25, 14.25],
			"rotation": { "angle": 0, "axis": "y", "origin": [8.17873, 7.39645, 7.83265] },
			"faces": {
				"north": { "uv": [0, 0, 1, 1.5], "texture": "#flamethrower_paladin_barrel" },
				"east": { "uv": [0, 0, 1.25, 1.5], "texture": "#flamethrower_paladin_barrel" },
				"south": { "uv": [0, 0, 1, 1.5], "texture": "#flamethrower_paladin_barrel" },
				"west": { "uv": [0, 0, 1.25, 1.5], "texture": "#flamethrower_paladin_barrel" },
				"up": { "uv": [0, 0, 1, 1.25], "texture": "#flamethrower_paladin_barrel" },
				"down": { "uv": [0, 0, 1, 1.25], "texture": "#flamethrower_paladin_barrel" }
			}
		},
		{
			"from": [8.25, 7, 14.25],
			"to": [8.5, 8, 14.5],
			"rotation": { "angle": 0, "axis": "y", "origin": [8.17873, 7.39645, 7.83265] },
			"faces": {
				"north": { "uv": [0, 0, 0.25, 1], "texture": "#flamethrower_paladin_barrel" },
				"east": { "uv": [0, 0, 0.25, 1], "texture": "#flamethrower_paladin_barrel" },
				"south": { "uv": [0, 0, 0.25, 1], "texture": "#flamethrower_paladin_barrel" },
				"west": { "uv": [0, 0, 0.25, 1], "texture": "#flamethrower_paladin_barrel" },
				"up": { "uv": [0, 0, 0.25, 0.25], "texture": "#flamethrower_paladin_barrel" },
				"down": { "uv": [0, 0, 0.25, 0.25], "texture": "#flamethrower_paladin_barrel" }
			}
		},
		{
			"from": [7.75, 7.75, 14.25],
			"to": [8.25, 8, 14.5],
			"rotation": { "angle": 0, "axis": "y", "origin": [8.17873, 7.39645, 7.83265] },
			"faces": {
				"north": { "uv": [0, 0, 0.5, 0.25], "texture": "#flamethrower_paladin_barrel" },
				"east": { "uv": [0, 0, 0.25, 0.25], "texture": "#flamethrower_paladin_barrel" },
				"south": { "uv": [0, 0, 0.5, 0.25], "texture": "#flamethrower_paladin_barrel" },
				"west": { "uv": [0, 0, 0.25, 0.25], "texture": "#flamethrower_paladin_barrel" },
				"up": { "uv": [0, 0, 0.5, 0.25], "texture": "#flamethrower_paladin_barrel" },
				"down": { "uv": [0, 0, 0.5, 0.25], "texture": "#flamethrower_paladin_barrel" }
			}
		},
		{
			"from": [7.5, 7, 14.25],
			"to": [7.75, 8, 14.5],
			"rotation": { "angle": 0, "axis": "y", "origin": [8.17873, 7.39645, 7.83265] },
			"faces": {
				"north": { "uv": [0, 0, 0.25, 1], "texture": "#flamethrower_paladin_barrel" },
				"east": { "uv": [0, 0, 0.25, 1], "texture": "#flamethrower_paladin_barrel" },
				"south": { "uv": [0, 0, 0.25, 1], "texture": "#flamethrower_paladin_barrel" },
				"west": { "uv": [0, 0, 0.25, 1], "texture": "#flamethrower_paladin_barrel" },
				"up": { "uv": [0, 0, 0.25, 0.25], "texture": "#flamethrower_paladin_barrel" },
				"down": { "uv": [0, 0, 0.25, 0.25], "texture": "#flamethrower_paladin_barrel" }
			}
		},
		{
			"from": [7.75, 7, 14.25],
			"to": [8.25, 7.25, 14.5],
			"rotation": { "angle": 0, "axis": "y", "origin": [8.17873, 7.39645, 7.83265] },
			"faces": {
				"north": { "uv": [0, 0, 0.5, 0.25], "texture": "#flamethrower_paladin_barrel" },
				"east": { "uv": [0, 0, 0.25, 0.25], "texture": "#flamethrower_paladin_barrel" },
				"south": { "uv": [0, 0, 0.5, 0.25], "texture": "#flamethrower_paladin_barrel" },
				"west": { "uv": [0, 0, 0.25, 0.25], "texture": "#flamethrower_paladin_barrel" },
				"up": { "uv": [0, 0, 0.5, 0.25], "texture": "#flamethrower_paladin_barrel" },
				"down": { "uv": [0, 0, 0.5, 0.25], "texture": "#flamethrower_paladin_barrel" }
			}
		},
		{
			"from": [7.85, 5.75, 9.6],
			"to": [8.15, 6.05, 9.85],
			"rotation": { "angle": 0, "axis": "y", "origin": [8.17873, 7.39645, 7.83265] },
			"faces": {
				"north": { "uv": [0, 0, 0.5, 1], "texture": "#4" },
				"east": { "uv": [0, 0, 8.5, 1], "texture": "#4" },
				"south": { "uv": [0, 0, 0.5, 1], "texture": "#4" },
				"west": { "uv": [0, 0, 8.5, 1], "texture": "#4" },
				"up": { "uv": [0, 0, 0.5, 8.5], "texture": "#4" },
				"down": { "uv": [0, 0, 0.5, 8.5], "texture": "#4" }
			}
		},
		{
			"from": [7.45, 5.5, 10.2],
			"to": [8.55, 6.3, 11.5],
			"rotation": { "angle": 0, "axis": "y", "origin": [8.17873, 7.39645, 7.83265] },
			"faces": {
				"north": { "uv": [0, 0, 0.5, 1], "texture": "#4" },
				"east": { "uv": [0, 0, 8.5, 1], "texture": "#4" },
				"south": { "uv": [0, 0, 0.5, 1], "texture": "#4" },
				"west": { "uv": [0, 0, 8.5, 1], "texture": "#4" },
				"up": { "uv": [0, 0, 0.5, 8.5], "texture": "#4" },
				"down": { "uv": [0, 0, 0.5, 8.5], "texture": "#4" }
			}
		},
		{
			"from": [7.6, 5.5, 9.85],
			"to": [8.4, 6.3, 11.65],
			"rotation": { "angle": 0, "axis": "y", "origin": [8.17873, 7.39645, 7.83265] },
			"faces": {
				"north": { "uv": [0, 0, 0.5, 1], "texture": "#4" },
				"east": { "uv": [0, 0, 8.5, 1], "texture": "#4" },
				"south": { "uv": [0, 0, 0.5, 1], "texture": "#4" },
				"west": { "uv": [0, 0, 8.5, 1], "texture": "#4" },
				"up": { "uv": [0, 0, 0.5, 8.5], "texture": "#4" },
				"down": { "uv": [0, 0, 0.5, 8.5], "texture": "#4" }
			}
		},
		{
			"from": [7.7, 5.6, 9.35],
			"to": [8.3, 6.2, 9.6],
			"rotation": { "angle": 0, "axis": "y", "origin": [8.17873, 7.39645, 7.83265] },
			"faces": {
				"north": { "uv": [0, 0, 0.5, 1], "texture": "#4" },
				"east": { "uv": [0, 0, 8.5, 1], "texture": "#4" },
				"south": { "uv": [0, 0, 0.5, 1], "texture": "#4" },
				"west": { "uv": [0, 0, 8.5, 1], "texture": "#4" },
				"up": { "uv": [0, 0, 0.5, 8.5], "texture": "#4" },
				"down": { "uv": [0, 0, 0.5, 8.5], "texture": "#4" }
			}
		},
		{
			"from": [7.6, 5.35, 10.2],
			"to": [8.5, 6.45, 11.5],
			"rotation": { "angle": 0, "axis": "y", "origin": [8.17873, 7.39645, 7.83265] },
			"faces": {
				"north": { "uv": [0, 0, 0.5, 1], "texture": "#4" },
				"east": { "uv": [0, 0, 8.5, 1], "texture": "#4" },
				"south": { "uv": [0, 0, 0.5, 1], "texture": "#4" },
				"west": { "uv": [0, 0, 8.5, 1], "texture": "#4" },
				"up": { "uv": [0, 0, 0.5, 8.5], "texture": "#4" },
				"down": { "uv": [0, 0, 0.5, 8.5], "texture": "#4" }
			}
		},
		{
			"from": [7.6, 5.35, 6.5],
			"to": [8.5, 6.45, 7.8],
			"rotation": { "angle": 0, "axis": "y", "origin": [8.17873, 7.39645, 8.16735] },
			"faces": {
				"north": { "uv": [0.5, 0, 0, 1], "texture": "#4" },
				"east": { "uv": [8.5, 0, 0, 1], "texture": "#4" },
				"south": { "uv": [0.5, 0, 0, 1], "texture": "#4" },
				"west": { "uv": [8.5, 0, 0, 1], "texture": "#4" },
				"up": { "uv": [0, 8.5, 0.5, 0], "texture": "#4" },
				"down": { "uv": [0, 8.5, 0.5, 0], "texture": "#4" }
			}
		},
		{
			"from": [7.6, 5.5, 6.35],
			"to": [8.4, 6.3, 8.15],
			"rotation": { "angle": 0, "axis": "y", "origin": [8.17873, 7.39645, 8.16735] },
			"faces": {
				"north": { "uv": [0.5, 0, 0, 1], "texture": "#4" },
				"east": { "uv": [8.5, 0, 0, 1], "texture": "#4" },
				"south": { "uv": [0.5, 0, 0, 1], "texture": "#4" },
				"west": { "uv": [8.5, 0, 0, 1], "texture": "#4" },
				"up": { "uv": [0, 8.5, 0.5, 0], "texture": "#4" },
				"down": { "uv": [0, 8.5, 0.5, 0], "texture": "#4" }
			}
		},
		{
			"from": [7.45, 5.5, 6.5],
			"to": [8.55, 6.3, 7.8],
			"rotation": { "angle": 0, "axis": "y", "origin": [8.17873, 7.39645, 8.16735] },
			"faces": {
				"north": { "uv": [0.5, 0, 0, 1], "texture": "#4" },
				"east": { "uv": [8.5, 0, 0, 1], "texture": "#4" },
				"south": { "uv": [0.5, 0, 0, 1], "texture": "#4" },
				"west": { "uv": [8.5, 0, 0, 1], "texture": "#4" },
				"up": { "uv": [0, 8.5, 0.5, 0], "texture": "#4" },
				"down": { "uv": [0, 8.5, 0.5, 0], "texture": "#4" }
			}
		},
		{
			"from": [7.85, 5.75, 8.15],
			"to": [8.15, 6.05, 8.4],
			"rotation": { "angle": 0, "axis": "y", "origin": [8.17873, 7.39645, 8.16735] },
			"faces": {
				"north": { "uv": [0.5, 0, 0, 1], "texture": "#4" },
				"east": { "uv": [8.5, 0, 0, 1], "texture": "#4" },
				"south": { "uv": [0.5, 0, 0, 1], "texture": "#4" },
				"west": { "uv": [8.5, 0, 0, 1], "texture": "#4" },
				"up": { "uv": [0, 8.5, 0.5, 0], "texture": "#4" },
				"down": { "uv": [0, 8.5, 0.5, 0], "texture": "#4" }
			}
		},
		{
			"from": [7.7, 5.6, 8.4],
			"to": [8.3, 6.2, 8.65],
			"rotation": { "angle": 0, "axis": "y", "origin": [8.17873, 7.39645, 8.16735] },
			"faces": {
				"north": { "uv": [0.5, 0, 0, 1], "texture": "#4" },
				"east": { "uv": [8.5, 0, 0, 1], "texture": "#4" },
				"south": { "uv": [0.5, 0, 0, 1], "texture": "#4" },
				"west": { "uv": [8.5, 0, 0, 1], "texture": "#4" },
				"up": { "uv": [0, 8.5, 0.5, 0], "texture": "#4" },
				"down": { "uv": [0, 8.5, 0.5, 0], "texture": "#4" }
			}
		},
		{
			"from": [7.58, 8, 6.5],
			"to": [8.42, 8.3, 8],
			"rotation": { "angle": 0, "axis": "y", "origin": [8.17873, 7.39645, 7.83265] },
			"faces": {
				"north": { "uv": [0, 0, 0.84, 0.3], "texture": "#4" },
				"east": { "uv": [0, 0, 1.5, 0.3], "texture": "#4" },
				"south": { "uv": [0, 0, 0.84, 0.3], "texture": "#4" },
				"west": { "uv": [0, 0, 1.5, 0.3], "texture": "#4" },
				"up": { "uv": [0, 0, 0.84, 1.5], "texture": "#4" },
				"down": { "uv": [0, 0, 0.84, 1.5], "texture": "#4" }
			}
		},
		{
			"from": [7.64074, 7.80668, 6.5],
			"to": [8.64074, 8.20668, 8],
			"rotation": { "angle": -45, "axis": "z", "origin": [8.17873, 7.39645, 7.83265] },
			"faces": {
				"north": { "uv": [0, 0, 1, 0.4], "texture": "#4" },
				"east": { "uv": [0, 0, 1.5, 0.4], "texture": "#4" },
				"south": { "uv": [0, 0, 1, 0.4], "texture": "#4" },
				"west": { "uv": [0, 0, 1.5, 0.4], "texture": "#4" },
				"up": { "uv": [0, 0, 1, 1.5], "texture": "#4" },
				"down": { "uv": [0, 0, 1, 1.5], "texture": "#4" }
			}
		},
		{
			"from": [8.75, 7, 6.5],
			"to": [9, 7.75, 7.75],
			"rotation": { "angle": 0, "axis": "y", "origin": [8.17873, 7.39645, 7.83265] },
			"faces": {
				"north": { "uv": [0, 0, 0.75, 0.25], "rotation": 270, "texture": "#4" },
				"east": { "uv": [0, 0, 0.75, 1.25], "rotation": 90, "texture": "#4" },
				"south": { "uv": [0, 0, 0.75, 0.25], "rotation": 90, "texture": "#4" },
				"west": { "uv": [0, 0, 0.75, 1.25], "rotation": 90, "texture": "#4" },
				"up": { "uv": [0, 0, 1.25, 0.25], "rotation": 90, "texture": "#4" },
				"down": { "uv": [0, 0, 1.25, 0.25], "rotation": 90, "texture": "#4" }
			}
		},
		{
			"from": [7.25, 6.75, 6.75],
			"to": [8.75, 7, 7.75],
			"rotation": { "angle": 0, "axis": "y", "origin": [8.17873, 7.39645, 7.83265] },
			"faces": {
				"north": { "uv": [0, 0, 0.25, 1.5], "rotation": 270, "texture": "#4" },
				"east": { "uv": [0, 0, 0.25, 1], "rotation": 90, "texture": "#4" },
				"south": { "uv": [0, 0, 0.25, 1.5], "rotation": 90, "texture": "#4" },
				"west": { "uv": [0, 0, 0.25, 1], "rotation": 90, "texture": "#4" },
				"up": { "uv": [0, 0, 1, 1.5], "rotation": 90, "texture": "#4" },
				"down": { "uv": [0, 0, 1, 1.5], "rotation": 90, "texture": "#4" }
			}
		},
		{
			"from": [7.25, 6.75, 10.25],
			"to": [8.75, 7, 11.25],
			"rotation": { "angle": 0, "axis": "y", "origin": [8.17873, 7.39645, 7.83265] },
			"faces": {
				"north": { "uv": [0, 0, 0.25, 1.5], "rotation": 270, "texture": "#4" },
				"east": { "uv": [0, 0, 0.25, 1], "rotation": 90, "texture": "#4" },
				"south": { "uv": [0, 0, 0.25, 1.5], "rotation": 90, "texture": "#4" },
				"west": { "uv": [0, 0, 0.25, 1], "rotation": 90, "texture": "#4" },
				"up": { "uv": [0, 0, 1, 1.5], "rotation": 90, "texture": "#4" },
				"down": { "uv": [0, 0, 1, 1.5], "rotation": 90, "texture": "#4" }
			}
		},
		{
			"from": [8.75, 7, 10],
			"to": [9, 7.75, 11.5],
			"rotation": { "angle": 0, "axis": "y", "origin": [8.17873, 7.39645, 7.83265] },
			"faces": {
				"north": { "uv": [0, 0, 0.75, 0.25], "rotation": 270, "texture": "#4" },
				"east": { "uv": [0, 0, 0.75, 1.5], "rotation": 90, "texture": "#4" },
				"south": { "uv": [0, 0, 0.75, 0.25], "rotation": 90, "texture": "#4" },
				"west": { "uv": [0, 0, 0.75, 1.5], "rotation": 90, "texture": "#4" },
				"up": { "uv": [0, 0, 1.5, 0.25], "rotation": 90, "texture": "#4" },
				"down": { "uv": [0, 0, 1.5, 0.25], "rotation": 90, "texture": "#4" }
			}
		},
		{
			"from": [7, 7, 10],
			"to": [7.25, 7.75, 11.5],
			"rotation": { "angle": 0, "axis": "y", "origin": [8.17873, 7.39645, 7.83265] },
			"faces": {
				"north": { "uv": [0, 0, 0.75, 0.25], "rotation": 90, "texture": "#4" },
				"east": { "uv": [0, 0, 0.75, 1.5], "rotation": 270, "texture": "#4" },
				"south": { "uv": [0, 0, 0.75, 0.25], "rotation": 270, "texture": "#4" },
				"west": { "uv": [0, 0, 0.75, 1.5], "rotation": 270, "texture": "#4" },
				"up": { "uv": [0, 0, 1.5, 0.25], "rotation": 270, "texture": "#4" },
				"down": { "uv": [0, 0, 1.5, 0.25], "rotation": 270, "texture": "#4" }
			}
		},
		{
			"from": [7, 6.5, 10.25],
			"to": [7.25, 7, 11.25],
			"rotation": { "angle": 0, "axis": "y", "origin": [8.17873, 7.39645, 7.83265] },
			"faces": {
				"north": { "uv": [0, 0, 0.5, 0.25], "rotation": 90, "texture": "#4" },
				"east": { "uv": [0, 0, 0.5, 1], "rotation": 270, "texture": "#4" },
				"south": { "uv": [0, 0, 0.5, 0.25], "rotation": 270, "texture": "#4" },
				"west": { "uv": [0, 0, 0.5, 1], "rotation": 270, "texture": "#4" },
				"up": { "uv": [0, 0, 1, 0.25], "rotation": 270, "texture": "#4" },
				"down": { "uv": [0, 0, 1, 0.25], "rotation": 270, "texture": "#4" }
			}
		},
		{
			"from": [7.46396, 8.05944, 10],
			"to": [8.46396, 8.45944, 11.5],
			"rotation": { "angle": 45, "axis": "z", "origin": [8.17873, 7.39645, 7.83265] },
			"faces": {
				"north": { "uv": [0, 0, 1, 0.4], "texture": "#4" },
				"east": { "uv": [0, 0, 1.5, 0.4], "texture": "#4" },
				"south": { "uv": [0, 0, 1, 0.4], "texture": "#4" },
				"west": { "uv": [0, 0, 1.5, 0.4], "texture": "#4" },
				"up": { "uv": [0, 0, 1, 1.5], "texture": "#4" },
				"down": { "uv": [0, 0, 1, 1.5], "texture": "#4" }
			}
		},
		{
			"from": [7.64074, 7.80668, 10],
			"to": [8.64074, 8.20668, 11.5],
			"rotation": { "angle": -45, "axis": "z", "origin": [8.17873, 7.39645, 7.83265] },
			"faces": {
				"north": { "uv": [0, 0, 1, 0.4], "texture": "#4" },
				"east": { "uv": [0, 0, 1.5, 0.4], "texture": "#4" },
				"south": { "uv": [0, 0, 1, 0.4], "texture": "#4" },
				"west": { "uv": [0, 0, 1.5, 0.4], "texture": "#4" },
				"up": { "uv": [0, 0, 1, 1.5], "texture": "#4" },
				"down": { "uv": [0, 0, 1, 1.5], "texture": "#4" }
			}
		},
		{
			"from": [7.58, 8, 10],
			"to": [8.42, 8.3, 11.5],
			"rotation": { "angle": 0, "axis": "y", "origin": [8.17873, 7.39645, 7.83265] },
			"faces": {
				"north": { "uv": [0, 0, 0.84, 0.3], "texture": "#4" },
				"east": { "uv": [0, 0, 1.5, 0.3], "texture": "#4" },
				"south": { "uv": [0, 0, 0.84, 0.3], "texture": "#4" },
				"west": { "uv": [0, 0, 1.5, 0.3], "texture": "#4" },
				"up": { "uv": [0, 0, 0.84, 1.5], "texture": "#4" },
				"down": { "uv": [0, 0, 0.84, 1.5], "texture": "#4" }
			}
		},
		{
			"from": [8.75, 6.5, 10.25],
			"to": [9, 7, 11.25],
			"rotation": { "angle": 0, "axis": "y", "origin": [8.17873, 7.39645, 7.83265] },
			"faces": {
				"north": { "uv": [0, 0, 0.5, 0.25], "rotation": 270, "texture": "#4" },
				"east": { "uv": [0, 0, 0.5, 1], "rotation": 90, "texture": "#4" },
				"south": { "uv": [0, 0, 0.5, 0.25], "rotation": 90, "texture": "#4" },
				"west": { "uv": [0, 0, 0.5, 1], "rotation": 90, "texture": "#4" },
				"up": { "uv": [0, 0, 1, 0.25], "rotation": 90, "texture": "#4" },
				"down": { "uv": [0, 0, 1, 0.25], "rotation": 90, "texture": "#4" }
			}
		},
		{
			"from": [7.10771, 8.59805, 2],
			"to": [8.10771, 9.09805, 5.85],
			"rotation": { "angle": 22.5, "axis": "z", "origin": [8.17873, 7.39645, 7.83265] },
			"faces": {
				"north": { "uv": [0, 0, 1, 0.5], "texture": "#4" },
				"east": { "uv": [0, 0, 3.85, 0.5], "texture": "#4" },
				"south": { "uv": [0, 0, 1, 0.5], "texture": "#4" },
				"west": { "uv": [0, 0, 3.85, 0.5], "texture": "#4" },
				"up": { "uv": [0, 0, 1, 3.85], "texture": "#4" },
				"down": { "uv": [0, 0, 1, 3.85], "texture": "#4" }
			}
		},
		{
			"from": [6.7828, 8.83875, 1.99],
			"to": [8.0328, 9.33875, 5.75],
			"rotation": { "angle": 45, "axis": "z", "origin": [8.17873, 7.39645, 7.83265] },
			"faces": {
				"north": { "uv": [0, 0, 1.25, 0.5], "texture": "#4" },
				"east": { "uv": [0, 0, 3.76, 0.5], "texture": "#4" },
				"south": { "uv": [0, 0, 1.25, 0.5], "texture": "#4" },
				"west": { "uv": [0, 0, 3.76, 0.5], "texture": "#4" },
				"up": { "uv": [0, 0, 1.25, 3.76], "texture": "#4" },
				"down": { "uv": [0, 0, 1.25, 3.76], "texture": "#4" }
			}
		},
		{
			"from": [5.80307, 6.53907, 2],
			"to": [6.30307, 7.78907, 4.75],
			"rotation": { "angle": 0, "axis": "y", "origin": [8.17873, 7.39645, 7.83265] },
			"faces": {
				"north": { "uv": [0, 0, 1.25, 0.5], "rotation": 90, "texture": "#4" },
				"east": { "uv": [0, 0, 1.25, 2.75], "rotation": 270, "texture": "#4" },
				"south": { "uv": [0, 0, 1.25, 0.5], "rotation": 270, "texture": "#4" },
				"west": { "uv": [0, 0, 1.25, 2.75], "rotation": 270, "texture": "#4" },
				"up": { "uv": [0, 0, 2.75, 0.5], "rotation": 270, "texture": "#4" },
				"down": { "uv": [0, 0, 2.75, 0.5], "rotation": 270, "texture": "#4" }
			}
		},
		{
			"from": [7.9195, 8.46125, 2],
			"to": [8.9195, 8.96125, 5.85],
			"rotation": { "angle": -22.5, "axis": "z", "origin": [8.17873, 7.39645, 7.83265] },
			"faces": {
				"north": { "uv": [0, 0, 1, 0.5], "texture": "#4" },
				"east": { "uv": [0, 0, 3.85, 0.5], "texture": "#4" },
				"south": { "uv": [0, 0, 1, 0.5], "texture": "#4" },
				"west": { "uv": [0, 0, 3.85, 0.5], "texture": "#4" },
				"up": { "uv": [0, 0, 1, 3.85], "texture": "#4" },
				"down": { "uv": [0, 0, 1, 3.85], "texture": "#4" }
			}
		},
		{
			"from": [8.0719, 8.586, 1.99],
			"to": [9.3219, 9.086, 5.75],
			"rotation": { "angle": -45, "axis": "z", "origin": [8.17873, 7.39645, 7.83265] },
			"faces": {
				"north": { "uv": [0, 0, 1.25, 0.5], "texture": "#4" },
				"east": { "uv": [0, 0, 3.76, 0.5], "texture": "#4" },
				"south": { "uv": [0, 0, 1.25, 0.5], "texture": "#4" },
				"west": { "uv": [0, 0, 3.76, 0.5], "texture": "#4" },
				"up": { "uv": [0, 0, 1.25, 3.76], "texture": "#4" },
				"down": { "uv": [0, 0, 1.25, 3.76], "texture": "#4" }
			}
		},
		{
			"from": [9.69693, 6.53907, 2],
			"to": [10.19693, 7.78907, 5],
			"rotation": { "angle": 0, "axis": "y", "origin": [8.17873, 7.39645, 7.83265] },
			"faces": {
				"north": { "uv": [0, 0, 1.25, 0.5], "rotation": 270, "texture": "#4" },
				"east": { "uv": [0, 0, 1.25, 3], "rotation": 90, "texture": "#4" },
				"south": { "uv": [0, 0, 1.25, 0.5], "rotation": 90, "texture": "#4" },
				"west": { "uv": [0, 0, 1.25, 3], "rotation": 90, "texture": "#4" },
				"up": { "uv": [0, 0, 3, 0.5], "rotation": 90, "texture": "#4" },
				"down": { "uv": [0, 0, 3, 0.5], "rotation": 90, "texture": "#4" }
			}
		},
		{
			"from": [6.25, 1.02214, 5.28677],
			"to": [7.75, 3.52214, 6.28677],
			"rotation": { "angle": 45, "axis": "x", "origin": [8.17873, 7.39645, 7.83265] },
			"faces": {
				"north": { "uv": [0, 0, 1.5, 2.5], "texture": "#4" },
				"east": { "uv": [0, 0, 1, 2.5], "texture": "#4" },
				"south": { "uv": [0, 0, 1.5, 2.5], "texture": "#4" },
				"west": { "uv": [0, 0, 1, 2.5], "texture": "#4" },
				"up": { "uv": [0, 0, 1.5, 1], "texture": "#4" },
				"down": { "uv": [0, 0, 1.5, 1], "texture": "#4" }
			}
		},
		{
			"from": [8.5, 0.77214, 5.28677],
			"to": [9.5, 1.02214, 6.28677],
			"rotation": { "angle": 45, "axis": "x", "origin": [8.17873, 7.39645, 7.83265] },
			"faces": {
				"north": { "uv": [0, 0, 1, 0.25], "texture": "#4" },
				"east": { "uv": [0, 0, 1, 0.25], "texture": "#4" },
				"south": { "uv": [0, 0, 1, 0.25], "texture": "#4" },
				"west": { "uv": [0, 0, 1, 0.25], "texture": "#4" },
				"up": { "uv": [0, 0, 1, 1], "texture": "#4" },
				"down": { "uv": [0, 0, 1, 1], "texture": "#4" }
			}
		},
		{
			"from": [6.5, 0.77214, 5.28677],
			"to": [7.5, 1.02214, 6.28677],
			"rotation": { "angle": 45, "axis": "x", "origin": [8.17873, 7.39645, 7.83265] },
			"faces": {
				"north": { "uv": [0, 0, 1, 0.25], "texture": "#4" },
				"east": { "uv": [0, 0, 1, 0.25], "texture": "#4" },
				"south": { "uv": [0, 0, 1, 0.25], "texture": "#4" },
				"west": { "uv": [0, 0, 1, 0.25], "texture": "#4" },
				"up": { "uv": [0, 0, 1, 1], "texture": "#4" },
				"down": { "uv": [0, 0, 1, 1], "texture": "#4" }
			}
		},
		{
			"from": [6.5, 1.02214, 5.03677],
			"to": [7.5, 3.52214, 6.53677],
			"rotation": { "angle": 45, "axis": "x", "origin": [8.17873, 7.39645, 7.83265] },
			"faces": {
				"north": { "uv": [0, 0, 1, 2.5], "texture": "#4" },
				"east": { "uv": [0, 0, 1.5, 2.5], "texture": "#4" },
				"south": { "uv": [0, 0, 1, 2.5], "texture": "#4" },
				"west": { "uv": [0, 0, 1.5, 2.5], "texture": "#4" },
				"up": { "uv": [0, 0, 1, 1.5], "texture": "#4" },
				"down": { "uv": [0, 0, 1, 1.5], "texture": "#4" }
			}
		},
		{
			"from": [8.5, 1.02214, 5.03677],
			"to": [9.5, 3.52214, 6.53677],
			"rotation": { "angle": 45, "axis": "x", "origin": [8.17873, 7.39645, 7.83265] },
			"faces": {
				"north": { "uv": [0, 0, 1, 2.5], "texture": "#4" },
				"east": { "uv": [0, 0, 1.5, 2.5], "texture": "#4" },
				"south": { "uv": [0, 0, 1, 2.5], "texture": "#4" },
				"west": { "uv": [0, 0, 1.5, 2.5], "texture": "#4" },
				"up": { "uv": [0, 0, 1, 1.5], "texture": "#4" },
				"down": { "uv": [0, 0, 1, 1.5], "texture": "#4" }
			}
		},
		{
			"from": [8.25, 1.02214, 5.28677],
			"to": [9.75, 3.52214, 6.28677],
			"rotation": { "angle": 45, "axis": "x", "origin": [8.17873, 7.39645, 7.83265] },
			"faces": {
				"north": { "uv": [0, 0, 1.5, 2.5], "texture": "#4" },
				"east": { "uv": [0, 0, 1, 2.5], "texture": "#4" },
				"south": { "uv": [0, 0, 1.5, 2.5], "texture": "#4" },
				"west": { "uv": [0, 0, 1, 2.5], "texture": "#4" },
				"up": { "uv": [0, 0, 1.5, 1], "texture": "#4" },
				"down": { "uv": [0, 0, 1.5, 1], "texture": "#4" }
			}
		},
		{
			"from": [6.75, 7, 2.75],
			"to": [9.25, 8.5, 4.75],
			"rotation": { "angle": 0, "axis": "y", "origin": [8.17873, 7.39645, 7.83265] },
			"faces": {
				"north": { "uv": [0, 0, 2.5, 1.5], "texture": "#4" },
				"east": { "uv": [0, 0, 2, 1.5], "texture": "#4" },
				"south": { "uv": [0, 0, 2.5, 1.5], "texture": "#4" },
				"west": { "uv": [0, 0, 2, 1.5], "texture": "#4" },
				"up": { "uv": [0, 0, 2.5, 2], "texture": "#4" },
				"down": { "uv": [0, 0, 2.5, 2], "texture": "#4" }
			}
		},
		{
			"from": [6.25, 7, 2.75],
			"to": [6.75, 8, 4.75],
			"rotation": { "angle": 0, "axis": "y", "origin": [8.17873, 7.39645, 7.83265] },
			"faces": {
				"north": { "uv": [0, 0, 0.5, 1], "texture": "#4" },
				"east": { "uv": [0, 0, 2, 1], "texture": "#4" },
				"south": { "uv": [0, 0, 0.5, 1], "texture": "#4" },
				"west": { "uv": [0, 0, 2, 1], "texture": "#4" },
				"up": { "uv": [0, 0, 0.5, 2], "texture": "#4" },
				"down": { "uv": [0, 0, 0.5, 2], "texture": "#4" }
			}
		},
		{
			"from": [9.25, 7, 2.75],
			"to": [9.75, 8, 4.75],
			"rotation": { "angle": 0, "axis": "y", "origin": [8.17873, 7.39645, 7.83265] },
			"faces": {
				"north": { "uv": [0, 0, 0.5, 1], "texture": "#4" },
				"east": { "uv": [0, 0, 2, 1], "texture": "#4" },
				"south": { "uv": [0, 0, 0.5, 1], "texture": "#4" },
				"west": { "uv": [0, 0, 2, 1], "texture": "#4" },
				"up": { "uv": [0, 0, 0.5, 2], "texture": "#4" },
				"down": { "uv": [0, 0, 0.5, 2], "texture": "#4" }
			}
		},
		{
			"from": [7.25, 8.5, 4],
			"to": [8.75, 8.9, 5.95],
			"rotation": { "angle": 0, "axis": "y", "origin": [8.17873, 7.39645, 7.83265] },
			"faces": {
				"north": { "uv": [0, 0, 1.5, 0.4], "texture": "#4" },
				"east": { "uv": [0, 0, 1.95, 0.4], "texture": "#4" },
				"south": { "uv": [0, 0, 1.5, 0.4], "texture": "#4" },
				"west": { "uv": [0, 0, 1.95, 0.4], "texture": "#4" },
				"up": { "uv": [0, 0, 1.5, 1.95], "texture": "#4" },
				"down": { "uv": [0, 0, 1.5, 1.95], "texture": "#4" }
			}
		},
		{
			"from": [8.75, 6.5, 6.75],
			"to": [9, 7, 7.75],
			"rotation": { "angle": 0, "axis": "y", "origin": [8.17873, 7.39645, 7.83265] },
			"faces": {
				"north": { "uv": [0, 0, 0.5, 0.25], "rotation": 270, "texture": "#4" },
				"east": { "uv": [0, 0, 0.5, 1], "rotation": 90, "texture": "#4" },
				"south": { "uv": [0, 0, 0.5, 0.25], "rotation": 90, "texture": "#4" },
				"west": { "uv": [0, 0, 0.5, 1], "rotation": 90, "texture": "#4" },
				"up": { "uv": [0, 0, 1, 0.25], "rotation": 90, "texture": "#4" },
				"down": { "uv": [0, 0, 1, 0.25], "rotation": 90, "texture": "#4" }
			}
		},
		{
			"from": [7, 6.5, 6.75],
			"to": [7.25, 7, 7.75],
			"rotation": { "angle": 0, "axis": "y", "origin": [8.17873, 7.39645, 7.83265] },
			"faces": {
				"north": { "uv": [0, 0, 0.5, 0.25], "rotation": 90, "texture": "#4" },
				"east": { "uv": [0, 0, 0.5, 1], "rotation": 270, "texture": "#4" },
				"south": { "uv": [0, 0, 0.5, 0.25], "rotation": 270, "texture": "#4" },
				"west": { "uv": [0, 0, 0.5, 1], "rotation": 270, "texture": "#4" },
				"up": { "uv": [0, 0, 1, 0.25], "rotation": 270, "texture": "#4" },
				"down": { "uv": [0, 0, 1, 0.25], "rotation": 270, "texture": "#4" }
			}
		},
		{
			"from": [7, 7, 6.5],
			"to": [7.25, 7.75, 8],
			"rotation": { "angle": 0, "axis": "y", "origin": [8.17873, 7.39645, 7.83265] },
			"faces": {
				"north": { "uv": [0, 0, 0.75, 0.25], "rotation": 90, "texture": "#4" },
				"east": { "uv": [0, 0, 0.75, 1.5], "rotation": 270, "texture": "#4" },
				"south": { "uv": [0, 0, 0.75, 0.25], "rotation": 270, "texture": "#4" },
				"west": { "uv": [0, 0, 0.75, 1.5], "rotation": 270, "texture": "#4" },
				"up": { "uv": [0, 0, 1.5, 0.25], "rotation": 270, "texture": "#4" },
				"down": { "uv": [0, 0, 1.5, 0.25], "rotation": 270, "texture": "#4" }
			}
		},
		{
			"from": [7.46396, 8.05944, 6.5],
			"to": [8.46396, 8.45944, 8],
			"rotation": { "angle": 45, "axis": "z", "origin": [8.17873, 7.39645, 7.83265] },
			"faces": {
				"north": { "uv": [0, 0, 1, 0.4], "texture": "#4" },
				"east": { "uv": [0, 0, 1.5, 0.4], "texture": "#4" },
				"south": { "uv": [0, 0, 1, 0.4], "texture": "#4" },
				"west": { "uv": [0, 0, 1.5, 0.4], "texture": "#4" },
				"up": { "uv": [0, 0, 1, 1.5], "texture": "#4" },
				"down": { "uv": [0, 0, 1, 1.5], "texture": "#4" }
			}
		}
	],
	"display": {
		"thirdperson_righthand": {
			"rotation": [45, 180, 0],
			"translation": [0, 6, -3],
			"scale": [1.5, 1.5, 1.5]
		},
		"thirdperson_lefthand": {
			"rotation": [45, 180, 0],
			"translation": [0, 6, -3],
			"scale": [1.5, 1.5, 1.5]
		},
		"firstperson_righthand": {
			"rotation": [13, 180, 0],
			"translation": [2, 2, -3],
			"scale": [1.6, 1.6, 1.6]
		},
		"firstperson_lefthand": {
			"rotation": [13, 180, 0],
			"translation": [2, 2, -3],
			"scale": [1.6, 1.6, 1.6]
		},
		"ground": {
			"translation": [0, 4.75, 0],
			"scale": [2, 2, 2]
		},
		"gui": {
			"rotation": [-90, 45, 90],
			"scale": [1.4, 1.4, 1.4]
		},
		"head": {
			"rotation": [-145, 0, -180],
			"translation": [0, 7, -7],
			"scale": [1.8, 1.8, 1.8]
		},
		"fixed": {
			"rotation": [-90, -45, -90],
			"translation": [0, 0, -3],
			"scale": [1.8, 1.8, 1.8]
		}
	},
	"groups": [
		{
			"name": "Accessory Main",
			"origin": [8.17873, 7.39645, 7.83265],
			"color": 0,
			"children": [0, 1, 2, 3, 4, 5, 6, 7, 8, 9, 10, 11, 12, 13, 14, 15, 16, 17, 18, 19, 20, 21]
		},
		{
			"name": "Yellow",
			"origin": [8.17873, 7.39645, 7.83265],
			"color": 0,
			"children": [22, 23, 24, 25, 26, 27, 28, 29, 30, 31, 32, 33, 34, 35, 36, 37, 38, 39, 40, 41]
		},
		{
			"name": "Hose",
			"origin": [8.17873, 7.39645, 7.83265],
			"color": 0,
			"children": [42, 43]
		},
		{
			"name": "Barrel",
			"origin": [8.17873, 7.39645, 7.83265],
			"color": 0,
			"children": [44, 45, 46, 47, 48, 49, 50, 51, 52, 53, 54]
		},
		{
			"name": "Acecssory Specific",
			"origin": [8.17873, 7.39645, 7.83265],
			"color": 0,
			"children": [55, 56, 57, 58, 59, 60, 61, 62, 63, 64]
		},
		{
			"name": "Weapon Type (Main Color)",
			"origin": [8.17873, 7.39645, 7.83265],
			"color": 0,
			"children": [
				65, 66, 67, 68, 69, 70, 71, 72, 73, 74, 75, 76, 77, 78, 79, 80, 81, 82, 83, 84, 85, 86, 87, 88, 89, 90, 91, 92, 93, 94, 95,
				96
			]
		}
	]
}
