{
	"credit": "Made with Blockbench by Woalium",
	"texture_size": [4, 4],
	"textures": {
		"1": "lom:item/weapons/rapier-main",
		"2": "lom:item/weapons/rapier-hilt",
		"3": "lom:item/weapons/rapier-texture",
		"particle": "lom:item/weapons/rapier-hilt"
	},
	"elements": [
		{
			"from": [4.4, -5, -1],
			"to": [5.6, -4, 9],
			"faces": {
				"north": {"uv": [12, 5, 12.625, 5.5], "texture": "#2"},
				"east": {"uv": [4, 0, 9, 0.5], "texture": "#2"},
				"south": {"uv": [12, 5.5, 12.625, 6], "texture": "#2"},
				"west": {"uv": [4, 0.5, 9, 1], "texture": "#2"},
				"up": {"uv": [0.625, 5, 0, 0], "texture": "#2"},
				"down": {"uv": [1.625, 0, 1, 5], "texture": "#2"}
			}
		},
		{
			"from": [4.41, -9.9, 2.8],
			"to": [5.61, -8.9, 4.8],
			"rotation": {"angle": -45, "axis": "x", "origin": [0, 0, 0]},
			"faces": {
				"north": {"uv": [6.5, 12, 7.125, 12.5], "texture": "#2"},
				"east": {"uv": [10, 4.5, 11, 5], "texture": "#2"},
				"south": {"uv": [12, 7, 12.625, 7.5], "texture": "#2"},
				"west": {"uv": [10, 5, 11, 5.5], "texture": "#2"},
				"up": {"uv": [3.625, 6, 3, 5], "texture": "#2"},
				"down": {"uv": [9.625, 3, 9, 4], "texture": "#2"}
			}
		},
		{
			"from": [4.4, -3.6, 9.4],
			"to": [5.6, -2.2, 10.4],
			"rotation": {"angle": 0, "axis": "y", "origin": [0, 0, 0]},
			"faces": {
				"north": {"uv": [2.5, 11, 3.125, 11.75], "texture": "#2"},
				"east": {"uv": [4.5, 11, 5, 11.75], "texture": "#2"},
				"south": {"uv": [11, 3, 11.625, 3.75], "texture": "#2"},
				"west": {"uv": [8.5, 11, 9, 11.75], "texture": "#2"},
				"up": {"uv": [8.125, 12.5, 7.5, 12], "texture": "#2"},
				"down": {"uv": [12.625, 7.5, 12, 8], "texture": "#2"}
			}
		},
		{
			"from": [4.81, -9.6, -0.2],
			"to": [5.21, -8.6, 1.8],
			"rotation": {"angle": -45, "axis": "x", "origin": [0, 0, -3]},
			"faces": {
				"north": {"uv": [11.5, 2.5, 11.75, 3], "texture": "#2"},
				"east": {"uv": [10, 5.5, 11, 6], "texture": "#2"},
				"south": {"uv": [11.5, 4, 11.75, 4.5], "texture": "#2"},
				"west": {"uv": [10, 7.5, 11, 8], "texture": "#2"},
				"up": {"uv": [9.25, 13.5, 9, 12.5], "texture": "#2"},
				"down": {"uv": [3.25, 13, 3, 14], "texture": "#2"}
			}
		},
		{
			"from": [4.8, -3.6, 6.2],
			"to": [5.2, -0.6, 7.8],
			"rotation": {"angle": 0, "axis": "y", "origin": [0, 0, -3]},
			"faces": {
				"north": {"uv": [9.5, 11.5, 9.75, 13], "texture": "#2"},
				"east": {"uv": [0, 8.5, 0.75, 10], "texture": "#2"},
				"south": {"uv": [12, 0, 12.25, 1.5], "texture": "#2"},
				"west": {"uv": [1, 8.5, 1.75, 10], "texture": "#2"},
				"up": {"uv": [7.25, 13.75, 7, 13], "texture": "#2"},
				"down": {"uv": [13.25, 7, 13, 7.75], "texture": "#2"}
			}
		},
		{
			"from": [4.4, -0.2, 2],
			"to": [5.6, 0.8, 6],
			"faces": {
				"north": {"uv": [12, 8, 12.625, 8.5], "texture": "#2"},
				"east": {"uv": [7.5, 7, 9.5, 7.5], "texture": "#2"},
				"south": {"uv": [12, 8.5, 12.625, 9], "texture": "#2"},
				"west": {"uv": [8.5, 4, 10.5, 4.5], "texture": "#2"},
				"up": {"uv": [4.625, 9.5, 4, 7.5], "texture": "#2"},
				"down": {"uv": [8.125, 4, 7.5, 6], "texture": "#2"}
			}
		},
		{
			"from": [4.41, 8.45, 0.9],
			"to": [5.61, 9.45, 2.9],
			"rotation": {"angle": 45, "axis": "x", "origin": [0, -1, -7]},
			"faces": {
				"north": {"uv": [12, 9, 12.625, 9.5], "texture": "#2"},
				"east": {"uv": [10, 8, 11, 8.5], "texture": "#2"},
				"south": {"uv": [12, 9.5, 12.625, 10], "texture": "#2"},
				"west": {"uv": [10.5, 4, 11.5, 4.5], "texture": "#2"},
				"up": {"uv": [8.625, 10.5, 8, 9.5], "texture": "#2"},
				"down": {"uv": [10.125, 8.5, 9.5, 9.5], "texture": "#2"}
			}
		},
		{
			"from": [4.41, -4.2, -0.2],
			"to": [5.61, -3.2, 1.8],
			"rotation": {"angle": -45, "axis": "x", "origin": [0, -1, -3]},
			"faces": {
				"north": {"uv": [10.5, 12, 11.125, 12.5], "texture": "#2"},
				"east": {"uv": [5.5, 10.5, 6.5, 11], "texture": "#2"},
				"south": {"uv": [11.5, 12, 12.125, 12.5], "texture": "#2"},
				"west": {"uv": [8, 10.5, 9, 11], "texture": "#2"},
				"up": {"uv": [9.625, 10.5, 9, 9.5], "texture": "#2"},
				"down": {"uv": [0.625, 10, 0, 11], "texture": "#2"}
			}
		},
		{
			"from": [4.81, 8.55, 1.3],
			"to": [5.21, 10.05, 3.9],
			"rotation": {"angle": 45, "axis": "x", "origin": [0, 0, -7]},
			"faces": {
				"north": {"uv": [7.5, 13, 7.75, 13.75], "texture": "#2"},
				"east": {"uv": [8.5, 4.5, 9.75, 5.25], "texture": "#2"},
				"south": {"uv": [8, 13, 8.25, 13.75], "texture": "#2"},
				"west": {"uv": [6.5, 8.5, 7.75, 9.25], "texture": "#2"},
				"up": {"uv": [8.75, 13.25, 8.5, 12], "texture": "#2"},
				"down": {"uv": [0.25, 12.5, 0, 13.75], "texture": "#2"}
			}
		},
		{
			"from": [4.8, -0.5, 2],
			"to": [5.2, 1.2, 6],
			"rotation": {"angle": 0, "axis": "y", "origin": [0, 1, 0]},
			"faces": {
				"north": {"uv": [4.5, 13, 4.75, 13.875], "texture": "#2"},
				"east": {"uv": [1, 5, 3, 5.875], "texture": "#2"},
				"south": {"uv": [6.5, 13, 6.75, 13.875], "texture": "#2"},
				"west": {"uv": [5, 4, 7, 4.875], "texture": "#2"},
				"up": {"uv": [10.75, 10.5, 10.5, 8.5], "texture": "#2"},
				"down": {"uv": [9.25, 10.5, 9, 12.5], "texture": "#2"}
			}
		},
		{
			"from": [4.81, -4.1, -1.2],
			"to": [5.21, -2.7, 1.4],
			"rotation": {"angle": -45, "axis": "x", "origin": [0, 0, -3]},
			"faces": {
				"north": {"uv": [13, 8, 13.25, 8.75], "texture": "#2"},
				"east": {"uv": [8.5, 7.5, 9.75, 8.25], "texture": "#2"},
				"south": {"uv": [13, 9, 13.25, 9.75], "texture": "#2"},
				"west": {"uv": [8, 8.5, 9.25, 9.25], "texture": "#2"},
				"up": {"uv": [12.75, 1.25, 12.5, 0], "texture": "#2"},
				"down": {"uv": [0.75, 12.5, 0.5, 13.75], "texture": "#2"}
			}
		},
		{
			"from": [4.8, -3.4, 0.2],
			"to": [5.2, -0.6, 1.7],
			"rotation": {"angle": 0, "axis": "y", "origin": [0, 0, -7]},
			"faces": {
				"north": {"uv": [5.5, 12, 5.75, 13.375], "texture": "#2"},
				"east": {"uv": [2, 8.5, 2.75, 9.875], "texture": "#2"},
				"south": {"uv": [6, 12, 6.25, 13.375], "texture": "#2"},
				"west": {"uv": [3, 8.5, 3.75, 9.875], "texture": "#2"},
				"up": {"uv": [9.75, 13.75, 9.5, 13], "texture": "#2"},
				"down": {"uv": [10.75, 13, 10.5, 13.75], "texture": "#2"}
			}
		},
		{
			"from": [4.4, -3.4, 0.5],
			"to": [5.6, -0.6, 1.5],
			"rotation": {"angle": 0, "axis": "y", "origin": [0, 0, -7]},
			"faces": {
				"north": {"uv": [5, 9, 5.625, 10.375], "texture": "#2"},
				"east": {"uv": [7, 9.5, 7.5, 10.875], "texture": "#2"},
				"south": {"uv": [4, 9.5, 4.625, 10.875], "texture": "#2"},
				"west": {"uv": [7.5, 9.5, 8, 10.875], "texture": "#2"},
				"up": {"uv": [1.625, 13, 1, 12.5], "texture": "#2"},
				"down": {"uv": [13.125, 1.5, 12.5, 2], "texture": "#2"}
			}
		},
		{
			"from": [4.4, -3.6, 6.4],
			"to": [5.6, -0.6, 7.4],
			"rotation": {"angle": 0, "axis": "y", "origin": [0, 0, -3]},
			"faces": {
				"north": {"uv": [9, 0, 9.625, 1.5], "texture": "#2"},
				"east": {"uv": [6, 9, 6.5, 10.5], "texture": "#2"},
				"south": {"uv": [9, 1.5, 9.625, 3], "texture": "#2"},
				"west": {"uv": [6.5, 9.5, 7, 11], "texture": "#2"},
				"up": {"uv": [13.125, 2.5, 12.5, 2], "texture": "#2"},
				"down": {"uv": [13.125, 2.5, 12.5, 3], "texture": "#2"}
			}
		},
		{
			"from": [4.81, 3.2, 0.7],
			"to": [5.21, 4.2, 2.7],
			"rotation": {"angle": 45, "axis": "x", "origin": [0, 0, -7]},
			"faces": {
				"north": {"uv": [13, 5.5, 13.25, 6], "texture": "#2"},
				"east": {"uv": [10.5, 10.5, 11.5, 11], "texture": "#2"},
				"south": {"uv": [12, 13, 12.25, 13.5], "texture": "#2"},
				"west": {"uv": [0, 11, 1, 11.5], "texture": "#2"},
				"up": {"uv": [3.75, 14, 3.5, 13], "texture": "#2"},
				"down": {"uv": [4.25, 13, 4, 14], "texture": "#2"}
			}
		},
		{
			"from": [4.41, 2.9, 0.7],
			"to": [5.61, 3.9, 2.7],
			"rotation": {"angle": 45, "axis": "x", "origin": [0, 0, -7]},
			"faces": {
				"north": {"uv": [12.5, 3, 13.125, 3.5], "texture": "#2"},
				"east": {"uv": [11, 0, 12, 0.5], "texture": "#2"},
				"south": {"uv": [12.5, 3.5, 13.125, 4], "texture": "#2"},
				"west": {"uv": [11, 0.5, 12, 1], "texture": "#2"},
				"up": {"uv": [10.625, 1, 10, 0], "texture": "#2"},
				"down": {"uv": [1.625, 10, 1, 11], "texture": "#2"}
			}
		},
		{
			"from": [4.41, -9.9, -0.2],
			"to": [5.61, -8.9, 1.8],
			"rotation": {"angle": -45, "axis": "x", "origin": [0, 0, -3]},
			"faces": {
				"north": {"uv": [12.5, 4, 13.125, 4.5], "texture": "#2"},
				"east": {"uv": [1, 11, 2, 11.5], "texture": "#2"},
				"south": {"uv": [12.5, 6, 13.125, 6.5], "texture": "#2"},
				"west": {"uv": [11, 1, 12, 1.5], "texture": "#2"},
				"up": {"uv": [10.625, 2, 10, 1], "texture": "#2"},
				"down": {"uv": [2.625, 10, 2, 11], "texture": "#2"}
			}
		},
		{
			"from": [3.7, -5, 2.7],
			"to": [6.3, -4, 5.3],
			"faces": {
				"north": {"uv": [8.5, 5.5, 9.75, 6], "texture": "#2"},
				"east": {"uv": [9.5, 7, 10.75, 7.5], "texture": "#2"},
				"south": {"uv": [10, 2, 11.25, 2.5], "texture": "#2"},
				"west": {"uv": [10, 2.5, 11.25, 3], "texture": "#2"},
				"up": {"uv": [3.75, 7.25, 2.5, 6], "texture": "#2"},
				"down": {"uv": [6.25, 6.5, 5, 7.75], "texture": "#2"}
			}
		},
		{
			"from": [4.41, -11.2, -7.6],
			"to": [5.61, -9.2, -6.6],
			"rotation": {"angle": -45, "axis": "x", "origin": [0, 0, -11.75]},
			"faces": {
				"north": {"uv": [3, 10, 3.625, 11], "texture": "#2"},
				"east": {"uv": [9.5, 10.5, 10, 11.5], "texture": "#2"},
				"south": {"uv": [10, 3, 10.625, 4], "texture": "#2"},
				"west": {"uv": [2, 11, 2.5, 12], "texture": "#2"},
				"up": {"uv": [7.125, 13, 6.5, 12.5], "texture": "#2"},
				"down": {"uv": [13.125, 6.5, 12.5, 7], "texture": "#2"}
			}
		},
		{
			"from": [4.4, -3.6, -2.35],
			"to": [5.6, -2.2, -1.35],
			"rotation": {"angle": 0, "axis": "y", "origin": [0, 0, -11.75]},
			"faces": {
				"north": {"uv": [3.5, 11, 4.125, 11.75], "texture": "#2"},
				"east": {"uv": [2, 12, 2.5, 12.75], "texture": "#2"},
				"south": {"uv": [11, 4.5, 11.625, 5.25], "texture": "#2"},
				"west": {"uv": [2.5, 12, 3, 12.75], "texture": "#2"},
				"up": {"uv": [8.125, 13, 7.5, 12.5], "texture": "#2"},
				"down": {"uv": [13.125, 10, 12.5, 10.5], "texture": "#2"}
			}
		},
		{
			"from": [4.9, -3.3, -2.35],
			"to": [5.1, -1.9, -1.15],
			"rotation": {"angle": 0, "axis": "y", "origin": [0, 0, -11.75]},
			"faces": {
				"north": {"uv": [1, 13.5, 1.125, 14.25], "texture": "#2"},
				"east": {"uv": [5.5, 11, 6.125, 11.75], "texture": "#2"},
				"south": {"uv": [1.5, 13.5, 1.625, 14.25], "texture": "#2"},
				"west": {"uv": [6.5, 11, 7.125, 11.75], "texture": "#2"},
				"up": {"uv": [13.625, 4.125, 13.5, 3.5], "texture": "#2"},
				"down": {"uv": [5.625, 13.5, 5.5, 14.125], "texture": "#2"}
			}
		},
		{
			"from": [4.9, -3.3, 9.2],
			"to": [5.1, -1.9, 10.4],
			"rotation": {"angle": 0, "axis": "y", "origin": [0, 0, 0]},
			"faces": {
				"north": {"uv": [13.5, 1.5, 13.625, 2.25], "texture": "#2"},
				"east": {"uv": [11, 7, 11.625, 7.75], "texture": "#2"},
				"south": {"uv": [2, 13.5, 2.125, 14.25], "texture": "#2"},
				"west": {"uv": [7.5, 11, 8.125, 11.75], "texture": "#2"},
				"up": {"uv": [13.625, 6.125, 13.5, 5.5], "texture": "#2"},
				"down": {"uv": [6.125, 13.5, 6, 14.125], "texture": "#2"}
			}
		},
		{
			"from": [4.91, -8.9, 2.8],
			"to": [5.11, -8.3, 4.8],
			"rotation": {"angle": -45, "axis": "x", "origin": [0, 1, 0]},
			"faces": {
				"north": {"uv": [13.5, 6.5, 13.625, 6.75], "texture": "#2"},
				"east": {"uv": [13, 4.5, 14, 4.75], "texture": "#2"},
				"south": {"uv": [13.5, 7, 13.625, 7.25], "texture": "#2"},
				"west": {"uv": [13, 5, 14, 5.25], "texture": "#2"},
				"up": {"uv": [12.625, 14, 12.5, 13], "texture": "#2"},
				"down": {"uv": [13.125, 13, 13, 14], "texture": "#2"}
			}
		},
		{
			"from": [4.9, -4, -1],
			"to": [5.1, -3.4, 9],
			"rotation": {"angle": 0, "axis": "y", "origin": [0, 1, 0]},
			"faces": {
				"north": {"uv": [13.5, 7.5, 13.625, 7.75], "texture": "#2"},
				"east": {"uv": [7.5, 6, 12.5, 6.25], "texture": "#2"},
				"south": {"uv": [13.5, 8, 13.625, 8.25], "texture": "#2"},
				"west": {"uv": [7.5, 6.5, 12.5, 6.75], "texture": "#2"},
				"up": {"uv": [10.125, 14.5, 10, 9.5], "texture": "#2"},
				"down": {"uv": [5.125, 10.5, 5, 15.5], "texture": "#2"}
			}
		},
		{
			"from": [4.91, -10.2, -7.6],
			"to": [5.11, -8.6, -7.1],
			"rotation": {"angle": -45, "axis": "x", "origin": [0, 1, -11.75]},
			"faces": {
				"north": {"uv": [2.5, 13.5, 2.625, 14.25], "texture": "#2"},
				"east": {"uv": [11, 13, 11.25, 13.75], "texture": "#2"},
				"south": {"uv": [13.5, 2.5, 13.625, 3.25], "texture": "#2"},
				"west": {"uv": [11.5, 13, 11.75, 13.75], "texture": "#2"},
				"up": {"uv": [8.625, 13.75, 8.5, 13.5], "texture": "#2"},
				"down": {"uv": [13.625, 8.5, 13.5, 8.75], "texture": "#2"}
			}
		},
		{
			"from": [4.39, -5.05, 2.1],
			"to": [5.59, -3.55, 3.1],
			"rotation": {"angle": 45, "axis": "x", "origin": [0, 0, 0]},
			"faces": {
				"north": {"uv": [11, 8, 11.625, 8.75], "texture": "#2"},
				"east": {"uv": [12, 2.5, 12.5, 3.25], "texture": "#2"},
				"south": {"uv": [11, 9, 11.625, 9.75], "texture": "#2"},
				"west": {"uv": [3, 12, 3.5, 12.75], "texture": "#2"},
				"up": {"uv": [11.125, 13, 10.5, 12.5], "texture": "#2"},
				"down": {"uv": [13.125, 10.5, 12.5, 11], "texture": "#2"}
			}
		},
		{
			"from": [4.41, -6.85, 0],
			"to": [5.61, -5.45, 1],
			"rotation": {"angle": 22.5, "axis": "x", "origin": [0, 0, 0]},
			"faces": {
				"north": {"uv": [10.5, 11, 11.125, 11.75], "texture": "#2"},
				"east": {"uv": [3.5, 12, 4, 12.75], "texture": "#2"},
				"south": {"uv": [0, 11.5, 0.625, 12.25], "texture": "#2"},
				"west": {"uv": [12, 3.5, 12.5, 4.25], "texture": "#2"},
				"up": {"uv": [13.125, 11.5, 12.5, 11], "texture": "#2"},
				"down": {"uv": [12.125, 12.5, 11.5, 13], "texture": "#2"}
			}
		},
		{
			"from": [4.4, -12.65, -2.6],
			"to": [5.6, -6.35, -1.6],
			"faces": {
				"north": {"uv": [4, 4, 4.625, 7.125], "texture": "#2"},
				"east": {"uv": [6.5, 5, 7, 8.125], "texture": "#2"},
				"south": {"uv": [0, 5, 0.625, 8.125], "texture": "#2"},
				"west": {"uv": [7, 4, 7.5, 7.125], "texture": "#2"},
				"up": {"uv": [13.125, 12, 12.5, 11.5], "texture": "#2"},
				"down": {"uv": [13.125, 12, 12.5, 12.5], "texture": "#2"}
			}
		},
		{
			"from": [4.41, -12.1, -7.2],
			"to": [5.61, -10.6, -6.2],
			"rotation": {"angle": -22.5, "axis": "x", "origin": [0, 0, 0]},
			"faces": {
				"north": {"uv": [1, 11.5, 1.625, 12.25], "texture": "#2"},
				"east": {"uv": [4, 12, 4.5, 12.75], "texture": "#2"},
				"south": {"uv": [11.5, 1.5, 12.125, 2.25], "texture": "#2"},
				"west": {"uv": [4.5, 12, 5, 12.75], "texture": "#2"},
				"up": {"uv": [13.125, 13, 12.5, 12.5], "texture": "#2"},
				"down": {"uv": [13.625, 0, 13, 0.5], "texture": "#2"}
			}
		},
		{
			"from": [4.39, -11.3, 8.4],
			"to": [5.59, -10.3, 9.9],
			"rotation": {"angle": 45, "axis": "x", "origin": [0, 0, 0]},
			"faces": {
				"north": {"uv": [13, 0.5, 13.625, 1], "texture": "#2"},
				"east": {"uv": [11, 5.5, 11.75, 6], "texture": "#2"},
				"south": {"uv": [1, 13, 1.625, 13.5], "texture": "#2"},
				"west": {"uv": [12, 4.5, 12.75, 5], "texture": "#2"},
				"up": {"uv": [12.125, 10.75, 11.5, 10], "texture": "#2"},
				"down": {"uv": [12.125, 11, 11.5, 11.75], "texture": "#2"}
			}
		},
		{
			"from": [4.4, -15, -1],
			"to": [5.6, -14, 9],
			"faces": {
				"north": {"uv": [13, 1, 13.625, 1.5], "texture": "#2"},
				"east": {"uv": [4, 1, 9, 1.5], "texture": "#2"},
				"south": {"uv": [2, 13, 2.625, 13.5], "texture": "#2"},
				"west": {"uv": [4, 1.5, 9, 2], "texture": "#2"},
				"up": {"uv": [2.625, 5, 2, 0], "texture": "#2"},
				"down": {"uv": [3.625, 0, 3, 5], "texture": "#2"}
			}
		},
		{
			"from": [3.8, -16, 2.6],
			"to": [6.2, -14, 5.4],
			"faces": {
				"north": {"uv": [7, 7.5, 8.25, 8.5], "texture": "#2"},
				"east": {"uv": [1, 7.5, 2.375, 8.5], "texture": "#2"},
				"south": {"uv": [5, 8, 6.25, 9], "texture": "#2"},
				"west": {"uv": [2.5, 7.5, 3.875, 8.5], "texture": "#2"},
				"up": {"uv": [6.25, 6.375, 5, 5], "texture": "#2"},
				"down": {"uv": [2.25, 6, 1, 7.375], "texture": "#2"}
			}
		},
		{
			"from": [0.4, -5, 3.5],
			"to": [9.6, -4.01, 4.5],
			"faces": {
				"north": {"uv": [4, 2, 8.625, 2.5], "texture": "#2"},
				"east": {"uv": [11, 1.5, 11.5, 2], "texture": "#2"},
				"south": {"uv": [4, 2.5, 8.625, 3], "texture": "#2"},
				"west": {"uv": [11, 10, 11.5, 10.5], "texture": "#2"},
				"up": {"uv": [8.625, 3.5, 4, 3], "texture": "#2"},
				"down": {"uv": [8.625, 3.5, 4, 4], "texture": "#2"}
			}
		},
		{
			"from": [4, -14, 3],
			"to": [6, -5, 5],
			"faces": {
				"north": {"uv": [1, 0, 1.5, 2.25], "texture": "#1"},
				"east": {"uv": [1.5, 0, 2, 2.25], "texture": "#1"},
				"south": {"uv": [2, 0, 2.5, 2.25], "texture": "#1"},
				"west": {"uv": [1, 2.25, 1.5, 4.5], "texture": "#1"},
				"up": {"uv": [2.5, 2.75, 2, 2.25], "texture": "#1"},
				"down": {"uv": [3, 0, 2.5, 0.5], "texture": "#1"}
			}
		},
		{
			"from": [4.9, 0, 3],
			"to": [5.1, 32, 5],
			"rotation": {"angle": 0, "axis": "y", "origin": [0, 2, 0]},
			"faces": {
				"north": {"uv": [1.5, 2.25, 1.5625, 9.75], "texture": "#1"},
				"east": {"uv": [0, 0, 0.5, 7.5], "texture": "#1"},
				"south": {"uv": [1.75, 2.25, 1.8125, 9.75], "texture": "#1"},
				"west": {"uv": [0.5, 0, 1, 7.5], "texture": "#1"},
				"up": {"uv": [2.8125, 2.5, 2.75, 2], "texture": "#1"},
				"down": {"uv": [2.3125, 2.75, 2.25, 3.25], "texture": "#1"}
			}
		},
		{
			"from": [5, -4, 3.5],
			"to": [5, 0, 4.5],
			"faces": {
				"north": {"uv": [2.75, 1, 2.8125, 2], "texture": "#1"},
				"east": {"uv": [2.5, 0.5, 2.75, 1.5], "texture": "#1"},
				"south": {"uv": [2, 2.75, 2.0625, 3.75], "texture": "#1"},
				"west": {"uv": [2.5, 1.5, 2.75, 2.5], "texture": "#1"},
				"up": {"uv": [2.5625, 3.25, 2.5, 3], "texture": "#1"},
				"down": {"uv": [3.0625, 2.5, 3, 2.75], "texture": "#1"}
			}
		},
		{
			"from": [4.9, 19.7, 23.35],
			"to": [5.1, 21.1, 24.75],
			"rotation": {"angle": -45, "axis": "x", "origin": [0, 2, 0]},
			"faces": {
				"north": {"uv": [3, 0, 3.0625, 0.375], "texture": "#1"},
				"east": {"uv": [2.5, 2.5, 2.875, 2.875], "texture": "#1"},
				"south": {"uv": [3, 1, 3.0625, 1.375], "texture": "#1"},
				"west": {"uv": [2.75, 0.5, 3.125, 0.875], "texture": "#1"},
				"up": {"uv": [3.0625, 1.875, 3, 1.5], "texture": "#1"},
				"down": {"uv": [3.0625, 2, 3, 2.375], "texture": "#1"}
			}
		},
		{
			"from": [4.2, -1, 0.6],
			"to": [4.2, 1, 2.6],
			"faces": {
				"north": {"uv": [0, 0, 0, 8], "texture": "#3"},
				"east": {"uv": [0, 0, 8, 8], "texture": "#3"},
				"south": {"uv": [0, 0, 0, 8], "texture": "#3"},
				"west": {"uv": [0, 8, 8, 16], "texture": "#3"},
				"up": {"uv": [0, 8, 0, 0], "texture": "#3"},
				"down": {"uv": [0, 0, 0, 8], "texture": "#3"}
			}
		},
		{
			"from": [4.7, 1, 2.4],
			"to": [4.7, 3, 4.4],
			"faces": {
				"north": {"uv": [0, 0, 0, 8], "texture": "#3"},
				"east": {"uv": [0, 0, 8, 8], "texture": "#3"},
				"south": {"uv": [0, 0, 0, 8], "texture": "#3"},
				"west": {"uv": [0, 8, 8, 16], "texture": "#3"},
				"up": {"uv": [0, 8, 0, 0], "texture": "#3"},
				"down": {"uv": [0, 0, 0, 8], "texture": "#3"}
			}
		},
		{
			"from": [4.7, 19, 2.4],
			"to": [4.7, 21, 4.4],
			"faces": {
				"north": {"uv": [0, 0, 0, 8], "texture": "#3"},
				"east": {"uv": [0, 0, 8, 8], "texture": "#3"},
				"south": {"uv": [0, 0, 0, 8], "texture": "#3"},
				"west": {"uv": [0, 8, 8, 16], "texture": "#3"},
				"up": {"uv": [0, 8, 0, 0], "texture": "#3"},
				"down": {"uv": [0, 0, 0, 8], "texture": "#3"}
			}
		},
		{
			"from": [5.8, -1, 0.4],
			"to": [5.8, 1, 2.4],
			"faces": {
				"north": {"uv": [0, 0, 0, 8], "texture": "#3"},
				"east": {"uv": [0, 8, 8, 16], "texture": "#3"},
				"south": {"uv": [0, 0, 0, 8], "texture": "#3"},
				"west": {"uv": [0, 0, 8, 8], "texture": "#3"},
				"up": {"uv": [0, 8, 0, 0], "rotation": 180, "texture": "#3"},
				"down": {"uv": [0, 0, 0, 8], "rotation": 180, "texture": "#3"}
			}
		},
		{
			"from": [5.3, 1, 2.4],
			"to": [5.3, 3, 4.4],
			"faces": {
				"north": {"uv": [0, 0, 0, 8], "texture": "#3"},
				"east": {"uv": [0, 8, 8, 16], "texture": "#3"},
				"south": {"uv": [0, 0, 0, 8], "texture": "#3"},
				"west": {"uv": [0, 0, 8, 8], "texture": "#3"},
				"up": {"uv": [0, 8, 0, 0], "rotation": 180, "texture": "#3"},
				"down": {"uv": [0, 0, 0, 8], "rotation": 180, "texture": "#3"}
			}
		},
		{
			"from": [5.3, 20, 2.4],
			"to": [5.3, 22, 4.4],
			"faces": {
				"north": {"uv": [0, 0, 0, 8], "texture": "#3"},
				"east": {"uv": [0, 8, 8, 16], "texture": "#3"},
				"south": {"uv": [0, 0, 0, 8], "texture": "#3"},
				"west": {"uv": [0, 0, 8, 8], "texture": "#3"},
				"up": {"uv": [0, 8, 0, 0], "rotation": 180, "texture": "#3"},
				"down": {"uv": [0, 0, 0, 8], "rotation": 180, "texture": "#3"}
			}
		}
	],
	"display": {
		"thirdperson_righthand": {
			"translation": [1.75, 6.75, 4],
			"scale": [0.5, 0.5, 0.5]
		},
		"thirdperson_lefthand": {
			"rotation": [-1.09, -5.92, 0],
			"translation": [-0.75, 6.5, 2.25],
			"scale": [0.5, 0.5, 0.5]
		},
		"firstperson_righthand": {
			"rotation": [0, 20, 0],
			"translation": [4.75, 13.75, 0]
		},
		"firstperson_lefthand": {
			"translation": [0, 13, 1]
		},
		"ground": {
			"translation": [0, 9, 0],
			"scale": [0.5, 0.5, 0.5]
		},
		"gui": {
			"rotation": [90, 43, -90],
			"translation": [2.25, 0, 0],
			"scale": [0.5, 0.42969, 0.5]
		},
		"head": {
			"rotation": [-18, 0, 90],
			"translation": [-19, -0.5, -4]
		},
		"fixed": {
			"rotation": [-90, 45, 90],
			"translation": [0, 2, -1.75],
			"scale": [0.5, 0.5, 0.5]
		}
	},
	"groups": [
		{
			"name": "hilt",
			"origin": [0, 0, 0],
			"color": 0,
			"children": [0, 1, 2, 3, 4, 5, 6, 7, 8, 9, 10, 11, 12, 13, 14, 15, 16, 17, 18, 19, 20, 21, 22, 23, 24, 25, 26, 27, 28, 29, 30, 31, 32]
		},
		33,
		34,
		35,
		36,
		37,
		38,
		39,
		40,
		41,
		42
	]
}