{
	"credit": "Made with Blockbench",
	"textures": {
		"0": "lom:item/items/soggy_bread/texture",
		"1": "lom:item/items/soggy_bread/drip",
		"particle": "lom:item/items/soggy_bread/texture"
	},
	"elements": [
		{
			"from": [16, -3.9, 13],
			"to": [16, 1.1, 17],
			"faces": {
				"north": { "uv": [0, 0, 0, 5], "texture": "#1" },
				"east": { "uv": [0, 0, 4, 5], "texture": "#1" },
				"south": { "uv": [0, 0, 0, 5], "texture": "#1" },
				"west": { "uv": [4, 0, 8, 5], "texture": "#1" },
				"up": { "uv": [0, 4, 0, 0], "texture": "#1" },
				"down": { "uv": [0, 0, 0, 4], "texture": "#1" }
			}
		},
		{
			"from": [0, -9, 19],
			"to": [6, -1, 19],
			"faces": {
				"north": { "uv": [0, 0, 4, 5], "texture": "#1" },
				"east": { "uv": [0, 0, 0, 5], "texture": "#1" },
				"south": { "uv": [0, 0, 4, 5], "texture": "#1" },
				"west": { "uv": [0, 0, 0, 5], "texture": "#1" },
				"up": { "uv": [0, 4, 0, 0], "rotation": 270, "texture": "#1" },
				"down": { "uv": [0, 0, 0, 4], "rotation": 90, "texture": "#1" }
			}
		},
		{
			"from": [9, -4, 19],
			"to": [14, -1, 19],
			"faces": {
				"north": { "uv": [0, 0, 4, 5], "texture": "#1" },
				"east": { "uv": [0, 0, 0, 5], "texture": "#1" },
				"south": { "uv": [0, 0, 4, 5], "texture": "#1" },
				"west": { "uv": [0, 0, 0, 5], "texture": "#1" },
				"up": { "uv": [0, 4, 0, 0], "rotation": 270, "texture": "#1" },
				"down": { "uv": [0, 0, 0, 4], "rotation": 90, "texture": "#1" }
			}
		},
		{
			"from": [0, -5, 3],
			"to": [0, 2, 7],
			"faces": {
				"north": { "uv": [0, 0, 0, 5], "texture": "#1" },
				"east": { "uv": [4, 0, 8, 5], "texture": "#1" },
				"south": { "uv": [0, 0, 0, 5], "texture": "#1" },
				"west": { "uv": [0, 0, 4, 5], "texture": "#1" },
				"up": { "uv": [0, 4, 0, 0], "rotation": 180, "texture": "#1" },
				"down": { "uv": [0, 0, 0, 4], "rotation": 180, "texture": "#1" }
			}
		},
		{
			"from": [16, -1, 8],
			"to": [16, 2, 10],
			"faces": {
				"north": { "uv": [0, 0, 0, 5], "texture": "#1" },
				"east": { "uv": [0, 0, 4, 5], "texture": "#1" },
				"south": { "uv": [0, 0, 0, 5], "texture": "#1" },
				"west": { "uv": [4, 0, 8, 5], "texture": "#1" },
				"up": { "uv": [0, 4, 0, 0], "texture": "#1" },
				"down": { "uv": [0, 0, 0, 4], "texture": "#1" }
			}
		},
		{
			"from": [16, -1, 0],
			"to": [16, 2, 2],
			"faces": {
				"north": { "uv": [0, 0, 0, 5], "texture": "#1" },
				"east": { "uv": [0, 0, 4, 5], "texture": "#1" },
				"south": { "uv": [0, 0, 0, 5], "texture": "#1" },
				"west": { "uv": [4, 0, 8, 5], "texture": "#1" },
				"up": { "uv": [0, 4, 0, 0], "texture": "#1" },
				"down": { "uv": [0, 0, 0, 4], "texture": "#1" }
			}
		},
		{
			"from": [0, -0.25, 0],
			"to": [16, 1.75, 9],
			"faces": {
				"north": { "uv": [4, 4, 8, 4.5], "texture": "#0" },
				"east": { "uv": [3.5, 7, 5.75, 7.5], "texture": "#0" },
				"south": { "uv": [0, 4.5, 4, 5], "texture": "#0" },
				"west": { "uv": [5.75, 7, 8, 7.5], "texture": "#0" },
				"up": { "uv": [4, 2.25, 0, 0], "texture": "#0" },
				"down": { "uv": [4, 2.25, 0, 4.5], "texture": "#0" }
			}
		},
		{
			"from": [0, -0.25, 9],
			"to": [16, 1.75, 14],
			"faces": {
				"north": { "uv": [4, 4.5, 8, 5], "texture": "#0" },
				"east": { "uv": [7.5, 6.5, 8.75, 7], "texture": "#0" },
				"south": { "uv": [0, 5, 4, 5.5], "texture": "#0" },
				"west": { "uv": [7, 7.5, 8.25, 8], "texture": "#0" },
				"up": { "uv": [8, 1.25, 4, 0], "texture": "#0" },
				"down": { "uv": [8, 1.25, 4, 2.5], "texture": "#0" }
			}
		},
		{
			"from": [0, 5, 12],
			"to": [16, 7, 15],
			"rotation": { "angle": 22.5, "axis": "x", "origin": [0, 0, 0] },
			"faces": {
				"north": { "uv": [4, 5, 8, 5.5], "texture": "#0" },
				"east": { "uv": [0, 7.75, 0.75, 8.25], "texture": "#0" },
				"south": { "uv": [0, 5.5, 4, 6], "texture": "#0" },
				"west": { "uv": [0.75, 7.75, 1.5, 8.25], "texture": "#0" },
				"up": { "uv": [8, 3.25, 4, 2.5], "texture": "#0" },
				"down": { "uv": [8, 3.25, 4, 4], "texture": "#0" }
			}
		},
		{
			"from": [1, 5, 15],
			"to": [15, 7, 16],
			"rotation": { "angle": 22.5, "axis": "x", "origin": [0, 0, 0] },
			"faces": {
				"north": { "uv": [4, 6.5, 7.5, 7], "texture": "#0" },
				"east": { "uv": [2.5, 7.75, 2.75, 8.25], "texture": "#0" },
				"south": { "uv": [0, 7, 3.5, 7.5], "texture": "#0" },
				"west": { "uv": [2.75, 7.75, 3, 8.25], "texture": "#0" },
				"up": { "uv": [3.5, 7.75, 0, 7.5], "texture": "#0" },
				"down": { "uv": [7, 7.5, 3.5, 7.75], "texture": "#0" }
			}
		},
		{
			"from": [0, 10.75, 12],
			"to": [16, 12.75, 14],
			"rotation": { "angle": 45, "axis": "x", "origin": [0, 0, 0] },
			"faces": {
				"north": { "uv": [4, 5.5, 8, 6], "texture": "#0" },
				"east": { "uv": [1.5, 7.75, 2, 8.25], "texture": "#0" },
				"south": { "uv": [0, 6, 4, 6.5], "texture": "#0" },
				"west": { "uv": [2, 7.75, 2.5, 8.25], "texture": "#0" },
				"up": { "uv": [8, 6.5, 4, 6], "texture": "#0" },
				"down": { "uv": [4, 6.5, 0, 7], "texture": "#0" }
			}
		}
	],
	"display": {
		"thirdperson_righthand": {
			"rotation": [-108.03, -0.17, 177.47],
			"translation": [0, 1.75, 1.5],
			"scale": [0.3, 0.3, 0.3]
		},
		"thirdperson_lefthand": {
			"rotation": [-108.03, -0.17, 177.47],
			"translation": [0, 1.75, 1.5],
			"scale": [0.3, 0.3, 0.3]
		},
		"firstperson_righthand": {
			"rotation": [-155, -0.02, -170.25],
			"translation": [0, 4.75, 4.25],
			"scale": [0.3, 0.3, 0.3]
		},
		"firstperson_lefthand": {
			"rotation": [-155, -0.02, -170.25],
			"translation": [0, 4.75, 4.25],
			"scale": [0.3, 0.3, 0.3]
		},
		"ground": {
			"translation": [0, 6.5, 0]
		},
		"gui": {
			"rotation": [-62, 31, 42],
			"translation": [-4, 4, 0],
			"scale": [0.8, 0.8, 0.8]
		},
		"head": {
			"translation": [0, 15, 0]
		},
		"fixed": {
			"rotation": [90, 180, 0],
			"translation": [0, 0, 6.75]
		}
	},
	"groups": [
		0,
		1,
		2,
		3,
		4,
		5,
		{
			"name": "group",
			"origin": [0, 0, 0],
			"color": 0,
			"children": [6, 7, 8, 9, 10]
		}
	]
}
