{
	"credit": "Created with Blockbench by DefiantKing",
	"parent": "carved_pumpkin",
	"texture_size": [128, 128],
	"textures": {
		"1": "lom:item/hats/afro"
	},
	"elements": [
		{
			"from": [-1.9, 0, 14],
			"to": [17.9, 12, 21.5],
			"shade": false,
			"faces": {
				"north": {"uv": [2.5, 3.5, 5, 5], "texture": "#1"},
				"east": {"uv": [7, 3.5, 8, 5], "texture": "#1"},
				"south": {"uv": [0, 4, 2.5, 5.5], "texture": "#1"},
				"west": {"uv": [5, 7, 6, 8.5], "texture": "#1"},
				"up": {"uv": [7.25, 3.5, 4.75, 2.5], "texture": "#1"},
				"down": {"uv": [5, 5, 2.5, 6], "texture": "#1"}
			}
		},
		{
			"from": [17.9, 0, 14],
			"to": [18.15, 11.75, 21.25],
			"shade": false,
			"faces": {
				"north": {"uv": [1.5, 8.375, 1.625, 9.875], "texture": "#1"},
				"east": {"uv": [6, 7, 6.875, 8.5], "texture": "#1"},
				"south": {"uv": [1.625, 8.375, 1.75, 9.875], "texture": "#1"},
				"west": {"uv": [6.875, 7, 7.75, 8.5], "texture": "#1"},
				"up": {"uv": [7.875, 9.25, 7.75, 8.375], "texture": "#1"},
				"down": {"uv": [8, 8.375, 7.875, 9.25], "texture": "#1"}
			}
		},
		{
			"from": [-2.35, 0, 14],
			"to": [-2.1, 11.75, 21.25],
			"shade": false,
			"faces": {
				"north": {"uv": [1.75, 8.375, 1.875, 9.875], "texture": "#1"},
				"east": {"uv": [7.25, 0, 8.125, 1.5], "texture": "#1"},
				"south": {"uv": [1.875, 8.375, 2, 9.875], "texture": "#1"},
				"west": {"uv": [7.25, 1.5, 8.125, 3], "texture": "#1"},
				"up": {"uv": [8.125, 9.25, 8, 8.375], "texture": "#1"},
				"down": {"uv": [8.25, 8.375, 8.125, 9.25], "texture": "#1"}
			}
		},
		{
			"from": [0, -2, 5.75],
			"to": [2, 6, 8],
			"shade": false,
			"faces": {
				"north": {"uv": [4.625, 7.75, 4.875, 8.75], "texture": "#1"},
				"east": {"uv": [8.125, 1, 8.375, 2], "texture": "#1"},
				"south": {"uv": [8.125, 2, 8.375, 3], "texture": "#1"},
				"west": {"uv": [0, 8.375, 0.25, 9.375], "texture": "#1"},
				"up": {"uv": [6.5, 8.75, 6.25, 8.5], "texture": "#1"},
				"down": {"uv": [6.75, 8.5, 6.5, 8.75], "texture": "#1"}
			}
		},
		{
			"from": [14, -2, 5.75],
			"to": [16, 6, 8],
			"shade": false,
			"faces": {
				"north": {"uv": [0.25, 8.375, 0.5, 9.375], "texture": "#1"},
				"east": {"uv": [0.5, 8.375, 0.75, 9.375], "texture": "#1"},
				"south": {"uv": [0.75, 8.375, 1, 9.375], "texture": "#1"},
				"west": {"uv": [1, 8.375, 1.25, 9.375], "texture": "#1"},
				"up": {"uv": [7, 8.75, 6.75, 8.5], "texture": "#1"},
				"down": {"uv": [7.25, 8.5, 7, 8.75], "texture": "#1"}
			}
		},
		{
			"from": [0, 3, 8],
			"to": [2, 6, 14],
			"shade": false,
			"faces": {
				"north": {"uv": [2.25, 5.5, 2.5, 5.875], "texture": "#1"},
				"east": {"uv": [8, 4, 8.75, 4.375], "texture": "#1"},
				"south": {"uv": [7.5, 6.625, 7.75, 7], "texture": "#1"},
				"west": {"uv": [8, 4.375, 8.75, 4.75], "texture": "#1"},
				"up": {"uv": [2.25, 9.125, 2, 8.375], "texture": "#1"},
				"down": {"uv": [2.5, 8.375, 2.25, 9.125], "texture": "#1"}
			}
		},
		{
			"from": [0, 0, 11],
			"to": [2, 3, 14],
			"shade": false,
			"faces": {
				"north": {"uv": [8.375, 7.375, 8.625, 7.75], "texture": "#1"},
				"east": {"uv": [1.875, 5.5, 2.25, 5.875], "texture": "#1"},
				"south": {"uv": [8.25, 8.375, 8.5, 8.75], "texture": "#1"},
				"west": {"uv": [3, 8.375, 3.375, 8.75], "texture": "#1"},
				"up": {"uv": [8.75, 1.375, 8.5, 1], "texture": "#1"},
				"down": {"uv": [8.75, 1.375, 8.5, 1.75], "texture": "#1"}
			}
		},
		{
			"from": [14, 0, 11],
			"to": [16, 3, 14],
			"shade": false,
			"faces": {
				"north": {"uv": [8.5, 1.75, 8.75, 2.125], "texture": "#1"},
				"east": {"uv": [3.375, 8.375, 3.75, 8.75], "texture": "#1"},
				"south": {"uv": [8.5, 2.125, 8.75, 2.5], "texture": "#1"},
				"west": {"uv": [3.75, 8.375, 4.125, 8.75], "texture": "#1"},
				"up": {"uv": [8.75, 2.875, 8.5, 2.5], "texture": "#1"},
				"down": {"uv": [5.25, 8.5, 5, 8.875], "texture": "#1"}
			}
		},
		{
			"from": [14, 3, 8],
			"to": [16, 6, 14],
			"shade": false,
			"faces": {
				"north": {"uv": [5.25, 8.5, 5.5, 8.875], "texture": "#1"},
				"east": {"uv": [8.125, 0, 8.875, 0.375], "texture": "#1"},
				"south": {"uv": [5.5, 8.5, 5.75, 8.875], "texture": "#1"},
				"west": {"uv": [8.125, 0.375, 8.875, 0.75], "texture": "#1"},
				"up": {"uv": [2.75, 9.125, 2.5, 8.375], "texture": "#1"},
				"down": {"uv": [3, 8.375, 2.75, 9.125], "texture": "#1"}
			}
		},
		{
			"from": [-2, 6, 1],
			"to": [18, 16, 17],
			"shade": false,
			"faces": {
				"north": {"uv": [4.75, 0, 7.25, 1.25], "texture": "#1"},
				"east": {"uv": [5, 3.5, 7, 4.75], "texture": "#1"},
				"south": {"uv": [4.75, 1.25, 7.25, 2.5], "texture": "#1"},
				"west": {"uv": [5, 4.75, 7, 6], "texture": "#1"},
				"up": {"uv": [2.5, 2, 0, 0], "texture": "#1"},
				"down": {"uv": [2.5, 2, 0, 4], "texture": "#1"}
			}
		},
		{
			"from": [-1, 16, 2],
			"to": [17, 18, 16],
			"shade": false,
			"faces": {
				"north": {"uv": [7.25, 3, 9.5, 3.25], "texture": "#1"},
				"east": {"uv": [0, 6.5, 1.75, 6.75], "texture": "#1"},
				"south": {"uv": [7.25, 3.25, 9.5, 3.5], "texture": "#1"},
				"west": {"uv": [0, 6.75, 1.75, 7], "texture": "#1"},
				"up": {"uv": [4.75, 1.75, 2.5, 0], "texture": "#1"},
				"down": {"uv": [4.75, 1.75, 2.5, 3.5], "texture": "#1"}
			}
		},
		{
			"from": [3.5, -1, 1.5],
			"to": [12.5, 1, 3],
			"shade": false,
			"faces": {
				"north": {"uv": [8, 4.75, 9.125, 5], "texture": "#1"},
				"east": {"uv": [8.5, 8.125, 8.625, 8.375], "texture": "#1"},
				"south": {"uv": [8.125, 0.75, 9.25, 1], "texture": "#1"},
				"west": {"uv": [8.5, 8.375, 8.625, 8.625], "texture": "#1"},
				"up": {"uv": [9.5, 3, 8.375, 2.875], "texture": "#1"},
				"down": {"uv": [9.5, 7.25, 8.375, 7.375], "texture": "#1"}
			}
		},
		{
			"from": [10.5, -3, 1.5],
			"to": [12.5, -1, 3],
			"shade": false,
			"faces": {
				"north": {"uv": [5.75, 8.5, 6, 8.875], "texture": "#1"},
				"east": {"uv": [1.75, 6.5, 1.875, 6.875], "texture": "#1"},
				"south": {"uv": [6, 8.5, 6.25, 8.875], "texture": "#1"},
				"west": {"uv": [8.5, 7.75, 8.625, 8.125], "texture": "#1"},
				"up": {"uv": [2.125, 6, 1.875, 5.875], "texture": "#1"},
				"down": {"uv": [2.375, 5.875, 2.125, 6], "texture": "#1"}
			}
		},
		{
			"from": [3.5, -3, 1.5],
			"to": [5.5, -1, 3],
			"shade": false,
			"faces": {
				"north": {"uv": [7.25, 8.5, 7.5, 8.75], "texture": "#1"},
				"east": {"uv": [8.625, 7.375, 8.75, 7.625], "texture": "#1"},
				"south": {"uv": [7.5, 8.5, 7.75, 8.75], "texture": "#1"},
				"west": {"uv": [8.625, 7.625, 8.75, 7.875], "texture": "#1"},
				"up": {"uv": [8.875, 8, 8.625, 7.875], "texture": "#1"},
				"down": {"uv": [8.875, 8, 8.625, 8.125], "texture": "#1"}
			}
		},
		{
			"from": [-2.5, 7, 2],
			"to": [-2, 15, 17],
			"shade": false,
			"faces": {
				"north": {"uv": [4.125, 8.375, 4.25, 9.375], "texture": "#1"},
				"east": {"uv": [0, 5.5, 1.875, 6.5], "texture": "#1"},
				"south": {"uv": [4.25, 8.375, 4.375, 9.375], "texture": "#1"},
				"west": {"uv": [1.875, 6, 3.75, 7], "texture": "#1"},
				"up": {"uv": [5, 9.625, 4.875, 7.75], "texture": "#1"},
				"down": {"uv": [8.5, 1, 8.375, 2.875], "texture": "#1"}
			}
		},
		{
			"from": [18, 7, 2],
			"to": [18.5, 15, 17],
			"shade": false,
			"faces": {
				"north": {"uv": [4.375, 8.375, 4.5, 9.375], "texture": "#1"},
				"east": {"uv": [3.75, 6, 5.625, 7], "texture": "#1"},
				"south": {"uv": [4.5, 8.375, 4.625, 9.375], "texture": "#1"},
				"west": {"uv": [5.625, 6, 7.5, 7], "texture": "#1"},
				"up": {"uv": [1.375, 10.25, 1.25, 8.375], "texture": "#1"},
				"down": {"uv": [1.5, 8.375, 1.375, 10.25], "texture": "#1"}
			}
		},
		{
			"from": [-1.75, 13.25, 12.25],
			"to": [17.75, 17.5, 18.5],
			"shade": false,
			"rotation": {"angle": 45, "axis": "x", "origin": [8, 11, 13]},
			"faces": {
				"north": {"uv": [7, 5, 9.5, 5.5], "texture": "#1"},
				"east": {"uv": [7.75, 7.875, 8.5, 8.375], "texture": "#1"},
				"south": {"uv": [7, 5.5, 9.5, 6], "texture": "#1"},
				"west": {"uv": [8, 3.5, 8.75, 4], "texture": "#1"},
				"up": {"uv": [2.5, 7.75, 0, 7], "texture": "#1"},
				"down": {"uv": [5, 7, 2.5, 7.75], "texture": "#1"}
			}
		},
		{
			"from": [0.25, -2.31739, 16.35508],
			"to": [15.75, 2.93261, 21.60508],
			"shade": false,
			"rotation": {"angle": 45, "axis": "x", "origin": [8, 1.80761, 18.48008]},
			"faces": {
				"north": {"uv": [7.5, 6, 9.5, 6.625], "texture": "#1"},
				"east": {"uv": [4, 7.75, 4.625, 8.375], "texture": "#1"},
				"south": {"uv": [0, 7.75, 2, 8.375], "texture": "#1"},
				"west": {"uv": [7.75, 7.25, 8.375, 7.875], "texture": "#1"},
				"up": {"uv": [4, 8.375, 2, 7.75], "texture": "#1"},
				"down": {"uv": [9.75, 6.625, 7.75, 7.25], "texture": "#1"}
			}
		}
	],
	"display": {
		"head": {
			"translation": [0, 4.25, -1.5]
		}
	},
	"groups": [
		{
			"name": "group",
			"origin": [8, 1.80761, 18.48008],
			"color": 0,
			"children": [0, 1, 2, 3, 4, 5, 6, 7, 8, 9, 10, 11, 12, 13, 14, 15, 16, 17]
		}
	]
}