{
	"credit": "Made with Blockbench",
	"textures": {
		"0": "lom:item/hats/hats_crown2",
		"1": "lom:item/hats/hats_roamin2",
		"particle": "lom:item/hats/hats_crown2"
	},
	"elements": [
		{
			"from": [2.5, 5.5, 3.75],
			"to": [2.75, 7.25, 12.25],
			"faces": {
				"north": { "uv": [5, 4, 5.25, 5.75], "texture": "#0" },
				"east": { "uv": [3, 8, 11.5, 9.75], "texture": "#0" },
				"south": { "uv": [5, 4, 5.25, 5.75], "texture": "#0" },
				"west": { "uv": [2, 8, 10.5, 9.75], "texture": "#0" },
				"up": { "uv": [5, 4, 5.25, 12.5], "texture": "#0" },
				"down": { "uv": [5, 4, 5.25, 12.5], "texture": "#0" }
			}
		},
		{
			"from": [2.75, 5.5, 3.5],
			"to": [3.75, 7.25, 3.75],
			"faces": {
				"north": { "uv": [5, 4, 6, 5.75], "texture": "#0" },
				"east": { "uv": [5, 7, 5.25, 8.75], "texture": "#0" },
				"south": { "uv": [5, 4, 6, 5.75], "texture": "#0" },
				"west": { "uv": [6, 8, 6.25, 9.75], "texture": "#0" },
				"up": { "uv": [5, 4, 6, 4.25], "texture": "#0" },
				"down": { "uv": [5, 4, 6, 4.25], "texture": "#0" }
			}
		},
		{
			"from": [3.5, 5.5, 2.75],
			"to": [3.75, 7.25, 3.5],
			"faces": {
				"north": { "uv": [5, 4, 5.25, 5.75], "texture": "#0" },
				"east": { "uv": [1, 8, 1.75, 9.75], "texture": "#0" },
				"south": { "uv": [5, 4, 5.25, 5.75], "texture": "#0" },
				"west": { "uv": [6, 6, 6.75, 7.75], "texture": "#0" },
				"up": { "uv": [5, 4, 5.25, 4.75], "texture": "#0" },
				"down": { "uv": [5, 4, 5.25, 4.75], "texture": "#0" }
			}
		},
		{
			"from": [3.75, 5.5, 2.5],
			"to": [12.25, 7.25, 2.75],
			"faces": {
				"north": { "uv": [6, 11, 14.5, 12.75], "texture": "#0" },
				"east": { "uv": [9, 7, 9.25, 8.75], "texture": "#0" },
				"south": { "uv": [5, 4, 13.5, 5.75], "texture": "#0" },
				"west": { "uv": [4, 7, 4.25, 8.75], "texture": "#0" },
				"up": { "uv": [5, 4, 13.5, 4.25], "texture": "#0" },
				"down": { "uv": [5, 4, 13.5, 4.25], "texture": "#0" }
			}
		},
		{
			"from": [6, 5, 2.75],
			"to": [10, 5.75, 3],
			"faces": {
				"north": { "uv": [3, 12, 7, 12.75], "texture": "#0" },
				"east": { "uv": [4, 8, 4.25, 8.75], "texture": "#0" },
				"south": { "uv": [5, 4, 9, 4.75], "texture": "#0" },
				"west": { "uv": [6, 9, 6.25, 9.75], "texture": "#0" },
				"up": { "uv": [5, 4, 9, 4.25], "texture": "#0" },
				"down": { "uv": [5, 4, 9, 4.25], "texture": "#0" }
			}
		},
		{
			"from": [6.25, 5, 2.5],
			"to": [9.75, 5.5, 2.75],
			"faces": {
				"north": { "uv": [5, 4, 8.5, 4.5], "texture": "#0" },
				"east": { "uv": [5, 8, 5.25, 8.5], "texture": "#0" },
				"south": { "uv": [5, 4, 8.5, 4.5], "texture": "#0" },
				"west": { "uv": [9, 11, 9.25, 11.5], "texture": "#0" },
				"up": { "uv": [5, 4, 8.5, 4.25], "texture": "#0" },
				"down": { "uv": [5, 4, 8.5, 4.25], "texture": "#0" }
			}
		},
		{
			"from": [6.75, 4.5, 2.75],
			"to": [9.25, 5.25, 3],
			"faces": {
				"north": { "uv": [3, 11, 5.5, 11.75], "texture": "#0" },
				"east": { "uv": [6, 9, 6.25, 9.75], "texture": "#0" },
				"south": { "uv": [5, 4, 7.5, 4.75], "texture": "#0" },
				"west": { "uv": [6, 7, 6.25, 7.75], "texture": "#0" },
				"up": { "uv": [5, 4, 7.5, 4.25], "texture": "#0" },
				"down": { "uv": [5, 4, 7.5, 4.25], "texture": "#0" }
			}
		},
		{
			"from": [7, 4.5, 2.5],
			"to": [9, 5, 2.75],
			"faces": {
				"north": { "uv": [4, 11, 6, 11.5], "texture": "#0" },
				"east": { "uv": [7, 9, 7.25, 9.5], "texture": "#0" },
				"south": { "uv": [5, 4, 7, 4.5], "texture": "#0" },
				"west": { "uv": [9, 6, 9.25, 6.5], "texture": "#0" },
				"up": { "uv": [5, 4, 7, 4.25], "texture": "#0" },
				"down": { "uv": [5, 4, 7, 4.25], "texture": "#0" }
			}
		},
		{
			"from": [7.75, 3.75, 2.5],
			"to": [8.25, 4.5, 2.75],
			"faces": {
				"north": { "uv": [4, 11, 4.5, 11.75], "texture": "#0" },
				"east": { "uv": [8, 8, 8.25, 8.75], "texture": "#0" },
				"south": { "uv": [5, 4, 5.5, 4.75], "texture": "#0" },
				"west": { "uv": [7, 6, 7.25, 6.75], "texture": "#0" },
				"up": { "uv": [5, 4, 5.5, 4.25], "texture": "#0" },
				"down": { "uv": [5, 4, 5.5, 4.25], "texture": "#0" }
			}
		},
		{
			"from": [7.5, 3.5, 2.75],
			"to": [8.5, 4.75, 3],
			"faces": {
				"north": { "uv": [5, 4, 6, 5.25], "texture": "#0" },
				"east": { "uv": [6, 8, 6.25, 9.25], "texture": "#0" },
				"south": { "uv": [5, 4, 6, 5.25], "texture": "#0" },
				"west": { "uv": [9, 7, 9.25, 8.25], "texture": "#0" },
				"up": { "uv": [5, 4, 6, 4.25], "texture": "#0" },
				"down": { "uv": [5, 4, 6, 4.25], "texture": "#0" }
			}
		},
		{
			"from": [12.25, 5.5, 2.75],
			"to": [12.5, 7.25, 3.5],
			"rotation": { "angle": 0, "axis": "y", "origin": [16, 0, 0] },
			"faces": {
				"north": { "uv": [5.25, 4, 5, 5.75], "texture": "#0" },
				"east": { "uv": [3.75, 8, 3, 9.75], "texture": "#0" },
				"south": { "uv": [5.25, 4, 5, 5.75], "texture": "#0" },
				"west": { "uv": [8.75, 8, 8, 9.75], "texture": "#0" },
				"up": { "uv": [5.25, 4, 5, 4.75], "texture": "#0" },
				"down": { "uv": [5.25, 4, 5, 4.75], "texture": "#0" }
			}
		},
		{
			"from": [12.25, 5.5, 3.5],
			"to": [13.25, 7.25, 3.75],
			"rotation": { "angle": 0, "axis": "y", "origin": [16, 0, 0] },
			"faces": {
				"north": { "uv": [5.75, 4, 6.75, 5.75], "texture": "#0" },
				"east": { "uv": [5.25, 8, 5.5, 9.75], "texture": "#0" },
				"south": { "uv": [5.75, 4, 6.75, 5.75], "texture": "#0" },
				"west": { "uv": [7.25, 8, 7.5, 9.75], "texture": "#0" },
				"up": { "uv": [5.75, 4, 6.75, 4.25], "texture": "#0" },
				"down": { "uv": [5.75, 4, 6.75, 4.25], "texture": "#0" }
			}
		},
		{
			"from": [13.25, 5.5, 3.75],
			"to": [13.5, 7.25, 12.25],
			"faces": {
				"north": { "uv": [5, 4, 5.25, 5.75], "texture": "#0" },
				"east": { "uv": [4, 8, 12.5, 9.75], "texture": "#0" },
				"south": { "uv": [5, 4, 5.25, 5.75], "texture": "#0" },
				"west": { "uv": [2, 10, 10.5, 11.75], "texture": "#0" },
				"up": { "uv": [5, 4, 5.25, 12.5], "texture": "#0" },
				"down": { "uv": [5, 4, 5.25, 12.5], "texture": "#0" }
			}
		},
		{
			"from": [12.25, 5.5, 12.25],
			"to": [13.25, 7.25, 12.5],
			"rotation": { "angle": 0, "axis": "y", "origin": [16, 0, 16] },
			"faces": {
				"north": { "uv": [5, 4, 6, 5.75], "texture": "#0" },
				"east": { "uv": [5, 8, 5.25, 9.75], "texture": "#0" },
				"south": { "uv": [5, 4, 6, 5.75], "texture": "#0" },
				"west": { "uv": [4, 6, 4.25, 7.75], "texture": "#0" },
				"up": { "uv": [5.75, 4.25, 6.75, 4.5], "texture": "#0" },
				"down": { "uv": [5.75, 4.25, 6.75, 4.5], "texture": "#0" }
			}
		},
		{
			"from": [3.75, 5.5, 13.25],
			"to": [12.25, 7.25, 13.5],
			"faces": {
				"north": { "uv": [5, 4, 13.5, 5.75], "texture": "#0" },
				"east": { "uv": [3, 8, 3.25, 9.75], "texture": "#0" },
				"south": { "uv": [5, 6, 13.5, 7.75], "texture": "#0" },
				"west": { "uv": [11, 12, 11.25, 13.75], "texture": "#0" },
				"up": { "uv": [5, 4, 13.5, 4.25], "texture": "#0" },
				"down": { "uv": [5, 4, 13.5, 4.25], "texture": "#0" }
			}
		},
		{
			"from": [3.5, 5.5, 12.5],
			"to": [3.75, 7.25, 13.25],
			"rotation": { "angle": 0, "axis": "y", "origin": [0, 0, 16] },
			"faces": {
				"north": { "uv": [5.25, 4, 5, 5.75], "texture": "#0" },
				"east": { "uv": [5.75, 8, 5, 9.75], "texture": "#0" },
				"south": { "uv": [5.25, 4, 5, 5.75], "texture": "#0" },
				"west": { "uv": [8.75, 8, 8, 9.75], "texture": "#0" },
				"up": { "uv": [5, 4.75, 5.25, 4], "texture": "#0" },
				"down": { "uv": [5, 4.75, 5.25, 4], "texture": "#0" }
			}
		},
		{
			"from": [2.75, 5.5, 12.25],
			"to": [3.75, 7.25, 12.5],
			"rotation": { "angle": 0, "axis": "y", "origin": [0, 0, 16] },
			"faces": {
				"north": { "uv": [5.75, 4, 6.75, 5.75], "texture": "#0" },
				"east": { "uv": [8.25, 8, 8.5, 9.75], "texture": "#0" },
				"south": { "uv": [5.75, 4, 6.75, 5.75], "texture": "#0" },
				"west": { "uv": [5.25, 8, 5.5, 9.75], "texture": "#0" },
				"up": { "uv": [5, 4.25, 6, 4.5], "texture": "#0" },
				"down": { "uv": [5, 4.25, 6, 4.5], "texture": "#0" }
			}
		},
		{
			"from": [2.74, 7.25, 5.75],
			"to": [3.01, 8, 10.25],
			"rotation": { "angle": 0, "axis": "y", "origin": [-2.25, 11.9375, 9.25] },
			"faces": {
				"north": { "uv": [5.76, 4, 6.03, 4.75], "texture": "#0" },
				"east": { "uv": [8.5, 6, 13, 6.75], "texture": "#0" },
				"south": { "uv": [5.76, 4, 6.03, 4.75], "texture": "#0" },
				"west": { "uv": [6.5, 10, 11, 10.75], "texture": "#0" },
				"up": { "uv": [5.76, 4, 6.03, 8.5], "texture": "#0" },
				"down": { "uv": [5.76, 4, 6.03, 8.5], "texture": "#0" }
			}
		},
		{
			"from": [2.75, 7.5, 8.75],
			"to": [3, 13.25, 9.75],
			"rotation": { "angle": 22.5, "axis": "x", "origin": [-2.25, 10.9375, 9.25] },
			"faces": {
				"north": { "uv": [5.75, 4, 6, 9.75], "texture": "#0" },
				"east": { "uv": [3, 8, 4, 13.75], "texture": "#0" },
				"south": { "uv": [5.75, 4, 6, 9.75], "texture": "#0" },
				"west": { "uv": [8, 7, 9, 12.75], "texture": "#0" },
				"up": { "uv": [5.75, 4, 6, 5], "texture": "#0" },
				"down": { "uv": [5.75, 4, 6, 5], "texture": "#0" }
			}
		},
		{
			"from": [2.76, 10.45901, 9.4663],
			"to": [2.99, 11.45901, 11.7163],
			"rotation": { "angle": 0, "axis": "y", "origin": [-2.25, 10.9375, 9.25] },
			"faces": {
				"north": { "uv": [5.7, 4, 5.93, 5], "rotation": 180, "texture": "#0" },
				"east": { "uv": [1, 12.5, 2, 14.75], "rotation": 270, "texture": "#0" },
				"south": { "uv": [5.7, 4, 5.93, 5], "texture": "#0" },
				"west": { "uv": [1, 12.5, 2, 14.75], "rotation": 90, "texture": "#0" },
				"up": { "uv": [5.7, 4, 5.93, 6.25], "rotation": 180, "texture": "#0" },
				"down": { "uv": [5.7, 4, 5.93, 6.25], "texture": "#0" }
			}
		},
		{
			"from": [2.76, 10.45901, 6.7837],
			"to": [2.99, 11.45901, 9.0337],
			"rotation": { "angle": 45, "axis": "x", "origin": [-2.25, 10.9375, 9.25] },
			"faces": {
				"north": { "uv": [5.7, 4, 5.93, 5], "rotation": 180, "texture": "#0" },
				"east": { "uv": [2, 10.25, 3, 12.5], "rotation": 270, "texture": "#0" },
				"south": { "uv": [5.7, 4, 5.93, 5], "texture": "#0" },
				"west": { "uv": [2, 10.25, 3, 12.5], "rotation": 90, "texture": "#0" },
				"up": { "uv": [5.7, 4, 5.93, 6.25], "texture": "#0" },
				"down": { "uv": [5.7, 4, 5.93, 6.25], "rotation": 180, "texture": "#0" }
			}
		},
		{
			"from": [2.75, 12.5, 8],
			"to": [3, 13.25, 8.75],
			"rotation": { "angle": 22.5, "axis": "x", "origin": [-2.25, 10.9375, 9.25] },
			"faces": {
				"north": { "uv": [5.75, 4, 6, 4.75], "texture": "#0" },
				"east": { "uv": [2.25, 8, 3, 8.75], "texture": "#0" },
				"south": { "uv": [5.75, 4, 6, 4.75], "texture": "#0" },
				"west": { "uv": [2.25, 8, 3, 8.75], "texture": "#0" },
				"up": { "uv": [5.75, 4, 6, 4.75], "texture": "#0" },
				"down": { "uv": [5.75, 4, 6, 4.75], "texture": "#0" }
			}
		},
		{
			"from": [2.75, 12.5, 9.75],
			"to": [3, 13.25, 10.5],
			"rotation": { "angle": 22.5, "axis": "x", "origin": [-2.25, 10.9375, 9.25] },
			"faces": {
				"north": { "uv": [5.75, 4, 6, 4.75], "texture": "#0" },
				"east": { "uv": [2.25, 8, 3, 8.75], "texture": "#0" },
				"south": { "uv": [5.75, 4, 6, 4.75], "texture": "#0" },
				"west": { "uv": [2.25, 11, 3, 11.75], "texture": "#0" },
				"up": { "uv": [5.75, 4, 6, 4.75], "texture": "#0" },
				"down": { "uv": [5.75, 4, 6, 4.75], "texture": "#0" }
			}
		},
		{
			"from": [2.75, 13.25, 9.75],
			"to": [3, 14.25, 10.75],
			"rotation": { "angle": 22.5, "axis": "x", "origin": [-2.25, 10.9375, 9.25] },
			"faces": {
				"north": { "uv": [5.75, 4, 6, 5], "texture": "#0" },
				"east": { "uv": [3, 8, 4, 9], "texture": "#0" },
				"south": { "uv": [5.75, 4, 6, 5], "texture": "#0" },
				"west": { "uv": [3, 8, 4, 9], "texture": "#0" },
				"up": { "uv": [5.75, 4, 6, 5], "texture": "#0" },
				"down": { "uv": [5.75, 4, 6, 5], "texture": "#0" }
			}
		},
		{
			"from": [2.75, 14.25, 9.75],
			"to": [3, 15, 10.5],
			"rotation": { "angle": 22.5, "axis": "x", "origin": [-2.25, 10.9375, 9.25] },
			"faces": {
				"north": { "uv": [5.75, 4, 6, 4.75], "texture": "#0" },
				"east": { "uv": [2.25, 8, 3, 8.75], "texture": "#0" },
				"south": { "uv": [5.75, 4, 6, 4.75], "texture": "#0" },
				"west": { "uv": [2.25, 8, 3, 8.75], "texture": "#0" },
				"up": { "uv": [5.75, 4, 6, 4.75], "texture": "#0" },
				"down": { "uv": [5.75, 4, 6, 4.75], "texture": "#0" }
			}
		},
		{
			"from": [2.75, 14.25, 8.75],
			"to": [3, 15.25, 9.75],
			"rotation": { "angle": 22.5, "axis": "x", "origin": [-2.25, 10.9375, 9.25] },
			"faces": {
				"north": { "uv": [5.75, 4, 6, 5], "texture": "#0" },
				"east": { "uv": [3, 8, 4, 9], "texture": "#0" },
				"south": { "uv": [5.75, 4, 6, 5], "texture": "#0" },
				"west": { "uv": [3, 8, 4, 9], "texture": "#0" },
				"up": { "uv": [5.75, 4, 6, 5], "texture": "#0" },
				"down": { "uv": [5.75, 4, 6, 5], "texture": "#0" }
			}
		},
		{
			"from": [2.75, 14.25, 8],
			"to": [3, 15, 8.75],
			"rotation": { "angle": 22.5, "axis": "x", "origin": [-2.25, 10.9375, 9.25] },
			"faces": {
				"north": { "uv": [5.75, 4, 6, 4.75], "texture": "#0" },
				"east": { "uv": [2.25, 8, 3, 8.75], "texture": "#0" },
				"south": { "uv": [5.75, 4, 6, 4.75], "texture": "#0" },
				"west": { "uv": [2.25, 8, 3, 8.75], "texture": "#0" },
				"up": { "uv": [5.75, 4, 6, 4.75], "texture": "#0" },
				"down": { "uv": [5.75, 4, 6, 4.75], "texture": "#0" }
			}
		},
		{
			"from": [2.75, 13.25, 7.75],
			"to": [3, 14.25, 8.75],
			"rotation": { "angle": 22.5, "axis": "x", "origin": [-2.25, 10.9375, 9.25] },
			"faces": {
				"north": { "uv": [5.75, 4, 6, 5], "texture": "#0" },
				"east": { "uv": [3, 8, 4, 9], "texture": "#0" },
				"south": { "uv": [5.75, 4, 6, 5], "texture": "#0" },
				"west": { "uv": [3, 8, 4, 9], "texture": "#0" },
				"up": { "uv": [5.75, 4, 6, 5], "texture": "#0" },
				"down": { "uv": [5.75, 4, 6, 5], "texture": "#0" }
			}
		},
		{
			"from": [12.99, 7.25, 5.75],
			"to": [13.26, 8, 10.25],
			"rotation": { "angle": 0, "axis": "y", "origin": [8, 11.9375, 9.25] },
			"faces": {
				"north": { "uv": [5.76, 4, 6.03, 4.75], "texture": "#0" },
				"east": { "uv": [10.5, 8, 15, 8.75], "texture": "#0" },
				"south": { "uv": [5.76, 4, 6.03, 4.75], "texture": "#0" },
				"west": { "uv": [8.5, 6, 13, 6.75], "texture": "#0" },
				"up": { "uv": [5.76, 4, 6.03, 8.5], "texture": "#0" },
				"down": { "uv": [5.76, 4, 6.03, 8.5], "texture": "#0" }
			}
		},
		{
			"from": [13, 7.5, 8.75],
			"to": [13.25, 13.25, 9.75],
			"rotation": { "angle": 22.5, "axis": "x", "origin": [8, 10.9375, 9.25] },
			"faces": {
				"north": { "uv": [5.75, 4, 5.5, 9.75], "texture": "#0" },
				"east": { "uv": [9, 6, 8, 11.75], "texture": "#0" },
				"south": { "uv": [5.75, 4, 5.5, 9.75], "texture": "#0" },
				"west": { "uv": [3, 8, 2, 13.75], "texture": "#0" },
				"up": { "uv": [5.75, 4, 5.5, 5], "texture": "#0" },
				"down": { "uv": [5.75, 4, 5.5, 5], "texture": "#0" }
			}
		},
		{
			"from": [13.01, 10.45901, 9.4663],
			"to": [13.24, 11.45901, 11.7163],
			"rotation": { "angle": 0, "axis": "y", "origin": [8, 10.9375, 9.25] },
			"faces": {
				"north": { "uv": [5.7, 4, 5.47, 5], "rotation": 180, "texture": "#0" },
				"east": { "uv": [7, 9.5, 8, 7.25], "rotation": 270, "texture": "#0" },
				"south": { "uv": [5.7, 4, 5.47, 5], "texture": "#0" },
				"west": { "uv": [1, 12.5, 2, 10.25], "rotation": 90, "texture": "#0" },
				"up": { "uv": [5.7, 4, 5.47, 6.25], "rotation": 180, "texture": "#0" },
				"down": { "uv": [5.7, 4, 5.47, 6.25], "texture": "#0" }
			}
		},
		{
			"from": [13.01, 10.45901, 6.7837],
			"to": [13.24, 11.45901, 9.0337],
			"rotation": { "angle": 45, "axis": "x", "origin": [8, 10.9375, 9.25] },
			"faces": {
				"north": { "uv": [5.7, 4, 5.47, 5], "rotation": 180, "texture": "#0" },
				"east": { "uv": [12, 13.25, 13, 11], "rotation": 270, "texture": "#0" },
				"south": { "uv": [5.7, 4, 5.47, 5], "texture": "#0" },
				"west": { "uv": [2, 10.25, 3, 8], "rotation": 90, "texture": "#0" },
				"up": { "uv": [5.7, 4, 5.47, 6.25], "texture": "#0" },
				"down": { "uv": [5.7, 4, 5.47, 6.25], "rotation": 180, "texture": "#0" }
			}
		},
		{
			"from": [13, 12.5, 8],
			"to": [13.25, 13.25, 8.75],
			"rotation": { "angle": 22.5, "axis": "x", "origin": [8, 10.9375, 9.25] },
			"faces": {
				"north": { "uv": [5.75, 4, 5.5, 4.75], "texture": "#0" },
				"east": { "uv": [7.25, 9, 6.5, 9.75], "texture": "#0" },
				"south": { "uv": [5.75, 4, 5.5, 4.75], "texture": "#0" },
				"west": { "uv": [2.25, 8, 1.5, 8.75], "texture": "#0" },
				"up": { "uv": [5.75, 4, 5.5, 4.75], "texture": "#0" },
				"down": { "uv": [5.75, 4, 5.5, 4.75], "texture": "#0" }
			}
		},
		{
			"from": [13, 13.25, 7.75],
			"to": [13.25, 14.25, 8.75],
			"rotation": { "angle": 22.5, "axis": "x", "origin": [8, 10.9375, 9.25] },
			"faces": {
				"north": { "uv": [5.75, 4, 5.5, 5], "texture": "#0" },
				"east": { "uv": [6, 8, 5, 9], "texture": "#0" },
				"south": { "uv": [5.75, 4, 5.5, 5], "texture": "#0" },
				"west": { "uv": [3, 8, 2, 9], "texture": "#0" },
				"up": { "uv": [5.75, 4, 5.5, 5], "texture": "#0" },
				"down": { "uv": [5.75, 4, 5.5, 5], "texture": "#0" }
			}
		},
		{
			"from": [13, 14.25, 8],
			"to": [13.25, 15, 8.75],
			"rotation": { "angle": 22.5, "axis": "x", "origin": [8, 10.9375, 9.25] },
			"faces": {
				"north": { "uv": [5.75, 4, 5.5, 4.75], "texture": "#0" },
				"east": { "uv": [2.25, 8, 1.5, 8.75], "texture": "#0" },
				"south": { "uv": [5.75, 4, 5.5, 4.75], "texture": "#0" },
				"west": { "uv": [2.25, 8, 1.5, 8.75], "texture": "#0" },
				"up": { "uv": [5.75, 4, 5.5, 4.75], "texture": "#0" },
				"down": { "uv": [5.75, 4, 5.5, 4.75], "texture": "#0" }
			}
		},
		{
			"from": [13, 14.25, 8.75],
			"to": [13.25, 15.25, 9.75],
			"rotation": { "angle": 22.5, "axis": "x", "origin": [8, 10.9375, 9.25] },
			"faces": {
				"north": { "uv": [5.75, 4, 5.5, 5], "texture": "#0" },
				"east": { "uv": [3, 8, 2, 9], "texture": "#0" },
				"south": { "uv": [5.75, 4, 5.5, 5], "texture": "#0" },
				"west": { "uv": [3, 8, 2, 9], "texture": "#0" },
				"up": { "uv": [5.75, 4, 5.5, 5], "texture": "#0" },
				"down": { "uv": [5.75, 4, 5.5, 5], "texture": "#0" }
			}
		},
		{
			"from": [13, 14.25, 9.75],
			"to": [13.25, 15, 10.5],
			"rotation": { "angle": 22.5, "axis": "x", "origin": [8, 10.9375, 9.25] },
			"faces": {
				"north": { "uv": [5.75, 4, 5.5, 4.75], "texture": "#0" },
				"east": { "uv": [4.25, 5, 3.5, 5.75], "texture": "#0" },
				"south": { "uv": [5.75, 4, 5.5, 4.75], "texture": "#0" },
				"west": { "uv": [2.25, 8, 1.5, 8.75], "texture": "#0" },
				"up": { "uv": [5.75, 4, 5.5, 4.75], "texture": "#0" },
				"down": { "uv": [5.75, 4, 5.5, 4.75], "texture": "#0" }
			}
		},
		{
			"from": [13, 13.25, 9.75],
			"to": [13.25, 14.25, 10.75],
			"rotation": { "angle": 22.5, "axis": "x", "origin": [8, 10.9375, 9.25] },
			"faces": {
				"north": { "uv": [5.75, 4, 5.5, 5], "texture": "#0" },
				"east": { "uv": [11, 12, 10, 13], "texture": "#0" },
				"south": { "uv": [5.75, 4, 5.5, 5], "texture": "#0" },
				"west": { "uv": [3, 8, 2, 9], "texture": "#0" },
				"up": { "uv": [5.75, 4, 5.5, 5], "texture": "#0" },
				"down": { "uv": [5.75, 4, 5.5, 5], "texture": "#0" }
			}
		},
		{
			"from": [13, 12.5, 9.75],
			"to": [13.25, 13.25, 10.5],
			"rotation": { "angle": 22.5, "axis": "x", "origin": [8, 10.9375, 9.25] },
			"faces": {
				"north": { "uv": [5.75, 4, 5.5, 4.75], "texture": "#0" },
				"east": { "uv": [2.25, 8, 1.5, 8.75], "texture": "#0" },
				"south": { "uv": [5.75, 4, 5.5, 4.75], "texture": "#0" },
				"west": { "uv": [2.25, 8, 1.5, 8.75], "texture": "#0" },
				"up": { "uv": [5.75, 4, 5.5, 4.75], "texture": "#0" },
				"down": { "uv": [5.75, 4, 5.5, 4.75], "texture": "#0" }
			}
		},
		{
			"from": [7, 7.25, 2.75],
			"to": [9, 8.5, 3],
			"faces": {
				"north": { "uv": [5, 4, 7, 5.25], "texture": "#0" },
				"east": { "uv": [6, 9, 6.25, 10.25], "texture": "#0" },
				"south": { "uv": [5, 4, 7, 5.25], "texture": "#0" },
				"west": { "uv": [7, 8, 7.25, 9.25], "texture": "#0" },
				"up": { "uv": [5, 4, 7, 4.25], "texture": "#0" },
				"down": { "uv": [5, 4, 7, 4.25], "texture": "#0" }
			}
		},
		{
			"from": [7, 8.5, 3],
			"to": [9, 9.75, 3.25],
			"faces": {
				"north": { "uv": [4, 8, 6, 9.25], "texture": "#0" },
				"east": { "uv": [8, 10, 8.25, 11.25], "texture": "#0" },
				"south": { "uv": [5, 4, 7, 5.25], "texture": "#0" },
				"west": { "uv": [8, 7, 8.25, 8.25], "texture": "#0" },
				"up": { "uv": [5, 4, 7, 4.25], "texture": "#0" },
				"down": { "uv": [5, 4, 7, 4.25], "texture": "#0" }
			}
		},
		{
			"from": [7, 9.75, 3.25],
			"to": [9, 10, 3.5],
			"faces": {
				"north": { "uv": [5, 4, 7, 4.25], "texture": "#0" },
				"east": { "uv": [6, 11, 6.25, 11.25], "texture": "#0" },
				"south": { "uv": [5, 4, 7, 4.25], "texture": "#0" },
				"west": { "uv": [8, 8, 8.25, 8.25], "texture": "#0" },
				"up": { "uv": [5, 4, 7, 4.25], "texture": "#0" },
				"down": { "uv": [5, 4, 7, 4.25], "texture": "#0" }
			}
		},
		{
			"from": [7, 9.75, 3.5],
			"to": [9, 11, 3.75],
			"faces": {
				"north": { "uv": [9, 7, 11, 8.25], "texture": "#0" },
				"east": { "uv": [12, 11, 12.25, 12.25], "texture": "#0" },
				"south": { "uv": [5, 4, 7, 5.25], "texture": "#0" },
				"west": { "uv": [7, 8, 7.25, 9.25], "texture": "#0" },
				"up": { "uv": [5, 4, 7, 4.25], "texture": "#0" },
				"down": { "uv": [5, 4, 7, 4.25], "texture": "#0" }
			}
		},
		{
			"from": [7, 11, 3.75],
			"to": [9, 11.25, 4.25],
			"faces": {
				"north": { "uv": [5, 4, 7, 4.25], "texture": "#0" },
				"east": { "uv": [4, 6, 4.5, 6.25], "texture": "#0" },
				"south": { "uv": [5, 4, 7, 4.25], "texture": "#0" },
				"west": { "uv": [4, 7, 4.5, 7.25], "texture": "#0" },
				"up": { "uv": [9, 7, 11, 7.5], "texture": "#0" },
				"down": { "uv": [5, 4, 7, 4.5], "texture": "#0" }
			}
		},
		{
			"from": [7, 11, 4.25],
			"to": [9, 12.25, 4.5],
			"faces": {
				"north": { "uv": [6, 11, 8, 12.25], "texture": "#0" },
				"east": { "uv": [12, 11, 12.25, 12.25], "texture": "#0" },
				"south": { "uv": [5, 4, 7, 5.25], "texture": "#0" },
				"west": { "uv": [6, 8, 6.25, 9.25], "texture": "#0" },
				"up": { "uv": [5, 4, 7, 4.25], "texture": "#0" },
				"down": { "uv": [5, 4, 7, 4.25], "texture": "#0" }
			}
		},
		{
			"from": [7, 12.25, 4.5],
			"to": [9, 12.5, 5.25],
			"faces": {
				"north": { "uv": [5, 4, 7, 4.25], "texture": "#0" },
				"east": { "uv": [7, 6, 7.75, 6.25], "texture": "#0" },
				"south": { "uv": [5, 4, 7, 4.25], "texture": "#0" },
				"west": { "uv": [6, 9, 6.75, 9.25], "texture": "#0" },
				"up": { "uv": [6, 11, 8, 11.75], "texture": "#0" },
				"down": { "uv": [5, 4, 7, 4.75], "texture": "#0" }
			}
		},
		{
			"from": [7, 12.25, 5.25],
			"to": [9, 13, 5.5],
			"faces": {
				"north": { "uv": [5, 4, 7, 4.75], "texture": "#0" },
				"east": { "uv": [5, 10, 5.25, 10.75], "texture": "#0" },
				"south": { "uv": [5, 4, 7, 4.75], "texture": "#0" },
				"west": { "uv": [5, 8, 5.25, 8.75], "texture": "#0" },
				"up": { "uv": [5, 4, 7, 4.25], "texture": "#0" },
				"down": { "uv": [5, 4, 7, 4.25], "texture": "#0" }
			}
		},
		{
			"from": [7, 13, 5.5],
			"to": [9, 13.25, 10.5],
			"faces": {
				"north": { "uv": [5, 4, 7, 4.25], "texture": "#0" },
				"east": { "uv": [3, 7, 8, 7.25], "texture": "#0" },
				"south": { "uv": [5, 4, 7, 4.25], "texture": "#0" },
				"west": { "uv": [5, 8, 10, 8.25], "texture": "#0" },
				"up": { "uv": [4, 7, 6, 12], "texture": "#0" },
				"down": { "uv": [7, 8, 9, 13], "texture": "#0" }
			}
		},
		{
			"from": [7, 12.25, 10.5],
			"to": [9, 13, 10.75],
			"rotation": { "angle": 0, "axis": "y", "origin": [0, 0, 16] },
			"faces": {
				"north": { "uv": [12, 12, 10, 12.75], "texture": "#0" },
				"east": { "uv": [9.25, 9, 9, 9.75], "texture": "#0" },
				"south": { "uv": [11, 7, 9, 7.75], "texture": "#0" },
				"west": { "uv": [7.25, 6, 7, 6.75], "texture": "#0" },
				"up": { "uv": [5, 4.25, 7, 4], "texture": "#0" },
				"down": { "uv": [5, 9.25, 7, 9], "texture": "#0" }
			}
		},
		{
			"from": [7, 12.25, 10.75],
			"to": [9, 12.5, 11.5],
			"rotation": { "angle": 0, "axis": "y", "origin": [0, 0, 16] },
			"faces": {
				"north": { "uv": [7, 4, 5, 4.25], "texture": "#0" },
				"east": { "uv": [7.75, 11, 7, 11.25], "texture": "#0" },
				"south": { "uv": [7, 4, 5, 4.25], "texture": "#0" },
				"west": { "uv": [5.75, 6, 5, 6.25], "texture": "#0" },
				"up": { "uv": [11, 11.75, 13, 11], "texture": "#0" },
				"down": { "uv": [5, 4.75, 7, 4], "texture": "#0" }
			}
		},
		{
			"from": [7, 11, 11.5],
			"to": [9, 12.25, 11.75],
			"rotation": { "angle": 0, "axis": "y", "origin": [0, 0, 16] },
			"faces": {
				"north": { "uv": [7, 4, 5, 5.25], "texture": "#0" },
				"east": { "uv": [6.25, 10, 6, 11.25], "texture": "#0" },
				"south": { "uv": [13, 11, 11, 12.25], "texture": "#0" },
				"west": { "uv": [8.25, 7, 8, 8.25], "texture": "#0" },
				"up": { "uv": [5, 4.25, 7, 4], "texture": "#0" },
				"down": { "uv": [5, 4.25, 7, 4], "texture": "#0" }
			}
		},
		{
			"from": [7, 11, 11.75],
			"to": [9, 11.25, 12.25],
			"rotation": { "angle": 0, "axis": "y", "origin": [0, 0, 16] },
			"faces": {
				"north": { "uv": [7, 4, 5, 4.25], "texture": "#0" },
				"east": { "uv": [12.5, 5, 12, 5.25], "texture": "#0" },
				"south": { "uv": [7, 4, 5, 4.25], "texture": "#0" },
				"west": { "uv": [6.5, 10, 6, 10.25], "texture": "#0" },
				"up": { "uv": [6, 7.5, 8, 7], "texture": "#0" },
				"down": { "uv": [5, 4.5, 7, 4], "texture": "#0" }
			}
		},
		{
			"from": [7, 9.75, 12.25],
			"to": [9, 11, 12.5],
			"rotation": { "angle": 0, "axis": "y", "origin": [0, 0, 16] },
			"faces": {
				"north": { "uv": [7, 4, 5, 5.25], "texture": "#0" },
				"east": { "uv": [7.25, 8, 7, 9.25], "texture": "#0" },
				"south": { "uv": [11, 7, 9, 8.25], "texture": "#0" },
				"west": { "uv": [9.25, 12, 9, 13.25], "texture": "#0" },
				"up": { "uv": [5, 4.25, 7, 4], "texture": "#0" },
				"down": { "uv": [5, 4.25, 7, 4], "texture": "#0" }
			}
		},
		{
			"from": [7, 9.75, 12.5],
			"to": [9, 10, 12.75],
			"rotation": { "angle": 0, "axis": "y", "origin": [0, 0, 16] },
			"faces": {
				"north": { "uv": [7, 4, 5, 4.25], "texture": "#0" },
				"east": { "uv": [10.25, 6, 10, 6.25], "texture": "#0" },
				"south": { "uv": [7, 4, 5, 4.25], "texture": "#0" },
				"west": { "uv": [8.25, 10, 8, 10.25], "texture": "#0" },
				"up": { "uv": [5, 4.25, 7, 4], "texture": "#0" },
				"down": { "uv": [5, 4.25, 7, 4], "texture": "#0" }
			}
		},
		{
			"from": [7, 8.5, 12.75],
			"to": [9, 9.75, 13],
			"rotation": { "angle": 0, "axis": "y", "origin": [0, 0, 16] },
			"faces": {
				"north": { "uv": [7, 4, 5, 5.25], "texture": "#0" },
				"east": { "uv": [12.25, 2, 12, 3.25], "texture": "#0" },
				"south": { "uv": [6, 8, 4, 9.25], "texture": "#0" },
				"west": { "uv": [8.25, 9, 8, 10.25], "texture": "#0" },
				"up": { "uv": [5, 4.25, 7, 4], "texture": "#0" },
				"down": { "uv": [5, 4.25, 7, 4], "texture": "#0" }
			}
		},
		{
			"from": [7, 7.25, 13],
			"to": [9, 8.5, 13.25],
			"rotation": { "angle": 0, "axis": "y", "origin": [0, 0, 16] },
			"faces": {
				"north": { "uv": [7, 4, 5, 5.25], "texture": "#0" },
				"east": { "uv": [13.25, 10, 13, 11.25], "texture": "#0" },
				"south": { "uv": [6, 9, 4, 10.25], "texture": "#0" },
				"west": { "uv": [12.25, 12, 12, 13.25], "texture": "#0" },
				"up": { "uv": [5, 4.25, 7, 4], "texture": "#0" },
				"down": { "uv": [5, 4.25, 7, 4], "texture": "#0" }
			}
		},
		{
			"from": [12.25, 5.5, 12.5],
			"to": [12.5, 7.25, 13.25],
			"rotation": { "angle": 0, "axis": "y", "origin": [16, 0, 16] },
			"faces": {
				"north": { "uv": [5, 4, 5, 5.75], "texture": "#0" },
				"east": { "uv": [6, 8, 6.75, 9.75], "texture": "#0" },
				"south": { "uv": [5, 4, 5, 5.75], "texture": "#0" },
				"west": { "uv": [11, 11, 11.75, 12.75], "texture": "#0" },
				"up": { "uv": [5.25, 4.75, 5.25, 5.5], "texture": "#0" },
				"down": { "uv": [5.25, 4.75, 5.25, 5.5], "texture": "#0" }
			}
		},
		{
			"from": [12.25, 5.75, 3.75],
			"to": [13.25, 7.25, 12.25],
			"faces": {
				"north": { "uv": [3, 4, 4, 5.5], "texture": "#1" },
				"east": { "uv": [3, 4, 11.5, 5.5], "texture": "#1" },
				"south": { "uv": [3, 4, 4, 5.5], "texture": "#1" },
				"west": { "uv": [3, 4, 11.5, 5.5], "texture": "#1" },
				"up": { "uv": [2, 2, 3, 10.5], "texture": "#1" },
				"down": { "uv": [2, 2, 3, 10.5], "texture": "#1" }
			}
		},
		{
			"from": [3.75, 6.5, 2.75],
			"to": [12.25, 7.25, 13.25],
			"faces": {
				"north": { "uv": [3, 4, 11.5, 4.75], "texture": "#1" },
				"east": { "uv": [3, 4, 13.5, 4.75], "texture": "#1" },
				"south": { "uv": [3, 4, 11.5, 4.75], "texture": "#1" },
				"west": { "uv": [4, 2, 14.5, 2.75], "texture": "#1" },
				"up": { "uv": [3.7, 4.4, 12.2, 14.9], "texture": "#1" },
				"down": { "uv": [1, 1, 9.5, 11.5], "texture": "#1" }
			}
		},
		{
			"from": [2.75, 5.75, 3.75],
			"to": [3.75, 7.25, 12.25],
			"faces": {
				"north": { "uv": [3, 4, 4, 5.5], "texture": "#1" },
				"east": { "uv": [3, 4, 11.5, 5.5], "texture": "#1" },
				"south": { "uv": [3, 4, 4, 5.5], "texture": "#1" },
				"west": { "uv": [3, 4, 11.5, 5.5], "texture": "#1" },
				"up": { "uv": [3.7, 4.4, 4.7, 12.9], "texture": "#1" },
				"down": { "uv": [1, 1, 2, 9.5], "texture": "#1" }
			}
		},
		{
			"from": [3.75, 5.75, 2.75],
			"to": [12.25, 6.5, 3.75],
			"rotation": { "angle": 0, "axis": "y", "origin": [3.25, 6.625, 8] },
			"faces": {
				"north": { "uv": [3, 4, 11.5, 4.75], "texture": "#1" },
				"east": { "uv": [3, 4, 4, 4.75], "texture": "#1" },
				"south": { "uv": [3, 4, 11.5, 4.75], "texture": "#1" },
				"west": { "uv": [3, 4, 4, 4.75], "texture": "#1" },
				"up": { "uv": [2, 2, 3, 10.5], "rotation": 270, "texture": "#1" },
				"down": { "uv": [2, 2, 3, 10.5], "rotation": 90, "texture": "#1" }
			}
		},
		{
			"from": [3.75, 5.75, 12.25],
			"to": [12.25, 6.5, 13.25],
			"rotation": { "angle": 0, "axis": "y", "origin": [3.25, 6.625, 8] },
			"faces": {
				"north": { "uv": [3, 4, 11.5, 4.75], "texture": "#1" },
				"east": { "uv": [3, 4, 4, 4.75], "texture": "#1" },
				"south": { "uv": [3, 4, 11.5, 4.75], "texture": "#1" },
				"west": { "uv": [3, 4, 4, 4.75], "texture": "#1" },
				"up": { "uv": [2, 2, 3, 10.5], "rotation": 270, "texture": "#1" },
				"down": { "uv": [2, 2, 3, 10.5], "rotation": 90, "texture": "#1" }
			}
		},
		{
			"from": [3, 7.25, 4],
			"to": [13, 8.5, 12],
			"faces": {
				"north": { "uv": [3, 4, 13, 5.25], "texture": "#1" },
				"east": { "uv": [3, 4, 11, 5.25], "texture": "#1" },
				"south": { "uv": [3, 4, 13, 5.25], "texture": "#1" },
				"west": { "uv": [3, 4, 11, 5.25], "texture": "#1" },
				"up": { "uv": [3.7, 4.4, 13.7, 12.4], "texture": "#1" },
				"down": { "uv": [0, 4, 10, 12], "texture": "#1" }
			}
		},
		{
			"from": [4, 7.25, 3],
			"to": [12, 8.5, 13],
			"faces": {
				"north": { "uv": [3, 4, 11, 5.25], "texture": "#1" },
				"east": { "uv": [3, 4, 13, 5.25], "texture": "#1" },
				"south": { "uv": [2, 6, 10, 7.25], "texture": "#1" },
				"west": { "uv": [5, 3, 15, 4.25], "texture": "#1" },
				"up": { "uv": [1, 0, 9, 10], "texture": "#1" },
				"down": { "uv": [7, 6, 15, 16], "texture": "#1" }
			}
		},
		{
			"from": [3.25, 8.5, 4.25],
			"to": [12.75, 9.75, 11.75],
			"faces": {
				"north": { "uv": [3, 4, 12.5, 5.25], "texture": "#1" },
				"east": { "uv": [3, 4, 10.5, 5.25], "texture": "#1" },
				"south": { "uv": [3, 4, 12.5, 5.25], "texture": "#1" },
				"west": { "uv": [3, 4, 10.5, 5.25], "texture": "#1" },
				"up": { "uv": [2, 2, 11.5, 9.5], "texture": "#1" },
				"down": { "uv": [4, 5, 13.5, 12.5], "texture": "#1" }
			}
		},
		{
			"from": [4.25, 8.5, 3.25],
			"to": [11.75, 9.75, 12.75],
			"faces": {
				"north": { "uv": [0, 2, 7.5, 3.25], "texture": "#1" },
				"east": { "uv": [5, 3, 14.5, 4.25], "texture": "#1" },
				"south": { "uv": [2, 2, 9.5, 3.25], "texture": "#1" },
				"west": { "uv": [2, 8, 11.5, 9.25], "texture": "#1" },
				"up": { "uv": [8, 5, 15.5, 14.5], "texture": "#1" },
				"down": { "uv": [0, 3, 7.5, 12.5], "texture": "#1" }
			}
		},
		{
			"from": [3.75, 9.75, 4.75],
			"to": [12.25, 11, 11.25],
			"faces": {
				"north": { "uv": [3, 4, 11.5, 5.25], "texture": "#1" },
				"east": { "uv": [3, 4, 9.5, 5.25], "texture": "#1" },
				"south": { "uv": [3, 4, 11.5, 5.25], "texture": "#1" },
				"west": { "uv": [3, 4, 9.5, 5.25], "texture": "#1" },
				"up": { "uv": [2, 2, 10.5, 8.5], "texture": "#1" },
				"down": { "uv": [2, 2, 10.5, 8.5], "texture": "#1" }
			}
		},
		{
			"from": [4.75, 9.75, 3.75],
			"to": [11.25, 11, 12.25],
			"faces": {
				"north": { "uv": [4, 2, 10.5, 3.25], "texture": "#1" },
				"east": { "uv": [3, 4, 11.5, 5.25], "texture": "#1" },
				"south": { "uv": [5, 3, 11.5, 4.25], "texture": "#1" },
				"west": { "uv": [3, 4, 11.5, 5.25], "texture": "#1" },
				"up": { "uv": [0.7, 2.4, 7.2, 10.9], "texture": "#1" },
				"down": { "uv": [6, 5, 12.5, 13.5], "texture": "#1" }
			}
		},
		{
			"from": [4.75, 11, 4.75],
			"to": [11.25, 11.75, 11.25],
			"faces": {
				"north": { "uv": [3, 4, 9.5, 4.75], "texture": "#1" },
				"east": { "uv": [3, 4, 9.5, 4.75], "texture": "#1" },
				"south": { "uv": [3, 4, 9.5, 4.75], "texture": "#1" },
				"west": { "uv": [3, 4, 9.5, 4.75], "texture": "#1" },
				"up": { "uv": [7, 3, 13.5, 9.5], "texture": "#1" },
				"down": { "uv": [2, 5, 8.5, 11.5], "texture": "#1" }
			}
		},
		{
			"from": [4.25, 9.75, 4.25],
			"to": [11.75, 10.5, 11.75],
			"faces": {
				"north": { "uv": [3, 4, 10.5, 4.75], "texture": "#1" },
				"east": { "uv": [3, 4, 10.5, 4.75], "texture": "#1" },
				"south": { "uv": [3, 4, 10.5, 4.75], "texture": "#1" },
				"west": { "uv": [3, 4, 10.5, 4.75], "texture": "#1" },
				"up": { "uv": [6, 1, 13.5, 8.5], "texture": "#1" },
				"down": { "uv": [7, 6, 14.5, 13.5], "texture": "#1" }
			}
		},
		{
			"from": [4, 8.5, 4],
			"to": [12, 9.25, 12],
			"faces": {
				"north": { "uv": [3, 4, 11, 4.75], "texture": "#1" },
				"east": { "uv": [3, 4, 11, 4.75], "texture": "#1" },
				"south": { "uv": [3, 4, 11, 4.75], "texture": "#1" },
				"west": { "uv": [3, 4, 11, 4.75], "texture": "#1" },
				"up": { "uv": [1, 0, 9, 8], "texture": "#1" },
				"down": { "uv": [5, 3, 13, 11], "texture": "#1" }
			}
		},
		{
			"from": [3.75, 7.25, 3.75],
			"to": [12.25, 8, 12.25],
			"faces": {
				"north": { "uv": [3, 4, 11.5, 4.75], "texture": "#1" },
				"east": { "uv": [3, 4, 11.5, 4.75], "texture": "#1" },
				"south": { "uv": [3, 4, 11.5, 4.75], "texture": "#1" },
				"west": { "uv": [3, 4, 11.5, 4.75], "texture": "#1" },
				"up": { "uv": [2.7, 2.4, 11.2, 10.9], "texture": "#1" },
				"down": { "uv": [4, 2, 12.5, 10.5], "texture": "#1" }
			}
		},
		{
			"from": [4.5, 11, 5.5],
			"to": [11.5, 12.25, 10.5],
			"faces": {
				"north": { "uv": [3, 4, 10, 5.25], "texture": "#1" },
				"east": { "uv": [3, 4, 8, 5.25], "texture": "#1" },
				"south": { "uv": [2, 2, 9, 3.25], "texture": "#1" },
				"west": { "uv": [3, 4, 8, 5.25], "texture": "#1" },
				"up": { "uv": [1, 5, 8, 10], "texture": "#1" },
				"down": { "uv": [7, 7, 14, 12], "texture": "#1" }
			}
		},
		{
			"from": [5.5, 11, 4.5],
			"to": [10.5, 12.25, 11.5],
			"faces": {
				"north": { "uv": [3, 4, 8, 5.25], "texture": "#1" },
				"east": { "uv": [6, 2, 13, 3.25], "texture": "#1" },
				"south": { "uv": [2, 2, 7, 3.25], "texture": "#1" },
				"west": { "uv": [6, 9, 13, 10.25], "texture": "#1" },
				"up": { "uv": [1, 5, 6, 12], "texture": "#1" },
				"down": { "uv": [10, 4, 15, 11], "texture": "#1" }
			}
		},
		{
			"from": [5.5, 12.25, 5.5],
			"to": [10.5, 13, 10.5],
			"faces": {
				"north": { "uv": [3, 4, 8, 4.75], "texture": "#1" },
				"east": { "uv": [3, 4, 8, 4.75], "texture": "#1" },
				"south": { "uv": [2, 2, 7, 2.75], "texture": "#1" },
				"west": { "uv": [3, 4, 8, 4.75], "texture": "#1" },
				"up": { "uv": [1, 5, 6, 10], "texture": "#1" },
				"down": { "uv": [9, 10, 14, 15], "texture": "#1" }
			}
		}
	],
	"display": {
		"thirdperson_righthand": {
			"rotation": [-46.5, 0, 0],
			"translation": [0, 0.5, 0]
		},
		"thirdperson_lefthand": {
			"rotation": [-12.75, 0, 0],
			"translation": [0, 1.5, 0]
		},
		"gui": {
			"rotation": [180, -68.5, 174.25]
		},
		"head": {
			"translation": [0, 4.75, 0],
			"scale": [1.8, 1.8, 1.8]
		},
		"fixed": {
			"rotation": [0, 90, 0]
		}
	},
	"groups": [
		{
			"name": "Trim",
			"origin": [0, 0, 16],
			"color": 0,
			"children": [
				0, 1, 2, 3, 4, 5, 6, 7, 8, 9, 10, 11, 12, 13, 14, 15, 16, 17, 18, 19, 20, 21, 22, 23, 24, 25, 26, 27, 28, 29, 30, 31, 32,
				33, 34, 35, 36, 37, 38, 39, 40, 41, 42, 43, 44, 45, 46, 47, 48, 49, 50, 51, 52, 53, 54, 55, 56
			]
		},
		{
			"name": "Helmet",
			"origin": [0, 0, 0],
			"color": 0,
			"children": [57, 58, 59, 60, 61, 62, 63, 64, 65, 66, 67, 68, 69, 70, 71, 72, 73, 74]
		}
	]
}
