{
	"__comment": "Chameleon",
	"__comment": "Not to be reused. Created for the Buffalo Wizard Servers",
	"textures": {
		"Lancer_guard": "lom:item/hats/hats_chameleon1",
		"Lancer_helmet": "lom:item/hats/hats_chameleon2",
		"Lancer_Insignia": "lom:item/hats/hats_chameleon3"
	},
	"elements": [
		{
			"__comment": "Lancer_helmet",
			"from": [3.5, 5, 5.5],
			"to": [12.5, 7, 6],
			"faces": {
				"down": { "uv": [12.5, 6, 3.5, 5.5], "texture": "#Lancer_helmet" },
				"up": { "uv": [3.5, 5.5, 12.5, 6], "texture": "#Lancer_helmet" },
				"north": { "uv": [3.5, 9, 12.5, 11], "texture": "#Lancer_helmet" },
				"south": { "uv": [3.5, 9, 12.5, 11], "texture": "#Lancer_helmet" },
				"west": { "uv": [5.5, 9, 6, 11], "texture": "#Lancer_helmet" },
				"east": { "uv": [10, 9, 10.5, 11], "texture": "#Lancer_helmet" }
			}
		},
		{
			"__comment": "Lancer_helmet",
			"from": [3.5, 5.5, 6],
			"to": [12.5, 7.5, 7],
			"faces": {
				"down": { "uv": [12.5, 7, 3.5, 6], "texture": "#Lancer_helmet" },
				"up": { "uv": [3.5, 6, 12.5, 7], "texture": "#Lancer_helmet" },
				"north": { "uv": [3.5, 8.5, 12.5, 10.5], "texture": "#Lancer_helmet" },
				"south": { "uv": [3.5, 8.5, 12.5, 10.5], "texture": "#Lancer_helmet" },
				"west": { "uv": [6, 8.5, 7, 10.5], "texture": "#Lancer_helmet" },
				"east": { "uv": [9, 8.5, 10, 10.5], "texture": "#Lancer_helmet" }
			}
		},
		{
			"__comment": "Lancer_helmet",
			"from": [3.5, 6, 7],
			"to": [12.5, 6.5, 12.5],
			"faces": {
				"down": { "uv": [12.5, 12.5, 3.5, 7], "texture": "#Lancer_helmet" },
				"up": { "uv": [3.5, 7, 12.5, 12.5], "texture": "#Lancer_helmet" },
				"north": { "uv": [3.5, 9.5, 12.5, 10], "texture": "#Lancer_helmet" },
				"south": { "uv": [3.5, 9.5, 12.5, 10], "texture": "#Lancer_helmet" },
				"west": { "uv": [7, 9.5, 12.5, 10], "texture": "#Lancer_helmet" },
				"east": { "uv": [3.5, 9.5, 9, 10], "texture": "#Lancer_helmet" }
			}
		},
		{
			"__comment": "Lancer_helmet",
			"from": [3.5, 6.5, 7],
			"to": [12.5, 7, 12],
			"faces": {
				"down": { "uv": [12.5, 12, 3.5, 7], "texture": "#Lancer_helmet" },
				"up": { "uv": [3.5, 7, 12.5, 12], "texture": "#Lancer_helmet" },
				"north": { "uv": [3.5, 9, 12.5, 9.5], "texture": "#Lancer_helmet" },
				"south": { "uv": [3.5, 9, 12.5, 9.5], "texture": "#Lancer_helmet" },
				"west": { "uv": [7, 9, 12, 9.5], "texture": "#Lancer_helmet" },
				"east": { "uv": [4, 9, 9, 9.5], "texture": "#Lancer_helmet" }
			}
		},
		{
			"__comment": "Lancer_helmet",
			"from": [3.5, 7, 7],
			"to": [12.5, 7.5, 11.5],
			"faces": {
				"down": { "uv": [12.5, 11.5, 3.5, 7], "texture": "#Lancer_helmet" },
				"up": { "uv": [3.5, 7, 12.5, 11.5], "texture": "#Lancer_helmet" },
				"north": { "uv": [3.5, 8.5, 12.5, 9], "texture": "#Lancer_helmet" },
				"south": { "uv": [3.5, 8.5, 12.5, 9], "texture": "#Lancer_helmet" },
				"west": { "uv": [7, 8.5, 11.5, 9], "texture": "#Lancer_helmet" },
				"east": { "uv": [4.5, 8.5, 9, 9], "texture": "#Lancer_helmet" }
			}
		},
		{
			"__comment": "Lancer_helmet",
			"from": [3.5, 7.5, 7],
			"to": [12.5, 8, 9.5],
			"faces": {
				"down": { "uv": [12.5, 9.5, 3.5, 7], "texture": "#Lancer_helmet" },
				"up": { "uv": [3.5, 7, 12.5, 9.5], "texture": "#Lancer_helmet" },
				"north": { "uv": [3.5, 8, 12.5, 8.5], "texture": "#Lancer_helmet" },
				"south": { "uv": [3.5, 8, 12.5, 8.5], "texture": "#Lancer_helmet" },
				"west": { "uv": [7, 8, 9.5, 8.5], "texture": "#Lancer_helmet" },
				"east": { "uv": [6.5, 8, 9, 8.5], "texture": "#Lancer_helmet" }
			}
		},
		{
			"__comment": "Lancer_helmet",
			"from": [3.5, 5.5, 11],
			"to": [12.5, 6, 12.5],
			"faces": {
				"down": { "uv": [12.5, 12.5, 3.5, 11], "texture": "#Lancer_helmet" },
				"up": { "uv": [3.5, 11, 12.5, 12.5], "texture": "#Lancer_helmet" },
				"north": { "uv": [3.5, 10, 12.5, 10.5], "texture": "#Lancer_helmet" },
				"south": { "uv": [3.5, 10, 12.5, 10.5], "texture": "#Lancer_helmet" },
				"west": { "uv": [11, 10, 12.5, 10.5], "texture": "#Lancer_helmet" },
				"east": { "uv": [3.5, 10, 5, 10.5], "texture": "#Lancer_helmet" }
			}
		},
		{
			"__comment": "Lancer_helmet",
			"from": [3.5, 5, 12],
			"to": [12.5, 5.5, 12.5],
			"faces": {
				"down": { "uv": [12.5, 12.5, 3.5, 12], "texture": "#Lancer_helmet" },
				"up": { "uv": [3.5, 12, 12.5, 12.5], "texture": "#Lancer_helmet" },
				"north": { "uv": [3.5, 10.5, 12.5, 11], "texture": "#Lancer_helmet" },
				"south": { "uv": [3.5, 10.5, 12.5, 11], "texture": "#Lancer_helmet" },
				"west": { "uv": [12, 10.5, 12.5, 11], "texture": "#Lancer_helmet" },
				"east": { "uv": [3.5, 10.5, 4, 11], "texture": "#Lancer_helmet" }
			}
		},
		{
			"__comment": "Lancer_helmet",
			"from": [4, 4.5, 4.5],
			"to": [12, 7, 5.5],
			"faces": {
				"down": { "uv": [12, 5.5, 4, 4.5], "texture": "#Lancer_helmet" },
				"up": { "uv": [4, 4.5, 12, 5.5], "texture": "#Lancer_helmet" },
				"north": { "uv": [4, 9, 12, 11.5], "texture": "#Lancer_helmet" },
				"south": { "uv": [4, 9, 12, 11.5], "texture": "#Lancer_helmet" },
				"west": { "uv": [4.5, 9, 5.5, 11.5], "texture": "#Lancer_helmet" },
				"east": { "uv": [10.5, 9, 11.5, 11.5], "texture": "#Lancer_helmet" }
			}
		},
		{
			"__comment": "Lancer_guard",
			"from": [4, 1, 5],
			"to": [4.5, 3, 6.5],
			"faces": {
				"down": { "uv": [12, 6.5, 11.5, 5], "texture": "#Lancer_guard" },
				"up": { "uv": [4, 5, 4.5, 6.5], "texture": "#Lancer_guard" },
				"north": { "uv": [11.5, 13, 12, 15], "texture": "#Lancer_guard" },
				"south": { "uv": [4, 13, 4.5, 15], "texture": "#Lancer_guard" },
				"west": { "uv": [5, 13, 6.5, 15], "texture": "#Lancer_guard" },
				"east": { "uv": [9.5, 13, 11, 15], "texture": "#Lancer_guard" }
			}
		},
		{
			"__comment": "Lancer_guard",
			"from": [4, 3, 5],
			"to": [4.5, 4.5, 5.5],
			"faces": {
				"down": { "uv": [12, 5.5, 11.5, 5], "texture": "#Lancer_guard" },
				"up": { "uv": [4, 5, 4.5, 5.5], "texture": "#Lancer_guard" },
				"north": { "uv": [11.5, 11.5, 12, 13], "texture": "#Lancer_guard" },
				"south": { "uv": [4, 11.5, 4.5, 13], "texture": "#Lancer_guard" },
				"west": { "uv": [5, 11.5, 5.5, 13], "texture": "#Lancer_guard" },
				"east": { "uv": [10.5, 11.5, 11, 13], "texture": "#Lancer_guard" }
			}
		},
		{
			"__comment": "Lancer_helmet",
			"from": [4, 7, 5],
			"to": [12, 7.5, 6],
			"faces": {
				"down": { "uv": [12, 6, 4, 5], "texture": "#Lancer_helmet" },
				"up": { "uv": [4, 5, 12, 6], "texture": "#Lancer_helmet" },
				"north": { "uv": [4, 8.5, 12, 9], "texture": "#Lancer_helmet" },
				"south": { "uv": [4, 8.5, 12, 9], "texture": "#Lancer_helmet" },
				"west": { "uv": [5, 8.5, 6, 9], "texture": "#Lancer_helmet" },
				"east": { "uv": [10, 8.5, 11, 9], "texture": "#Lancer_helmet" }
			}
		},
		{
			"__comment": "Lancer_helmet",
			"from": [4, 7.5, 5.5],
			"to": [12, 8, 7],
			"faces": {
				"down": { "uv": [12, 7, 4, 5.5], "texture": "#Lancer_helmet" },
				"up": { "uv": [4, 5.5, 12, 7], "texture": "#Lancer_helmet" },
				"north": { "uv": [4, 8, 12, 8.5], "texture": "#Lancer_helmet" },
				"south": { "uv": [4, 8, 12, 8.5], "texture": "#Lancer_helmet" },
				"west": { "uv": [5.5, 8, 7, 8.5], "texture": "#Lancer_helmet" },
				"east": { "uv": [9, 8, 10.5, 8.5], "texture": "#Lancer_helmet" }
			}
		},
		{
			"__comment": "Lancer_helmet",
			"from": [4, 5, 6],
			"to": [12, 5.5, 6.5],
			"faces": {
				"down": { "uv": [12, 6.5, 4, 6], "texture": "#Lancer_helmet" },
				"up": { "uv": [4, 6, 12, 6.5], "texture": "#Lancer_helmet" },
				"north": { "uv": [4, 10.5, 12, 11], "texture": "#Lancer_helmet" },
				"south": { "uv": [4, 10.5, 12, 11], "texture": "#Lancer_helmet" },
				"west": { "uv": [6, 10.5, 6.5, 11], "texture": "#Lancer_helmet" },
				"east": { "uv": [9.5, 10.5, 10, 11], "texture": "#Lancer_helmet" }
			}
		},
		{
			"__comment": "Lancer_guard",
			"from": [4, 1.5, 6.5],
			"to": [4.5, 3.5, 7.5],
			"faces": {
				"down": { "uv": [12, 7.5, 11.5, 6.5], "texture": "#Lancer_guard" },
				"up": { "uv": [4, 6.5, 4.5, 7.5], "texture": "#Lancer_guard" },
				"north": { "uv": [11.5, 12.5, 12, 14.5], "texture": "#Lancer_guard" },
				"south": { "uv": [4, 12.5, 4.5, 14.5], "texture": "#Lancer_guard" },
				"west": { "uv": [6.5, 12.5, 7.5, 14.5], "texture": "#Lancer_guard" },
				"east": { "uv": [8.5, 12.5, 9.5, 14.5], "texture": "#Lancer_guard" }
			}
		},
		{
			"__comment": "Lancer_helmet",
			"from": [4, 8, 6.5],
			"to": [12, 8.5, 10.5],
			"faces": {
				"down": { "uv": [12, 10.5, 4, 6.5], "texture": "#Lancer_helmet" },
				"up": { "uv": [4, 6.5, 12, 10.5], "texture": "#Lancer_helmet" },
				"north": { "uv": [4, 7.5, 12, 8], "texture": "#Lancer_helmet" },
				"south": { "uv": [4, 7.5, 12, 8], "texture": "#Lancer_helmet" },
				"west": { "uv": [6.5, 7.5, 10.5, 8], "texture": "#Lancer_helmet" },
				"east": { "uv": [5.5, 7.5, 9.5, 8], "texture": "#Lancer_helmet" }
			}
		},
		{
			"__comment": "Lancer_helmet",
			"from": [4, 5.5, 7],
			"to": [12, 6, 11],
			"faces": {
				"down": { "uv": [12, 11, 4, 7], "texture": "#Lancer_helmet" },
				"up": { "uv": [4, 7, 12, 11], "texture": "#Lancer_helmet" },
				"north": { "uv": [4, 10, 12, 10.5], "texture": "#Lancer_helmet" },
				"south": { "uv": [4, 10, 12, 10.5], "texture": "#Lancer_helmet" },
				"west": { "uv": [7, 10, 11, 10.5], "texture": "#Lancer_helmet" },
				"east": { "uv": [5, 10, 9, 10.5], "texture": "#Lancer_helmet" }
			}
		},
		{
			"__comment": "Lancer_guard",
			"from": [4, 2, 7.5],
			"to": [4.5, 4, 8.5],
			"faces": {
				"down": { "uv": [12, 8.5, 11.5, 7.5], "texture": "#Lancer_guard" },
				"up": { "uv": [4, 7.5, 4.5, 8.5], "texture": "#Lancer_guard" },
				"north": { "uv": [11.5, 12, 12, 14], "texture": "#Lancer_guard" },
				"south": { "uv": [4, 12, 4.5, 14], "texture": "#Lancer_guard" },
				"west": { "uv": [7.5, 12, 8.5, 14], "texture": "#Lancer_guard" },
				"east": { "uv": [7.5, 12, 8.5, 14], "texture": "#Lancer_guard" }
			}
		},
		{
			"__comment": "Lancer_guard",
			"from": [4, 4, 8],
			"to": [4.5, 4.5, 10.5],
			"faces": {
				"down": { "uv": [12, 10.5, 11.5, 8], "texture": "#Lancer_guard" },
				"up": { "uv": [4, 8, 4.5, 10.5], "texture": "#Lancer_guard" },
				"north": { "uv": [11.5, 11.5, 12, 12], "texture": "#Lancer_guard" },
				"south": { "uv": [4, 11.5, 4.5, 12], "texture": "#Lancer_guard" },
				"west": { "uv": [8, 11.5, 10.5, 12], "texture": "#Lancer_guard" },
				"east": { "uv": [5.5, 11.5, 8, 12], "texture": "#Lancer_guard" }
			}
		},
		{
			"__comment": "Lancer_guard",
			"from": [4, 2.5, 8.5],
			"to": [4.5, 4, 9],
			"faces": {
				"down": { "uv": [12, 9, 11.5, 8.5], "texture": "#Lancer_guard" },
				"up": { "uv": [4, 8.5, 4.5, 9], "texture": "#Lancer_guard" },
				"north": { "uv": [11.5, 12, 12, 13.5], "texture": "#Lancer_guard" },
				"south": { "uv": [4, 12, 4.5, 13.5], "texture": "#Lancer_guard" },
				"west": { "uv": [8.5, 12, 9, 13.5], "texture": "#Lancer_guard" },
				"east": { "uv": [7, 12, 7.5, 13.5], "texture": "#Lancer_guard" }
			}
		},
		{
			"__comment": "Lancer_guard",
			"from": [4, 4.5, 8.5],
			"to": [4.5, 5.5, 10.5],
			"faces": {
				"down": { "uv": [12, 10.5, 11.5, 8.5], "texture": "#Lancer_guard" },
				"up": { "uv": [4, 8.5, 4.5, 10.5], "texture": "#Lancer_guard" },
				"north": { "uv": [11.5, 10.5, 12, 11.5], "texture": "#Lancer_guard" },
				"south": { "uv": [4, 10.5, 4.5, 11.5], "texture": "#Lancer_guard" },
				"west": { "uv": [8.5, 10.5, 10.5, 11.5], "texture": "#Lancer_guard" },
				"east": { "uv": [5.5, 10.5, 7.5, 11.5], "texture": "#Lancer_guard" }
			}
		},
		{
			"__comment": "Lancer_guard",
			"from": [4, 3, 9],
			"to": [4.5, 4, 9.5],
			"faces": {
				"down": { "uv": [12, 9.5, 11.5, 9], "texture": "#Lancer_guard" },
				"up": { "uv": [4, 9, 4.5, 9.5], "texture": "#Lancer_guard" },
				"north": { "uv": [11.5, 12, 12, 13], "texture": "#Lancer_guard" },
				"south": { "uv": [4, 12, 4.5, 13], "texture": "#Lancer_guard" },
				"west": { "uv": [9, 12, 9.5, 13], "texture": "#Lancer_guard" },
				"east": { "uv": [6.5, 12, 7, 13], "texture": "#Lancer_guard" }
			}
		},
		{
			"__comment": "Lancer_guard",
			"from": [4, 3.5, 9.5],
			"to": [4.5, 4, 10],
			"faces": {
				"down": { "uv": [12, 10, 11.5, 9.5], "texture": "#Lancer_guard" },
				"up": { "uv": [4, 9.5, 4.5, 10], "texture": "#Lancer_guard" },
				"north": { "uv": [11.5, 12, 12, 12.5], "texture": "#Lancer_guard" },
				"south": { "uv": [4, 12, 4.5, 12.5], "texture": "#Lancer_guard" },
				"west": { "uv": [9.5, 12, 10, 12.5], "texture": "#Lancer_guard" },
				"east": { "uv": [6, 12, 6.5, 12.5], "texture": "#Lancer_guard" }
			}
		},
		{
			"__comment": "Lancer_helmet",
			"from": [4, 7.5, 9.5],
			"to": [12, 8, 11.5],
			"faces": {
				"down": { "uv": [12, 11.5, 4, 9.5], "texture": "#Lancer_helmet" },
				"up": { "uv": [4, 9.5, 12, 11.5], "texture": "#Lancer_helmet" },
				"north": { "uv": [4, 8, 12, 8.5], "texture": "#Lancer_helmet" },
				"south": { "uv": [4, 8, 12, 8.5], "texture": "#Lancer_helmet" },
				"west": { "uv": [9.5, 8, 11.5, 8.5], "texture": "#Lancer_helmet" },
				"east": { "uv": [4.5, 8, 6.5, 8.5], "texture": "#Lancer_helmet" }
			}
		},
		{
			"__comment": "Lancer_helmet",
			"from": [4, 5, 11.5],
			"to": [12, 5.5, 12],
			"faces": {
				"down": { "uv": [12, 12, 4, 11.5], "texture": "#Lancer_helmet" },
				"up": { "uv": [4, 11.5, 12, 12], "texture": "#Lancer_helmet" },
				"north": { "uv": [4, 10.5, 12, 11], "texture": "#Lancer_helmet" },
				"south": { "uv": [4, 10.5, 12, 11], "texture": "#Lancer_helmet" },
				"west": { "uv": [11.5, 10.5, 12, 11], "texture": "#Lancer_helmet" },
				"east": { "uv": [4, 10.5, 4.5, 11], "texture": "#Lancer_helmet" }
			}
		},
		{
			"__comment": "Lancer_helmet",
			"from": [4, 7, 11.5],
			"to": [12, 7.5, 12.5],
			"faces": {
				"down": { "uv": [12, 12.5, 4, 11.5], "texture": "#Lancer_helmet" },
				"up": { "uv": [4, 11.5, 12, 12.5], "texture": "#Lancer_helmet" },
				"north": { "uv": [4, 8.5, 12, 9], "texture": "#Lancer_helmet" },
				"south": { "uv": [4, 8.5, 12, 9], "texture": "#Lancer_helmet" },
				"west": { "uv": [11.5, 8.5, 12.5, 9], "texture": "#Lancer_helmet" },
				"east": { "uv": [3.5, 8.5, 4.5, 9], "texture": "#Lancer_helmet" }
			}
		},
		{
			"__comment": "Lancer_helmet",
			"from": [4, 6.5, 12],
			"to": [12, 7, 13],
			"faces": {
				"down": { "uv": [12, 13, 4, 12], "texture": "#Lancer_helmet" },
				"up": { "uv": [4, 12, 12, 13], "texture": "#Lancer_helmet" },
				"north": { "uv": [4, 9, 12, 9.5], "texture": "#Lancer_helmet" },
				"south": { "uv": [4, 9, 12, 9.5], "texture": "#Lancer_helmet" },
				"west": { "uv": [12, 9, 13, 9.5], "texture": "#Lancer_helmet" },
				"east": { "uv": [3, 9, 4, 9.5], "texture": "#Lancer_helmet" }
			}
		},
		{
			"__comment": "Lancer_helmet",
			"from": [4, 4.5, 12.5],
			"to": [12, 6.5, 13],
			"faces": {
				"down": { "uv": [12, 13, 4, 12.5], "texture": "#Lancer_helmet" },
				"up": { "uv": [4, 12.5, 12, 13], "texture": "#Lancer_helmet" },
				"north": { "uv": [4, 9.5, 12, 11.5], "texture": "#Lancer_helmet" },
				"south": { "uv": [4, 9.5, 12, 11.5], "texture": "#Lancer_helmet" },
				"west": { "uv": [12.5, 9.5, 13, 11.5], "texture": "#Lancer_helmet" },
				"east": { "uv": [3, 9.5, 3.5, 11.5], "texture": "#Lancer_helmet" }
			}
		},
		{
			"__comment": "Lancer_helmet",
			"from": [4.5, 7, 4.5],
			"to": [11.5, 7.5, 5],
			"faces": {
				"down": { "uv": [11.5, 5, 4.5, 4.5], "texture": "#Lancer_helmet" },
				"up": { "uv": [4.5, 4.5, 11.5, 5], "texture": "#Lancer_helmet" },
				"north": { "uv": [4.5, 8.5, 11.5, 9], "texture": "#Lancer_helmet" },
				"south": { "uv": [4.5, 8.5, 11.5, 9], "texture": "#Lancer_helmet" },
				"west": { "uv": [4.5, 8.5, 5, 9], "texture": "#Lancer_helmet" },
				"east": { "uv": [11, 8.5, 11.5, 9], "texture": "#Lancer_helmet" }
			}
		},
		{
			"__comment": "Lancer_guard",
			"from": [4.5, 0.5, 5],
			"to": [5.5, 2.5, 5.5],
			"faces": {
				"down": { "uv": [11.5, 5.5, 10.5, 5], "texture": "#Lancer_guard" },
				"up": { "uv": [4.5, 5, 5.5, 5.5], "texture": "#Lancer_guard" },
				"north": { "uv": [10.5, 13.5, 11.5, 15.5], "texture": "#Lancer_guard" },
				"south": { "uv": [4.5, 13.5, 5.5, 15.5], "texture": "#Lancer_guard" },
				"west": { "uv": [5, 13.5, 5.5, 15.5], "texture": "#Lancer_guard" },
				"east": { "uv": [10.5, 13.5, 11, 15.5], "texture": "#Lancer_guard" }
			}
		},
		{
			"__comment": "Lancer_helmet",
			"from": [4.5, 7.5, 5],
			"to": [11.5, 8, 5.5],
			"faces": {
				"down": { "uv": [11.5, 5.5, 4.5, 5], "texture": "#Lancer_helmet" },
				"up": { "uv": [4.5, 5, 11.5, 5.5], "texture": "#Lancer_helmet" },
				"north": { "uv": [4.5, 8, 11.5, 8.5], "texture": "#Lancer_helmet" },
				"south": { "uv": [4.5, 8, 11.5, 8.5], "texture": "#Lancer_helmet" },
				"west": { "uv": [5, 8, 5.5, 8.5], "texture": "#Lancer_helmet" },
				"east": { "uv": [10.5, 8, 11, 8.5], "texture": "#Lancer_helmet" }
			}
		},
		{
			"__comment": "Lancer_helmet",
			"from": [4.5, 8, 5.5],
			"to": [11.5, 8.5, 6.5],
			"faces": {
				"down": { "uv": [11.5, 6.5, 4.5, 5.5], "texture": "#Lancer_helmet" },
				"up": { "uv": [4.5, 5.5, 11.5, 6.5], "texture": "#Lancer_helmet" },
				"north": { "uv": [4.5, 7.5, 11.5, 8], "texture": "#Lancer_helmet" },
				"south": { "uv": [4.5, 7.5, 11.5, 8], "texture": "#Lancer_helmet" },
				"west": { "uv": [5.5, 7.5, 6.5, 8], "texture": "#Lancer_helmet" },
				"east": { "uv": [9.5, 7.5, 10.5, 8], "texture": "#Lancer_helmet" }
			}
		},
		{
			"__comment": "Lancer_helmet",
			"from": [4.5, 5, 6.5],
			"to": [11.5, 5.5, 7],
			"faces": {
				"down": { "uv": [11.5, 7, 4.5, 6.5], "texture": "#Lancer_helmet" },
				"up": { "uv": [4.5, 6.5, 11.5, 7], "texture": "#Lancer_helmet" },
				"north": { "uv": [4.5, 10.5, 11.5, 11], "texture": "#Lancer_helmet" },
				"south": { "uv": [4.5, 10.5, 11.5, 11], "texture": "#Lancer_helmet" },
				"west": { "uv": [6.5, 10.5, 7, 11], "texture": "#Lancer_helmet" },
				"east": { "uv": [9, 10.5, 9.5, 11], "texture": "#Lancer_helmet" }
			}
		},
		{
			"__comment": "Lancer_helmet",
			"from": [4.5, 8.5, 6.5],
			"to": [11, 9, 10],
			"faces": {
				"down": { "uv": [11.5, 10, 5, 6.5], "texture": "#Lancer_helmet" },
				"up": { "uv": [4.5, 6.5, 11, 10], "texture": "#Lancer_helmet" },
				"north": { "uv": [5, 7, 11.5, 7.5], "texture": "#Lancer_helmet" },
				"south": { "uv": [4.5, 7, 11, 7.5], "texture": "#Lancer_helmet" },
				"west": { "uv": [6.5, 7, 10, 7.5], "texture": "#Lancer_helmet" },
				"east": { "uv": [6, 7, 9.5, 7.5], "texture": "#Lancer_helmet" }
			}
		},
		{
			"__comment": "Lancer_helmet",
			"from": [4.5, 8, 10.5],
			"to": [11.5, 8.5, 11],
			"faces": {
				"down": { "uv": [11.5, 11, 4.5, 10.5], "texture": "#Lancer_helmet" },
				"up": { "uv": [4.5, 10.5, 11.5, 11], "texture": "#Lancer_helmet" },
				"north": { "uv": [4.5, 7.5, 11.5, 8], "texture": "#Lancer_helmet" },
				"south": { "uv": [4.5, 7.5, 11.5, 8], "texture": "#Lancer_helmet" },
				"west": { "uv": [10.5, 7.5, 11, 8], "texture": "#Lancer_helmet" },
				"east": { "uv": [5, 7.5, 5.5, 8], "texture": "#Lancer_helmet" }
			}
		},
		{
			"__comment": "Lancer_helmet",
			"from": [4.5, 5, 11],
			"to": [11.5, 5.5, 11.5],
			"faces": {
				"down": { "uv": [11.5, 11.5, 4.5, 11], "texture": "#Lancer_helmet" },
				"up": { "uv": [4.5, 11, 11.5, 11.5], "texture": "#Lancer_helmet" },
				"north": { "uv": [4.5, 10.5, 11.5, 11], "texture": "#Lancer_helmet" },
				"south": { "uv": [4.5, 10.5, 11.5, 11], "texture": "#Lancer_helmet" },
				"west": { "uv": [11, 10.5, 11.5, 11], "texture": "#Lancer_helmet" },
				"east": { "uv": [4.5, 10.5, 5, 11], "texture": "#Lancer_helmet" }
			}
		},
		{
			"__comment": "Lancer_helmet",
			"from": [4.5, 7.5, 11.5],
			"to": [11.5, 8, 12],
			"faces": {
				"down": { "uv": [11.5, 12, 4.5, 11.5], "texture": "#Lancer_helmet" },
				"up": { "uv": [4.5, 11.5, 11.5, 12], "texture": "#Lancer_helmet" },
				"north": { "uv": [4.5, 8, 11.5, 8.5], "texture": "#Lancer_helmet" },
				"south": { "uv": [4.5, 8, 11.5, 8.5], "texture": "#Lancer_helmet" },
				"west": { "uv": [11.5, 8, 12, 8.5], "texture": "#Lancer_helmet" },
				"east": { "uv": [4, 8, 4.5, 8.5], "texture": "#Lancer_helmet" }
			}
		},
		{
			"__comment": "Lancer_helmet",
			"from": [4.5, 4.5, 12],
			"to": [11.5, 5, 12.5],
			"faces": {
				"down": { "uv": [11.5, 12.5, 4.5, 12], "texture": "#Lancer_helmet" },
				"up": { "uv": [4.5, 12, 11.5, 12.5], "texture": "#Lancer_helmet" },
				"north": { "uv": [4.5, 11, 11.5, 11.5], "texture": "#Lancer_helmet" },
				"south": { "uv": [4.5, 11, 11.5, 11.5], "texture": "#Lancer_helmet" },
				"west": { "uv": [12, 11, 12.5, 11.5], "texture": "#Lancer_helmet" },
				"east": { "uv": [3.5, 11, 4, 11.5], "texture": "#Lancer_helmet" }
			}
		},
		{
			"__comment": "Lancer_helmet",
			"from": [5, 4.5, 4],
			"to": [11, 7, 4.5],
			"faces": {
				"down": { "uv": [11, 4.5, 5, 4], "texture": "#Lancer_helmet" },
				"up": { "uv": [5, 4, 11, 4.5], "texture": "#Lancer_helmet" },
				"north": { "uv": [5, 9, 11, 11.5], "texture": "#Lancer_helmet" },
				"south": { "uv": [5, 9, 11, 11.5], "texture": "#Lancer_helmet" },
				"west": { "uv": [4, 9, 4.5, 11.5], "texture": "#Lancer_helmet" },
				"east": { "uv": [11.5, 9, 12, 11.5], "texture": "#Lancer_helmet" }
			}
		},
		{
			"__comment": "Lancer_helmet",
			"from": [5, 4.5, 5.5],
			"to": [11, 5, 6],
			"faces": {
				"down": { "uv": [11, 6, 5, 5.5], "texture": "#Lancer_helmet" },
				"up": { "uv": [5, 5.5, 11, 6], "texture": "#Lancer_helmet" },
				"north": { "uv": [5, 11, 11, 11.5], "texture": "#Lancer_helmet" },
				"south": { "uv": [5, 11, 11, 11.5], "texture": "#Lancer_helmet" },
				"west": { "uv": [5.5, 11, 6, 11.5], "texture": "#Lancer_helmet" },
				"east": { "uv": [10, 11, 10.5, 11.5], "texture": "#Lancer_helmet" }
			}
		},
		{
			"__comment": "Lancer_helmet",
			"from": [5, 8.5, 6],
			"to": [11, 9, 6.5],
			"faces": {
				"down": { "uv": [11, 6.5, 5, 6], "texture": "#Lancer_helmet" },
				"up": { "uv": [5, 6, 11, 6.5], "texture": "#Lancer_helmet" },
				"north": { "uv": [5, 7, 11, 7.5], "texture": "#Lancer_helmet" },
				"south": { "uv": [5, 7, 11, 7.5], "texture": "#Lancer_helmet" },
				"west": { "uv": [6, 7, 6.5, 7.5], "texture": "#Lancer_helmet" },
				"east": { "uv": [9.5, 7, 10, 7.5], "texture": "#Lancer_helmet" }
			}
		},
		{
			"__comment": "Lancer_helmet",
			"from": [5, 9, 6.5],
			"to": [11, 9.5, 11],
			"faces": {
				"down": { "uv": [11, 11, 5, 6.5], "texture": "#Lancer_helmet" },
				"up": { "uv": [5, 6.5, 11, 11], "texture": "#Lancer_helmet" },
				"north": { "uv": [5, 6.5, 11, 7], "texture": "#Lancer_helmet" },
				"south": { "uv": [5, 6.5, 11, 7], "texture": "#Lancer_helmet" },
				"west": { "uv": [6.5, 6.5, 11, 7], "texture": "#Lancer_helmet" },
				"east": { "uv": [5, 6.5, 9.5, 7], "texture": "#Lancer_helmet" }
			}
		},
		{
			"__comment": "Lancer_helmet",
			"from": [5, 5, 7],
			"to": [11, 5.5, 11],
			"faces": {
				"down": { "uv": [11, 11, 5, 7], "texture": "#Lancer_helmet" },
				"up": { "uv": [5, 7, 11, 11], "texture": "#Lancer_helmet" },
				"north": { "uv": [5, 10.5, 11, 11], "texture": "#Lancer_helmet" },
				"south": { "uv": [5, 10.5, 11, 11], "texture": "#Lancer_helmet" },
				"west": { "uv": [7, 10.5, 11, 11], "texture": "#Lancer_helmet" },
				"east": { "uv": [5, 10.5, 9, 11], "texture": "#Lancer_helmet" }
			}
		},
		{
			"__comment": "Lancer_helmet",
			"from": [5, 8.5, 10],
			"to": [11, 9, 11.5],
			"faces": {
				"down": { "uv": [11, 11.5, 5, 10], "texture": "#Lancer_helmet" },
				"up": { "uv": [5, 10, 11, 11.5], "texture": "#Lancer_helmet" },
				"north": { "uv": [5, 7, 11, 7.5], "texture": "#Lancer_helmet" },
				"south": { "uv": [5, 7, 11, 7.5], "texture": "#Lancer_helmet" },
				"west": { "uv": [10, 7, 11.5, 7.5], "texture": "#Lancer_helmet" },
				"east": { "uv": [4.5, 7, 6, 7.5], "texture": "#Lancer_helmet" }
			}
		},
		{
			"__comment": "Lancer_helmet",
			"from": [5, 8, 11],
			"to": [11, 8.5, 11.5],
			"faces": {
				"down": { "uv": [11, 11.5, 5, 11], "texture": "#Lancer_helmet" },
				"up": { "uv": [5, 11, 11, 11.5], "texture": "#Lancer_helmet" },
				"north": { "uv": [5, 7.5, 11, 8], "texture": "#Lancer_helmet" },
				"south": { "uv": [5, 7.5, 11, 8], "texture": "#Lancer_helmet" },
				"west": { "uv": [11, 7.5, 11.5, 8], "texture": "#Lancer_helmet" },
				"east": { "uv": [4.5, 7.5, 5, 8], "texture": "#Lancer_helmet" }
			}
		},
		{
			"__comment": "Lancer_helmet",
			"from": [5, 4.5, 11.5],
			"to": [11, 5, 12],
			"faces": {
				"down": { "uv": [11, 12, 5, 11.5], "texture": "#Lancer_helmet" },
				"up": { "uv": [5, 11.5, 11, 12], "texture": "#Lancer_helmet" },
				"north": { "uv": [5, 11, 11, 11.5], "texture": "#Lancer_helmet" },
				"south": { "uv": [5, 11, 11, 11.5], "texture": "#Lancer_helmet" },
				"west": { "uv": [11.5, 11, 12, 11.5], "texture": "#Lancer_helmet" },
				"east": { "uv": [4, 11, 4.5, 11.5], "texture": "#Lancer_helmet" }
			}
		},
		{
			"__comment": "Lancer_helmet",
			"from": [5, 7.5, 12],
			"to": [11, 8, 12.5],
			"faces": {
				"down": { "uv": [11, 12.5, 5, 12], "texture": "#Lancer_helmet" },
				"up": { "uv": [5, 12, 11, 12.5], "texture": "#Lancer_helmet" },
				"north": { "uv": [5, 8, 11, 8.5], "texture": "#Lancer_helmet" },
				"south": { "uv": [5, 8, 11, 8.5], "texture": "#Lancer_helmet" },
				"west": { "uv": [12, 8, 12.5, 8.5], "texture": "#Lancer_helmet" },
				"east": { "uv": [3.5, 8, 4, 8.5], "texture": "#Lancer_helmet" }
			}
		},
		{
			"__comment": "Lancer_helmet",
			"from": [5, 4, 12.5],
			"to": [11, 4.5, 13],
			"faces": {
				"down": { "uv": [11, 13, 5, 12.5], "texture": "#Lancer_helmet" },
				"up": { "uv": [5, 12.5, 11, 13], "texture": "#Lancer_helmet" },
				"north": { "uv": [5, 11.5, 11, 12], "texture": "#Lancer_helmet" },
				"south": { "uv": [5, 11.5, 11, 12], "texture": "#Lancer_helmet" },
				"west": { "uv": [12.5, 11.5, 13, 12], "texture": "#Lancer_helmet" },
				"east": { "uv": [3, 11.5, 3.5, 12], "texture": "#Lancer_helmet" }
			}
		},
		{
			"__comment": "Lancer_helmet",
			"from": [5.5, 4, 4],
			"to": [10.5, 4.5, 4.5],
			"faces": {
				"down": { "uv": [10.5, 4.5, 5.5, 4], "texture": "#Lancer_helmet" },
				"up": { "uv": [5.5, 4, 10.5, 4.5], "texture": "#Lancer_helmet" },
				"north": { "uv": [5.5, 11.5, 10.5, 12], "texture": "#Lancer_helmet" },
				"south": { "uv": [5.5, 11.5, 10.5, 12], "texture": "#Lancer_helmet" },
				"west": { "uv": [4, 11.5, 4.5, 12], "texture": "#Lancer_helmet" },
				"east": { "uv": [11.5, 11.5, 12, 12], "texture": "#Lancer_helmet" }
			}
		},
		{
			"__comment": "Lancer_helmet",
			"from": [5.5, 7.5, 4.5],
			"to": [10.5, 8, 5],
			"faces": {
				"down": { "uv": [10.5, 5, 5.5, 4.5], "texture": "#Lancer_helmet" },
				"up": { "uv": [5.5, 4.5, 10.5, 5], "texture": "#Lancer_helmet" },
				"north": { "uv": [5.5, 8, 10.5, 8.5], "texture": "#Lancer_helmet" },
				"south": { "uv": [5.5, 8, 10.5, 8.5], "texture": "#Lancer_helmet" },
				"west": { "uv": [4.5, 8, 5, 8.5], "texture": "#Lancer_helmet" },
				"east": { "uv": [11, 8, 11.5, 8.5], "texture": "#Lancer_helmet" }
			}
		},
		{
			"__comment": "Lancer_guard",
			"from": [5.5, 0.5, 5],
			"to": [7, 2, 5.5],
			"faces": {
				"down": { "uv": [10.5, 5.5, 9, 5], "texture": "#Lancer_guard" },
				"up": { "uv": [5.5, 5, 7, 5.5], "texture": "#Lancer_guard" },
				"north": { "uv": [9, 14, 10.5, 15.5], "texture": "#Lancer_guard" },
				"south": { "uv": [5.5, 14, 7, 15.5], "texture": "#Lancer_guard" },
				"west": { "uv": [5, 14, 5.5, 15.5], "texture": "#Lancer_guard" },
				"east": { "uv": [10.5, 14, 11, 15.5], "texture": "#Lancer_guard" }
			}
		},
		{
			"__comment": "Lancer_helmet",
			"from": [5.5, 4, 5],
			"to": [10.5, 4.5, 5.5],
			"faces": {
				"down": { "uv": [10.5, 5.5, 5.5, 5], "texture": "#Lancer_helmet" },
				"up": { "uv": [5.5, 5, 10.5, 5.5], "texture": "#Lancer_helmet" },
				"north": { "uv": [5.5, 11.5, 10.5, 12], "texture": "#Lancer_helmet" },
				"south": { "uv": [5.5, 11.5, 10.5, 12], "texture": "#Lancer_helmet" },
				"west": { "uv": [5, 11.5, 5.5, 12], "texture": "#Lancer_helmet" },
				"east": { "uv": [10.5, 11.5, 11, 12], "texture": "#Lancer_helmet" }
			}
		},
		{
			"__comment": "Lancer_helmet",
			"from": [5.5, 8, 5],
			"to": [10.5, 8.5, 5.5],
			"faces": {
				"down": { "uv": [10.5, 5.5, 5.5, 5], "texture": "#Lancer_helmet" },
				"up": { "uv": [5.5, 5, 10.5, 5.5], "texture": "#Lancer_helmet" },
				"north": { "uv": [5.5, 7.5, 10.5, 8], "texture": "#Lancer_helmet" },
				"south": { "uv": [5.5, 7.5, 10.5, 8], "texture": "#Lancer_helmet" },
				"west": { "uv": [5, 7.5, 5.5, 8], "texture": "#Lancer_helmet" },
				"east": { "uv": [10.5, 7.5, 11, 8], "texture": "#Lancer_helmet" }
			}
		},
		{
			"__comment": "Lancer_helmet",
			"from": [5.5, 8.5, 5.5],
			"to": [10.5, 9, 6],
			"faces": {
				"down": { "uv": [10.5, 6, 5.5, 5.5], "texture": "#Lancer_helmet" },
				"up": { "uv": [5.5, 5.5, 10.5, 6], "texture": "#Lancer_helmet" },
				"north": { "uv": [5.5, 7, 10.5, 7.5], "texture": "#Lancer_helmet" },
				"south": { "uv": [5.5, 7, 10.5, 7.5], "texture": "#Lancer_helmet" },
				"west": { "uv": [5.5, 7, 6, 7.5], "texture": "#Lancer_helmet" },
				"east": { "uv": [10, 7, 10.5, 7.5], "texture": "#Lancer_helmet" }
			}
		},
		{
			"__comment": "Lancer_helmet",
			"from": [5.5, 9, 6],
			"to": [10.5, 9.5, 6.5],
			"faces": {
				"down": { "uv": [10.5, 6.5, 5.5, 6], "texture": "#Lancer_helmet" },
				"up": { "uv": [5.5, 6, 10.5, 6.5], "texture": "#Lancer_helmet" },
				"north": { "uv": [5.5, 6.5, 10.5, 7], "texture": "#Lancer_helmet" },
				"south": { "uv": [5.5, 6.5, 10.5, 7], "texture": "#Lancer_helmet" },
				"west": { "uv": [6, 6.5, 6.5, 7], "texture": "#Lancer_helmet" },
				"east": { "uv": [9.5, 6.5, 10, 7], "texture": "#Lancer_helmet" }
			}
		},
		{
			"__comment": "Lancer_helmet",
			"from": [5.5, 9.5, 7.5],
			"to": [10.5, 10.5, 11],
			"faces": {
				"down": { "uv": [10.5, 11, 5.5, 7.5], "texture": "#Lancer_helmet" },
				"up": { "uv": [5.5, 7.5, 10.5, 11], "texture": "#Lancer_helmet" },
				"north": { "uv": [5.5, 5.5, 10.5, 6.5], "texture": "#Lancer_helmet" },
				"south": { "uv": [5.5, 5.5, 10.5, 6.5], "texture": "#Lancer_helmet" },
				"west": { "uv": [7.5, 5.5, 11, 6.5], "texture": "#Lancer_helmet" },
				"east": { "uv": [5, 5.5, 8.5, 6.5], "texture": "#Lancer_helmet" }
			}
		},
		{
			"__comment": "Lancer_helmet",
			"from": [5.5, 10.5, 7.5],
			"to": [10.5, 11.5, 10.5],
			"faces": {
				"down": { "uv": [10.5, 10.5, 5.5, 7.5], "texture": "#Lancer_helmet" },
				"up": { "uv": [5.5, 7.5, 10.5, 10.5], "texture": "#Lancer_helmet" },
				"north": { "uv": [5.5, 4.5, 10.5, 5.5], "texture": "#Lancer_helmet" },
				"south": { "uv": [5.5, 4.5, 10.5, 5.5], "texture": "#Lancer_helmet" },
				"west": { "uv": [7.5, 4.5, 10.5, 5.5], "texture": "#Lancer_helmet" },
				"east": { "uv": [5.5, 4.5, 8.5, 5.5], "texture": "#Lancer_helmet" }
			}
		},
		{
			"__comment": "Lancer_helmet",
			"from": [5.5, 11.5, 7.5],
			"to": [10.5, 12.5, 10],
			"faces": {
				"down": { "uv": [10.5, 10, 5.5, 7.5], "texture": "#Lancer_helmet" },
				"up": { "uv": [5.5, 7.5, 10.5, 10], "texture": "#Lancer_helmet" },
				"north": { "uv": [5.5, 3.5, 10.5, 4.5], "texture": "#Lancer_helmet" },
				"south": { "uv": [5.5, 3.5, 10.5, 4.5], "texture": "#Lancer_helmet" },
				"west": { "uv": [7.5, 3.5, 10, 4.5], "texture": "#Lancer_helmet" },
				"east": { "uv": [6, 3.5, 8.5, 4.5], "texture": "#Lancer_helmet" }
			}
		},
		{
			"__comment": "Lancer_helmet",
			"from": [5.5, 12.5, 8],
			"to": [10, 13, 9.5],
			"faces": {
				"down": { "uv": [10.5, 9.5, 6, 8], "texture": "#Lancer_helmet" },
				"up": { "uv": [5.5, 8, 10, 9.5], "texture": "#Lancer_helmet" },
				"north": { "uv": [6, 3, 10.5, 3.5], "texture": "#Lancer_helmet" },
				"south": { "uv": [5.5, 3, 10, 3.5], "texture": "#Lancer_helmet" },
				"west": { "uv": [8, 3, 9.5, 3.5], "texture": "#Lancer_helmet" },
				"east": { "uv": [6.5, 3, 8, 3.5], "texture": "#Lancer_helmet" }
			}
		},
		{
			"__comment": "Lancer_helmet",
			"from": [5.5, 9, 11],
			"to": [10.5, 9.5, 11.5],
			"faces": {
				"down": { "uv": [10.5, 11.5, 5.5, 11], "texture": "#Lancer_helmet" },
				"up": { "uv": [5.5, 11, 10.5, 11.5], "texture": "#Lancer_helmet" },
				"north": { "uv": [5.5, 6.5, 10.5, 7], "texture": "#Lancer_helmet" },
				"south": { "uv": [5.5, 6.5, 10.5, 7], "texture": "#Lancer_helmet" },
				"west": { "uv": [11, 6.5, 11.5, 7], "texture": "#Lancer_helmet" },
				"east": { "uv": [4.5, 6.5, 5, 7], "texture": "#Lancer_helmet" }
			}
		},
		{
			"__comment": "Lancer_helmet",
			"from": [5.5, 8, 11.5],
			"to": [10.5, 8.5, 12],
			"faces": {
				"down": { "uv": [10.5, 12, 5.5, 11.5], "texture": "#Lancer_helmet" },
				"up": { "uv": [5.5, 11.5, 10.5, 12], "texture": "#Lancer_helmet" },
				"north": { "uv": [5.5, 7.5, 10.5, 8], "texture": "#Lancer_helmet" },
				"south": { "uv": [5.5, 7.5, 10.5, 8], "texture": "#Lancer_helmet" },
				"west": { "uv": [11.5, 7.5, 12, 8], "texture": "#Lancer_helmet" },
				"east": { "uv": [4, 7.5, 4.5, 8], "texture": "#Lancer_helmet" }
			}
		},
		{
			"__comment": "Lancer_helmet",
			"from": [5.5, 4, 12],
			"to": [10, 4.5, 12.5],
			"faces": {
				"down": { "uv": [10.5, 12.5, 6, 12], "texture": "#Lancer_helmet" },
				"up": { "uv": [5.5, 12, 10, 12.5], "texture": "#Lancer_helmet" },
				"north": { "uv": [6, 11.5, 10.5, 12], "texture": "#Lancer_helmet" },
				"south": { "uv": [5.5, 11.5, 10, 12], "texture": "#Lancer_helmet" },
				"west": { "uv": [12, 11.5, 12.5, 12], "texture": "#Lancer_helmet" },
				"east": { "uv": [3.5, 11.5, 4, 12], "texture": "#Lancer_helmet" }
			}
		},
		{
			"__comment": "Lancer_helmet",
			"from": [5.5, 7, 12.5],
			"to": [10.5, 7.5, 13],
			"faces": {
				"down": { "uv": [10.5, 13, 5.5, 12.5], "texture": "#Lancer_helmet" },
				"up": { "uv": [5.5, 12.5, 10.5, 13], "texture": "#Lancer_helmet" },
				"north": { "uv": [5.5, 8.5, 10.5, 9], "texture": "#Lancer_helmet" },
				"south": { "uv": [5.5, 8.5, 10.5, 9], "texture": "#Lancer_helmet" },
				"west": { "uv": [12.5, 8.5, 13, 9], "texture": "#Lancer_helmet" },
				"east": { "uv": [3, 8.5, 3.5, 9], "texture": "#Lancer_helmet" }
			}
		},
		{
			"__comment": "Lancer_helmet",
			"from": [6, 8.5, 3],
			"to": [9.5, 10.5, 5.5],
			"faces": {
				"down": { "uv": [10, 5.5, 6.5, 3], "texture": "#Lancer_helmet" },
				"up": { "uv": [6, 3, 9.5, 5.5], "texture": "#Lancer_helmet" },
				"north": { "uv": [6.5, 5.5, 10, 7.5], "texture": "#Lancer_helmet" },
				"south": { "uv": [6, 5.5, 9.5, 7.5], "texture": "#Lancer_helmet" },
				"west": { "uv": [3, 5.5, 5.5, 7.5], "texture": "#Lancer_helmet" },
				"east": { "uv": [10.5, 5.5, 13, 7.5], "texture": "#Lancer_helmet" }
			}
		},
		{
			"__comment": "Lancer_helmet",
			"from": [6, 8, 3.5],
			"to": [10, 8.5, 5],
			"faces": {
				"down": { "uv": [10, 5, 6, 3.5], "texture": "#Lancer_helmet" },
				"up": { "uv": [6, 3.5, 10, 5], "texture": "#Lancer_helmet" },
				"north": { "uv": [6, 7.5, 10, 8], "texture": "#Lancer_helmet" },
				"south": { "uv": [6, 7.5, 10, 8], "texture": "#Lancer_helmet" },
				"west": { "uv": [3.5, 7.5, 5, 8], "texture": "#Lancer_helmet" },
				"east": { "uv": [11, 7.5, 12.5, 8], "texture": "#Lancer_helmet" }
			}
		},
		{
			"__comment": "Lancer_helmet",
			"from": [6, 7, 4],
			"to": [10, 8, 4.5],
			"faces": {
				"down": { "uv": [10, 4.5, 6, 4], "texture": "#Lancer_helmet" },
				"up": { "uv": [6, 4, 10, 4.5], "texture": "#Lancer_helmet" },
				"north": { "uv": [6, 8, 10, 9], "texture": "#Lancer_helmet" },
				"south": { "uv": [6, 8, 10, 9], "texture": "#Lancer_helmet" },
				"west": { "uv": [4, 8, 4.5, 9], "texture": "#Lancer_helmet" },
				"east": { "uv": [11.5, 8, 12, 9], "texture": "#Lancer_helmet" }
			}
		},
		{
			"__comment": "Lancer_helmet",
			"from": [6, 10.5, 4],
			"to": [10, 11, 5],
			"faces": {
				"down": { "uv": [10, 5, 6, 4], "texture": "#Lancer_helmet" },
				"up": { "uv": [6, 4, 10, 5], "texture": "#Lancer_helmet" },
				"north": { "uv": [6, 5, 10, 5.5], "texture": "#Lancer_helmet" },
				"south": { "uv": [6, 5, 10, 5.5], "texture": "#Lancer_helmet" },
				"west": { "uv": [4, 5, 5, 5.5], "texture": "#Lancer_helmet" },
				"east": { "uv": [11, 5, 12, 5.5], "texture": "#Lancer_helmet" }
			}
		},
		{
			"__comment": "Lancer_guard",
			"from": [6, 0, 5],
			"to": [10, 0.5, 5.5],
			"faces": {
				"down": { "uv": [10, 5.5, 6, 5], "texture": "#Lancer_guard" },
				"up": { "uv": [6, 5, 10, 5.5], "texture": "#Lancer_guard" },
				"north": { "uv": [6, 15.5, 10, 16], "texture": "#Lancer_guard" },
				"south": { "uv": [6, 15.5, 10, 16], "texture": "#Lancer_guard" },
				"west": { "uv": [5, 15.5, 5.5, 16], "texture": "#Lancer_guard" },
				"east": { "uv": [10.5, 15.5, 11, 16], "texture": "#Lancer_guard" }
			}
		},
		{
			"__comment": "Lancer_helmet",
			"from": [6, 9, 5.5],
			"to": [10, 10.5, 6],
			"faces": {
				"down": { "uv": [10, 6, 6, 5.5], "texture": "#Lancer_helmet" },
				"up": { "uv": [6, 5.5, 10, 6], "texture": "#Lancer_helmet" },
				"north": { "uv": [6, 5.5, 10, 7], "texture": "#Lancer_helmet" },
				"south": { "uv": [6, 5.5, 10, 7], "texture": "#Lancer_helmet" },
				"west": { "uv": [5.5, 5.5, 6, 7], "texture": "#Lancer_helmet" },
				"east": { "uv": [10, 5.5, 10.5, 7], "texture": "#Lancer_helmet" }
			}
		},
		{
			"__comment": "Lancer_helmet",
			"from": [6, 4.5, 6],
			"to": [10, 5, 6.5],
			"faces": {
				"down": { "uv": [10, 6.5, 6, 6], "texture": "#Lancer_helmet" },
				"up": { "uv": [6, 6, 10, 6.5], "texture": "#Lancer_helmet" },
				"north": { "uv": [6, 11, 10, 11.5], "texture": "#Lancer_helmet" },
				"south": { "uv": [6, 11, 10, 11.5], "texture": "#Lancer_helmet" },
				"west": { "uv": [6, 11, 6.5, 11.5], "texture": "#Lancer_helmet" },
				"east": { "uv": [9.5, 11, 10, 11.5], "texture": "#Lancer_helmet" }
			}
		},
		{
			"__comment": "Lancer_helmet",
			"from": [6, 9.5, 6],
			"to": [10, 10, 7],
			"faces": {
				"down": { "uv": [10, 7, 6, 6], "texture": "#Lancer_helmet" },
				"up": { "uv": [6, 6, 10, 7], "texture": "#Lancer_helmet" },
				"north": { "uv": [6, 6, 10, 6.5], "texture": "#Lancer_helmet" },
				"south": { "uv": [6, 6, 10, 6.5], "texture": "#Lancer_helmet" },
				"west": { "uv": [6, 6, 7, 6.5], "texture": "#Lancer_helmet" },
				"east": { "uv": [9, 6, 10, 6.5], "texture": "#Lancer_helmet" }
			}
		},
		{
			"__comment": "Lancer_helmet",
			"from": [6, 13.5, 7],
			"to": [10, 14, 9.5],
			"faces": {
				"down": { "uv": [10, 9.5, 6, 7], "texture": "#Lancer_helmet" },
				"up": { "uv": [6, 7, 10, 9.5], "texture": "#Lancer_helmet" },
				"north": { "uv": [6, 2, 10, 2.5], "texture": "#Lancer_helmet" },
				"south": { "uv": [6, 2, 10, 2.5], "texture": "#Lancer_helmet" },
				"west": { "uv": [7, 2, 9.5, 2.5], "texture": "#Lancer_helmet" },
				"east": { "uv": [6.5, 2, 9, 2.5], "texture": "#Lancer_helmet" }
			}
		},
		{
			"__comment": "Lancer_helmet",
			"from": [6, 12.5, 7.5],
			"to": [10, 13.5, 8],
			"faces": {
				"down": { "uv": [10, 8, 6, 7.5], "texture": "#Lancer_helmet" },
				"up": { "uv": [6, 7.5, 10, 8], "texture": "#Lancer_helmet" },
				"north": { "uv": [6, 2.5, 10, 3.5], "texture": "#Lancer_helmet" },
				"south": { "uv": [6, 2.5, 10, 3.5], "texture": "#Lancer_helmet" },
				"west": { "uv": [7.5, 2.5, 8, 3.5], "texture": "#Lancer_helmet" },
				"east": { "uv": [8, 2.5, 8.5, 3.5], "texture": "#Lancer_helmet" }
			}
		},
		{
			"__comment": "Lancer_helmet",
			"from": [6, 14, 7.5],
			"to": [10, 14.5, 9],
			"faces": {
				"down": { "uv": [10, 9, 6, 7.5], "texture": "#Lancer_helmet" },
				"up": { "uv": [6, 7.5, 10, 9], "texture": "#Lancer_helmet" },
				"north": { "uv": [6, 1.5, 10, 2], "texture": "#Lancer_helmet" },
				"south": { "uv": [6, 1.5, 10, 2], "texture": "#Lancer_helmet" },
				"west": { "uv": [7.5, 1.5, 9, 2], "texture": "#Lancer_helmet" },
				"east": { "uv": [7, 1.5, 8.5, 2], "texture": "#Lancer_helmet" }
			}
		},
		{
			"__comment": "Lancer_helmet",
			"from": [6, 13, 8],
			"to": [10, 13.5, 9.5],
			"faces": {
				"down": { "uv": [10, 9.5, 6, 8], "texture": "#Lancer_helmet" },
				"up": { "uv": [6, 8, 10, 9.5], "texture": "#Lancer_helmet" },
				"north": { "uv": [6, 2.5, 10, 3], "texture": "#Lancer_helmet" },
				"south": { "uv": [6, 2.5, 10, 3], "texture": "#Lancer_helmet" },
				"west": { "uv": [8, 2.5, 9.5, 3], "texture": "#Lancer_helmet" },
				"east": { "uv": [6.5, 2.5, 8, 3], "texture": "#Lancer_helmet" }
			}
		},
		{
			"__comment": "Lancer_helmet",
			"from": [6, 8.5, 11.5],
			"to": [10, 9, 12],
			"faces": {
				"down": { "uv": [10, 12, 6, 11.5], "texture": "#Lancer_helmet" },
				"up": { "uv": [6, 11.5, 10, 12], "texture": "#Lancer_helmet" },
				"north": { "uv": [6, 7, 10, 7.5], "texture": "#Lancer_helmet" },
				"south": { "uv": [6, 7, 10, 7.5], "texture": "#Lancer_helmet" },
				"west": { "uv": [11.5, 7, 12, 7.5], "texture": "#Lancer_helmet" },
				"east": { "uv": [4, 7, 4.5, 7.5], "texture": "#Lancer_helmet" }
			}
		},
		{
			"__comment": "Lancer_helmet",
			"from": [6, 7.5, 12.5],
			"to": [10, 8, 13],
			"faces": {
				"down": { "uv": [10, 13, 6, 12.5], "texture": "#Lancer_helmet" },
				"up": { "uv": [6, 12.5, 10, 13], "texture": "#Lancer_helmet" },
				"north": { "uv": [6, 8, 10, 8.5], "texture": "#Lancer_helmet" },
				"south": { "uv": [6, 8, 10, 8.5], "texture": "#Lancer_helmet" },
				"west": { "uv": [12.5, 8, 13, 8.5], "texture": "#Lancer_helmet" },
				"east": { "uv": [3, 8, 3.5, 8.5], "texture": "#Lancer_helmet" }
			}
		},
		{
			"__comment": "Lancer_helmet",
			"from": [6.5, 10, 2],
			"to": [9, 11.5, 3],
			"faces": {
				"down": { "uv": [9.5, 3, 7, 2], "texture": "#Lancer_helmet" },
				"up": { "uv": [6.5, 2, 9, 3], "texture": "#Lancer_helmet" },
				"north": { "uv": [7, 4.5, 9.5, 6], "texture": "#Lancer_helmet" },
				"south": { "uv": [6.5, 4.5, 9, 6], "texture": "#Lancer_helmet" },
				"west": { "uv": [2, 4.5, 3, 6], "texture": "#Lancer_helmet" },
				"east": { "uv": [13, 4.5, 14, 6], "texture": "#Lancer_helmet" }
			}
		},
		{
			"__comment": "Lancer_helmet",
			"from": [6.5, 9.5, 2.5],
			"to": [9.5, 10, 3],
			"faces": {
				"down": { "uv": [9.5, 3, 6.5, 2.5], "texture": "#Lancer_helmet" },
				"up": { "uv": [6.5, 2.5, 9.5, 3], "texture": "#Lancer_helmet" },
				"north": { "uv": [6.5, 6, 9.5, 6.5], "texture": "#Lancer_helmet" },
				"south": { "uv": [6.5, 6, 9.5, 6.5], "texture": "#Lancer_helmet" },
				"west": { "uv": [2.5, 6, 3, 6.5], "texture": "#Lancer_helmet" },
				"east": { "uv": [13, 6, 13.5, 6.5], "texture": "#Lancer_helmet" }
			}
		},
		{
			"__comment": "Lancer_helmet",
			"from": [6.5, 11.5, 2.5],
			"to": [9.5, 12, 3],
			"faces": {
				"down": { "uv": [9.5, 3, 6.5, 2.5], "texture": "#Lancer_helmet" },
				"up": { "uv": [6.5, 2.5, 9.5, 3], "texture": "#Lancer_helmet" },
				"north": { "uv": [6.5, 4, 9.5, 4.5], "texture": "#Lancer_helmet" },
				"south": { "uv": [6.5, 4, 9.5, 4.5], "texture": "#Lancer_helmet" },
				"west": { "uv": [2.5, 4, 3, 4.5], "texture": "#Lancer_helmet" },
				"east": { "uv": [13, 4, 13.5, 4.5], "texture": "#Lancer_helmet" }
			}
		},
		{
			"__comment": "Lancer_helmet",
			"from": [6.5, 10.5, 3],
			"to": [9.5, 11.5, 4],
			"faces": {
				"down": { "uv": [9.5, 4, 6.5, 3], "texture": "#Lancer_helmet" },
				"up": { "uv": [6.5, 3, 9.5, 4], "texture": "#Lancer_helmet" },
				"north": { "uv": [6.5, 4.5, 9.5, 5.5], "texture": "#Lancer_helmet" },
				"south": { "uv": [6.5, 4.5, 9.5, 5.5], "texture": "#Lancer_helmet" },
				"west": { "uv": [3, 4.5, 4, 5.5], "texture": "#Lancer_helmet" },
				"east": { "uv": [12, 4.5, 13, 5.5], "texture": "#Lancer_helmet" }
			}
		},
		{
			"__comment": "Lancer_helmet",
			"from": [6.5, 4, 4.5],
			"to": [10, 4.5, 5],
			"faces": {
				"down": { "uv": [9.5, 5, 6, 4.5], "texture": "#Lancer_helmet" },
				"up": { "uv": [6.5, 4.5, 10, 5], "texture": "#Lancer_helmet" },
				"north": { "uv": [6, 11.5, 9.5, 12], "texture": "#Lancer_helmet" },
				"south": { "uv": [6.5, 11.5, 10, 12], "texture": "#Lancer_helmet" },
				"west": { "uv": [4.5, 11.5, 5, 12], "texture": "#Lancer_helmet" },
				"east": { "uv": [11, 11.5, 11.5, 12], "texture": "#Lancer_helmet" }
			}
		},
		{
			"__comment": "Lancer_helmet",
			"from": [6.5, 10, 6],
			"to": [9.5, 10.5, 6.5],
			"faces": {
				"down": { "uv": [9.5, 6.5, 6.5, 6], "texture": "#Lancer_helmet" },
				"up": { "uv": [6.5, 6, 9.5, 6.5], "texture": "#Lancer_helmet" },
				"north": { "uv": [6.5, 5.5, 9.5, 6], "texture": "#Lancer_helmet" },
				"south": { "uv": [6.5, 5.5, 9.5, 6], "texture": "#Lancer_helmet" },
				"west": { "uv": [6, 5.5, 6.5, 6], "texture": "#Lancer_helmet" },
				"east": { "uv": [9.5, 5.5, 10, 6], "texture": "#Lancer_helmet" }
			}
		},
		{
			"__comment": "Lancer_helmet",
			"from": [6.5, 9.5, 7],
			"to": [9.5, 10, 7.5],
			"faces": {
				"down": { "uv": [9.5, 7.5, 6.5, 7], "texture": "#Lancer_helmet" },
				"up": { "uv": [6.5, 7, 9.5, 7.5], "texture": "#Lancer_helmet" },
				"north": { "uv": [6.5, 6, 9.5, 6.5], "texture": "#Lancer_helmet" },
				"south": { "uv": [6.5, 6, 9.5, 6.5], "texture": "#Lancer_helmet" },
				"west": { "uv": [7, 6, 7.5, 6.5], "texture": "#Lancer_helmet" },
				"east": { "uv": [8.5, 6, 9, 6.5], "texture": "#Lancer_helmet" }
			}
		},
		{
			"__comment": "Lancer_helmet",
			"from": [6.5, 14, 7],
			"to": [9.5, 14.5, 7.5],
			"faces": {
				"down": { "uv": [9.5, 7.5, 6.5, 7], "texture": "#Lancer_helmet" },
				"up": { "uv": [6.5, 7, 9.5, 7.5], "texture": "#Lancer_helmet" },
				"north": { "uv": [6.5, 1.5, 9.5, 2], "texture": "#Lancer_helmet" },
				"south": { "uv": [6.5, 1.5, 9.5, 2], "texture": "#Lancer_helmet" },
				"west": { "uv": [7, 1.5, 7.5, 2], "texture": "#Lancer_helmet" },
				"east": { "uv": [8.5, 1.5, 9, 2], "texture": "#Lancer_helmet" }
			}
		},
		{
			"__comment": "Lancer_helmet",
			"from": [6.5, 14.5, 7.5],
			"to": [9.5, 15, 9],
			"faces": {
				"down": { "uv": [9.5, 9, 6.5, 7.5], "texture": "#Lancer_helmet" },
				"up": { "uv": [6.5, 7.5, 9.5, 9], "texture": "#Lancer_helmet" },
				"north": { "uv": [6.5, 1, 9.5, 1.5], "texture": "#Lancer_helmet" },
				"south": { "uv": [6.5, 1, 9.5, 1.5], "texture": "#Lancer_helmet" },
				"west": { "uv": [7.5, 1, 9, 1.5], "texture": "#Lancer_helmet" },
				"east": { "uv": [7, 1, 8.5, 1.5], "texture": "#Lancer_helmet" }
			}
		},
		{
			"__comment": "Lancer_helmet",
			"from": [6.5, 12.5, 9.5],
			"to": [10, 13, 10],
			"faces": {
				"down": { "uv": [9.5, 10, 6, 9.5], "texture": "#Lancer_helmet" },
				"up": { "uv": [6.5, 9.5, 10, 10], "texture": "#Lancer_helmet" },
				"north": { "uv": [6, 3, 9.5, 3.5], "texture": "#Lancer_helmet" },
				"south": { "uv": [6.5, 3, 10, 3.5], "texture": "#Lancer_helmet" },
				"west": { "uv": [9.5, 3, 10, 3.5], "texture": "#Lancer_helmet" },
				"east": { "uv": [6, 3, 6.5, 3.5], "texture": "#Lancer_helmet" }
			}
		},
		{
			"__comment": "Lancer_helmet",
			"from": [6.5, 11.5, 10],
			"to": [10, 12, 10.5],
			"faces": {
				"down": { "uv": [9.5, 10.5, 6, 10], "texture": "#Lancer_helmet" },
				"up": { "uv": [6.5, 10, 10, 10.5], "texture": "#Lancer_helmet" },
				"north": { "uv": [6, 4, 9.5, 4.5], "texture": "#Lancer_helmet" },
				"south": { "uv": [6.5, 4, 10, 4.5], "texture": "#Lancer_helmet" },
				"west": { "uv": [10, 4, 10.5, 4.5], "texture": "#Lancer_helmet" },
				"east": { "uv": [5.5, 4, 6, 4.5], "texture": "#Lancer_helmet" }
			}
		},
		{
			"__comment": "Lancer_helmet",
			"from": [6.5, 10.5, 10.5],
			"to": [10, 11, 11],
			"faces": {
				"down": { "uv": [9.5, 11, 6, 10.5], "texture": "#Lancer_helmet" },
				"up": { "uv": [6.5, 10.5, 10, 11], "texture": "#Lancer_helmet" },
				"north": { "uv": [6, 5, 9.5, 5.5], "texture": "#Lancer_helmet" },
				"south": { "uv": [6.5, 5, 10, 5.5], "texture": "#Lancer_helmet" },
				"west": { "uv": [10.5, 5, 11, 5.5], "texture": "#Lancer_helmet" },
				"east": { "uv": [5, 5, 5.5, 5.5], "texture": "#Lancer_helmet" }
			}
		},
		{
			"__comment": "Lancer_helmet",
			"from": [6.5, 4.5, 11],
			"to": [9.5, 5, 11.5],
			"faces": {
				"down": { "uv": [9.5, 11.5, 6.5, 11], "texture": "#Lancer_helmet" },
				"up": { "uv": [6.5, 11, 9.5, 11.5], "texture": "#Lancer_helmet" },
				"north": { "uv": [6.5, 11, 9.5, 11.5], "texture": "#Lancer_helmet" },
				"south": { "uv": [6.5, 11, 9.5, 11.5], "texture": "#Lancer_helmet" },
				"west": { "uv": [11, 11, 11.5, 11.5], "texture": "#Lancer_helmet" },
				"east": { "uv": [4.5, 11, 5, 11.5], "texture": "#Lancer_helmet" }
			}
		},
		{
			"__comment": "Lancer_helmet",
			"from": [6.5, 9.5, 11],
			"to": [10, 10, 11.5],
			"faces": {
				"down": { "uv": [9.5, 11.5, 6, 11], "texture": "#Lancer_helmet" },
				"up": { "uv": [6.5, 11, 10, 11.5], "texture": "#Lancer_helmet" },
				"north": { "uv": [6, 6, 9.5, 6.5], "texture": "#Lancer_helmet" },
				"south": { "uv": [6.5, 6, 10, 6.5], "texture": "#Lancer_helmet" },
				"west": { "uv": [11, 6, 11.5, 6.5], "texture": "#Lancer_helmet" },
				"east": { "uv": [4.5, 6, 5, 6.5], "texture": "#Lancer_helmet" }
			}
		},
		{
			"__comment": "Lancer_helmet",
			"from": [6.5, 8, 12],
			"to": [9.5, 8.5, 13.5],
			"faces": {
				"down": { "uv": [9.5, 13.5, 6.5, 12], "texture": "#Lancer_helmet" },
				"up": { "uv": [6.5, 12, 9.5, 13.5], "texture": "#Lancer_helmet" },
				"north": { "uv": [6.5, 7.5, 9.5, 8], "texture": "#Lancer_helmet" },
				"south": { "uv": [6.5, 7.5, 9.5, 8], "texture": "#Lancer_helmet" },
				"west": { "uv": [12, 7.5, 13.5, 8], "texture": "#Lancer_helmet" },
				"east": { "uv": [2.5, 7.5, 4, 8], "texture": "#Lancer_helmet" }
			}
		},
		{
			"__comment": "Lancer_helmet",
			"from": [6.5, 8.5, 12.5],
			"to": [9.5, 9, 13.5],
			"faces": {
				"down": { "uv": [9.5, 13.5, 6.5, 12.5], "texture": "#Lancer_helmet" },
				"up": { "uv": [6.5, 12.5, 9.5, 13.5], "texture": "#Lancer_helmet" },
				"north": { "uv": [6.5, 7, 9.5, 7.5], "texture": "#Lancer_helmet" },
				"south": { "uv": [6.5, 7, 9.5, 7.5], "texture": "#Lancer_helmet" },
				"west": { "uv": [12.5, 7, 13.5, 7.5], "texture": "#Lancer_helmet" },
				"east": { "uv": [2.5, 7, 3.5, 7.5], "texture": "#Lancer_helmet" }
			}
		},
		{
			"__comment": "Lancer_helmet",
			"from": [6.5, 4, 13],
			"to": [9.5, 6.5, 14],
			"faces": {
				"down": { "uv": [9.5, 14, 6.5, 13], "texture": "#Lancer_helmet" },
				"up": { "uv": [6.5, 13, 9.5, 14], "texture": "#Lancer_helmet" },
				"north": { "uv": [6.5, 9.5, 9.5, 12], "texture": "#Lancer_helmet" },
				"south": { "uv": [6.5, 9.5, 9.5, 12], "texture": "#Lancer_helmet" },
				"west": { "uv": [13, 9.5, 14, 12], "texture": "#Lancer_helmet" },
				"east": { "uv": [2, 9.5, 3, 12], "texture": "#Lancer_helmet" }
			}
		},
		{
			"__comment": "Lancer_helmet",
			"from": [6.5, 6.5, 13],
			"to": [9.5, 8, 13.5],
			"faces": {
				"down": { "uv": [9.5, 13.5, 6.5, 13], "texture": "#Lancer_helmet" },
				"up": { "uv": [6.5, 13, 9.5, 13.5], "texture": "#Lancer_helmet" },
				"north": { "uv": [6.5, 8, 9.5, 9.5], "texture": "#Lancer_helmet" },
				"south": { "uv": [6.5, 8, 9.5, 9.5], "texture": "#Lancer_helmet" },
				"west": { "uv": [13, 8, 13.5, 9.5], "texture": "#Lancer_helmet" },
				"east": { "uv": [2.5, 8, 3, 9.5], "texture": "#Lancer_helmet" }
			}
		},
		{
			"__comment": "Lancer_helmet",
			"from": [7, 10.5, 1.5],
			"to": [9, 11.5, 2],
			"faces": {
				"down": { "uv": [9, 2, 7, 1.5], "texture": "#Lancer_helmet" },
				"up": { "uv": [7, 1.5, 9, 2], "texture": "#Lancer_helmet" },
				"north": { "uv": [7, 4.5, 9, 5.5], "texture": "#Lancer_helmet" },
				"south": { "uv": [7, 4.5, 9, 5.5], "texture": "#Lancer_helmet" },
				"west": { "uv": [1.5, 4.5, 2, 5.5], "texture": "#Lancer_helmet" },
				"east": { "uv": [14, 4.5, 14.5, 5.5], "texture": "#Lancer_helmet" }
			}
		},
		{
			"__comment": "Lancer_helmet",
			"from": [7, 11.5, 2],
			"to": [9, 12, 2.5],
			"faces": {
				"down": { "uv": [9, 2.5, 7, 2], "texture": "#Lancer_helmet" },
				"up": { "uv": [7, 2, 9, 2.5], "texture": "#Lancer_helmet" },
				"north": { "uv": [7, 4, 9, 4.5], "texture": "#Lancer_helmet" },
				"south": { "uv": [7, 4, 9, 4.5], "texture": "#Lancer_helmet" },
				"west": { "uv": [2, 4, 2.5, 4.5], "texture": "#Lancer_helmet" },
				"east": { "uv": [13.5, 4, 14, 4.5], "texture": "#Lancer_helmet" }
			}
		},
		{
			"__comment": "Lancer_helmet",
			"from": [7, 11, 4],
			"to": [9.5, 11.5, 4.5],
			"faces": {
				"down": { "uv": [9, 4.5, 6.5, 4], "texture": "#Lancer_helmet" },
				"up": { "uv": [7, 4, 9.5, 4.5], "texture": "#Lancer_helmet" },
				"north": { "uv": [6.5, 4.5, 9, 5], "texture": "#Lancer_helmet" },
				"south": { "uv": [7, 4.5, 9.5, 5], "texture": "#Lancer_helmet" },
				"west": { "uv": [4, 4.5, 4.5, 5], "texture": "#Lancer_helmet" },
				"east": { "uv": [11.5, 4.5, 12, 5], "texture": "#Lancer_helmet" }
			}
		},
		{
			"__comment": "Lancer_guard",
			"from": [7, 0.5, 5],
			"to": [11.5, 1.5, 5.5],
			"faces": {
				"down": { "uv": [9, 5.5, 4.5, 5], "texture": "#Lancer_guard" },
				"up": { "uv": [7, 5, 11.5, 5.5], "texture": "#Lancer_guard" },
				"north": { "uv": [4.5, 14.5, 9, 15.5], "texture": "#Lancer_guard" },
				"south": { "uv": [7, 14.5, 11.5, 15.5], "texture": "#Lancer_guard" },
				"west": { "uv": [5, 14.5, 5.5, 15.5], "texture": "#Lancer_guard" },
				"east": { "uv": [10.5, 14.5, 11, 15.5], "texture": "#Lancer_guard" }
			}
		},
		{
			"__comment": "Lancer_helmet",
			"from": [7, 10.5, 5],
			"to": [9.5, 11, 5.5],
			"faces": {
				"down": { "uv": [9, 5.5, 6.5, 5], "texture": "#Lancer_helmet" },
				"up": { "uv": [7, 5, 9.5, 5.5], "texture": "#Lancer_helmet" },
				"north": { "uv": [6.5, 5, 9, 5.5], "texture": "#Lancer_helmet" },
				"south": { "uv": [7, 5, 9.5, 5.5], "texture": "#Lancer_helmet" },
				"west": { "uv": [5, 5, 5.5, 5.5], "texture": "#Lancer_helmet" },
				"east": { "uv": [10.5, 5, 11, 5.5], "texture": "#Lancer_helmet" }
			}
		},
		{
			"__comment": "Lancer_helmet",
			"from": [7, 4.5, 6.5],
			"to": [9, 5, 7],
			"faces": {
				"down": { "uv": [9, 7, 7, 6.5], "texture": "#Lancer_helmet" },
				"up": { "uv": [7, 6.5, 9, 7], "texture": "#Lancer_helmet" },
				"north": { "uv": [7, 11, 9, 11.5], "texture": "#Lancer_helmet" },
				"south": { "uv": [7, 11, 9, 11.5], "texture": "#Lancer_helmet" },
				"west": { "uv": [6.5, 11, 7, 11.5], "texture": "#Lancer_helmet" },
				"east": { "uv": [9, 11, 9.5, 11.5], "texture": "#Lancer_helmet" }
			}
		},
		{
			"__comment": "Lancer_helmet",
			"from": [7, 10, 6.5],
			"to": [9, 10.5, 7],
			"faces": {
				"down": { "uv": [9, 7, 7, 6.5], "texture": "#Lancer_helmet" },
				"up": { "uv": [7, 6.5, 9, 7], "texture": "#Lancer_helmet" },
				"north": { "uv": [7, 5.5, 9, 6], "texture": "#Lancer_helmet" },
				"south": { "uv": [7, 5.5, 9, 6], "texture": "#Lancer_helmet" },
				"west": { "uv": [6.5, 5.5, 7, 6], "texture": "#Lancer_helmet" },
				"east": { "uv": [9, 5.5, 9.5, 6], "texture": "#Lancer_helmet" }
			}
		},
		{
			"__comment": "Lancer_helmet",
			"from": [7, 14.5, 7],
			"to": [9, 15, 7.5],
			"faces": {
				"down": { "uv": [9, 7.5, 7, 7], "texture": "#Lancer_helmet" },
				"up": { "uv": [7, 7, 9, 7.5], "texture": "#Lancer_helmet" },
				"north": { "uv": [7, 1, 9, 1.5], "texture": "#Lancer_helmet" },
				"south": { "uv": [7, 1, 9, 1.5], "texture": "#Lancer_helmet" },
				"west": { "uv": [7, 1, 7.5, 1.5], "texture": "#Lancer_helmet" },
				"east": { "uv": [8.5, 1, 9, 1.5], "texture": "#Lancer_helmet" }
			}
		},
		{
			"__comment": "Lancer_helmet",
			"from": [7, 15, 7.5],
			"to": [9, 15.5, 8.5],
			"faces": {
				"down": { "uv": [9, 8.5, 7, 7.5], "texture": "#Lancer_helmet" },
				"up": { "uv": [7, 7.5, 9, 8.5], "texture": "#Lancer_helmet" },
				"north": { "uv": [7, 0.5, 9, 1], "texture": "#Lancer_helmet" },
				"south": { "uv": [7, 0.5, 9, 1], "texture": "#Lancer_helmet" },
				"west": { "uv": [7.5, 0.5, 8.5, 1], "texture": "#Lancer_helmet" },
				"east": { "uv": [7.5, 0.5, 8.5, 1], "texture": "#Lancer_helmet" }
			}
		},
		{
			"__comment": "Lancer_helmet",
			"from": [7, 12, 10],
			"to": [9.5, 12.5, 10.5],
			"faces": {
				"down": { "uv": [9, 10.5, 6.5, 10], "texture": "#Lancer_helmet" },
				"up": { "uv": [7, 10, 9.5, 10.5], "texture": "#Lancer_helmet" },
				"north": { "uv": [6.5, 3.5, 9, 4], "texture": "#Lancer_helmet" },
				"south": { "uv": [7, 3.5, 9.5, 4], "texture": "#Lancer_helmet" },
				"west": { "uv": [10, 3.5, 10.5, 4], "texture": "#Lancer_helmet" },
				"east": { "uv": [5.5, 3.5, 6, 4], "texture": "#Lancer_helmet" }
			}
		},
		{
			"__comment": "Lancer_helmet",
			"from": [7, 11, 10.5],
			"to": [9, 11.5, 11],
			"faces": {
				"down": { "uv": [9, 11, 7, 10.5], "texture": "#Lancer_helmet" },
				"up": { "uv": [7, 10.5, 9, 11], "texture": "#Lancer_helmet" },
				"north": { "uv": [7, 4.5, 9, 5], "texture": "#Lancer_helmet" },
				"south": { "uv": [7, 4.5, 9, 5], "texture": "#Lancer_helmet" },
				"west": { "uv": [10.5, 4.5, 11, 5], "texture": "#Lancer_helmet" },
				"east": { "uv": [5, 4.5, 5.5, 5], "texture": "#Lancer_helmet" }
			}
		},
		{
			"__comment": "Lancer_helmet",
			"from": [7, 10, 11],
			"to": [9, 10.5, 11.5],
			"faces": {
				"down": { "uv": [9, 11.5, 7, 11], "texture": "#Lancer_helmet" },
				"up": { "uv": [7, 11, 9, 11.5], "texture": "#Lancer_helmet" },
				"north": { "uv": [7, 5.5, 9, 6], "texture": "#Lancer_helmet" },
				"south": { "uv": [7, 5.5, 9, 6], "texture": "#Lancer_helmet" },
				"west": { "uv": [11, 5.5, 11.5, 6], "texture": "#Lancer_helmet" },
				"east": { "uv": [4.5, 5.5, 5, 6], "texture": "#Lancer_helmet" }
			}
		},
		{
			"__comment": "Lancer_helmet",
			"from": [7, 9, 11.5],
			"to": [9.5, 9.5, 12],
			"faces": {
				"down": { "uv": [9, 12, 6.5, 11.5], "texture": "#Lancer_helmet" },
				"up": { "uv": [7, 11.5, 9.5, 12], "texture": "#Lancer_helmet" },
				"north": { "uv": [6.5, 6.5, 9, 7], "texture": "#Lancer_helmet" },
				"south": { "uv": [7, 6.5, 9.5, 7], "texture": "#Lancer_helmet" },
				"west": { "uv": [11.5, 6.5, 12, 7], "texture": "#Lancer_helmet" },
				"east": { "uv": [4, 6.5, 4.5, 7], "texture": "#Lancer_helmet" }
			}
		},
		{
			"__comment": "Lancer_helmet",
			"from": [7, 8.5, 12],
			"to": [9, 9, 12.5],
			"faces": {
				"down": { "uv": [9, 12.5, 7, 12], "texture": "#Lancer_helmet" },
				"up": { "uv": [7, 12, 9, 12.5], "texture": "#Lancer_helmet" },
				"north": { "uv": [7, 7, 9, 7.5], "texture": "#Lancer_helmet" },
				"south": { "uv": [7, 7, 9, 7.5], "texture": "#Lancer_helmet" },
				"west": { "uv": [12, 7, 12.5, 7.5], "texture": "#Lancer_helmet" },
				"east": { "uv": [3.5, 7, 4, 7.5], "texture": "#Lancer_helmet" }
			}
		},
		{
			"__comment": "Lancer_helmet",
			"from": [7, 9, 12.5],
			"to": [9, 11.5, 13.5],
			"faces": {
				"down": { "uv": [9, 13.5, 7, 12.5], "texture": "#Lancer_helmet" },
				"up": { "uv": [7, 12.5, 9, 13.5], "texture": "#Lancer_helmet" },
				"north": { "uv": [7, 4.5, 9, 7], "texture": "#Lancer_helmet" },
				"south": { "uv": [7, 4.5, 9, 7], "texture": "#Lancer_helmet" },
				"west": { "uv": [12.5, 4.5, 13.5, 7], "texture": "#Lancer_helmet" },
				"east": { "uv": [2.5, 4.5, 3.5, 7], "texture": "#Lancer_helmet" }
			}
		},
		{
			"__comment": "Lancer_helmet",
			"from": [7, 6.5, 13.5],
			"to": [9, 8.5, 14],
			"faces": {
				"down": { "uv": [9, 14, 7, 13.5], "texture": "#Lancer_helmet" },
				"up": { "uv": [7, 13.5, 9, 14], "texture": "#Lancer_helmet" },
				"north": { "uv": [7, 7.5, 9, 9.5], "texture": "#Lancer_helmet" },
				"south": { "uv": [7, 7.5, 9, 9.5], "texture": "#Lancer_helmet" },
				"west": { "uv": [13.5, 7.5, 14, 9.5], "texture": "#Lancer_helmet" },
				"east": { "uv": [2, 7.5, 2.5, 9.5], "texture": "#Lancer_helmet" }
			}
		},
		{
			"__comment": "Lancer_helmet",
			"from": [7.5, 11.5, 1.5],
			"to": [8.5, 12, 2],
			"faces": {
				"down": { "uv": [8.5, 2, 7.5, 1.5], "texture": "#Lancer_helmet" },
				"up": { "uv": [7.5, 1.5, 8.5, 2], "texture": "#Lancer_helmet" },
				"north": { "uv": [7.5, 4, 8.5, 4.5], "texture": "#Lancer_helmet" },
				"south": { "uv": [7.5, 4, 8.5, 4.5], "texture": "#Lancer_helmet" },
				"west": { "uv": [1.5, 4, 2, 4.5], "texture": "#Lancer_helmet" },
				"east": { "uv": [14, 4, 14.5, 4.5], "texture": "#Lancer_helmet" }
			}
		},
		{
			"__comment": "Lancer_helmet",
			"from": [7.5, 12, 2],
			"to": [8.5, 12.5, 2.5],
			"faces": {
				"down": { "uv": [8.5, 2.5, 7.5, 2], "texture": "#Lancer_helmet" },
				"up": { "uv": [7.5, 2, 8.5, 2.5], "texture": "#Lancer_helmet" },
				"north": { "uv": [7.5, 3.5, 8.5, 4], "texture": "#Lancer_helmet" },
				"south": { "uv": [7.5, 3.5, 8.5, 4], "texture": "#Lancer_helmet" },
				"west": { "uv": [2, 3.5, 2.5, 4], "texture": "#Lancer_helmet" },
				"east": { "uv": [13.5, 3.5, 14, 4], "texture": "#Lancer_helmet" }
			}
		},
		{
			"__comment": "Lancer_helmet",
			"from": [7.5, 11.5, 3],
			"to": [9, 12, 3.5],
			"faces": {
				"down": { "uv": [8.5, 3.5, 7, 3], "texture": "#Lancer_helmet" },
				"up": { "uv": [7.5, 3, 9, 3.5], "texture": "#Lancer_helmet" },
				"north": { "uv": [7, 4, 8.5, 4.5], "texture": "#Lancer_helmet" },
				"south": { "uv": [7.5, 4, 9, 4.5], "texture": "#Lancer_helmet" },
				"west": { "uv": [3, 4, 3.5, 4.5], "texture": "#Lancer_helmet" },
				"east": { "uv": [12.5, 4, 13, 4.5], "texture": "#Lancer_helmet" }
			}
		},
		{
			"__comment": "Lancer_helmet",
			"from": [7.5, 11, 4.5],
			"to": [9, 11.5, 5],
			"faces": {
				"down": { "uv": [8.5, 5, 7, 4.5], "texture": "#Lancer_helmet" },
				"up": { "uv": [7.5, 4.5, 9, 5], "texture": "#Lancer_helmet" },
				"north": { "uv": [7, 4.5, 8.5, 5], "texture": "#Lancer_helmet" },
				"south": { "uv": [7.5, 4.5, 9, 5], "texture": "#Lancer_helmet" },
				"west": { "uv": [4.5, 4.5, 5, 5], "texture": "#Lancer_helmet" },
				"east": { "uv": [11, 4.5, 11.5, 5], "texture": "#Lancer_helmet" }
			}
		},
		{
			"__comment": "Lancer_helmet",
			"from": [7.5, 10.5, 5.5],
			"to": [8.5, 11, 6.5],
			"faces": {
				"down": { "uv": [8.5, 6.5, 7.5, 5.5], "texture": "#Lancer_helmet" },
				"up": { "uv": [7.5, 5.5, 8.5, 6.5], "texture": "#Lancer_helmet" },
				"north": { "uv": [7.5, 5, 8.5, 5.5], "texture": "#Lancer_helmet" },
				"south": { "uv": [7.5, 5, 8.5, 5.5], "texture": "#Lancer_helmet" },
				"west": { "uv": [5.5, 5, 6.5, 5.5], "texture": "#Lancer_helmet" },
				"east": { "uv": [9.5, 5, 10.5, 5.5], "texture": "#Lancer_helmet" }
			}
		},
		{
			"__comment": "Lancer_helmet",
			"from": [7.5, 4.5, 7],
			"to": [8.5, 5, 11],
			"faces": {
				"down": { "uv": [8.5, 11, 7.5, 7], "texture": "#Lancer_helmet" },
				"up": { "uv": [7.5, 7, 8.5, 11], "texture": "#Lancer_helmet" },
				"north": { "uv": [7.5, 11, 8.5, 11.5], "texture": "#Lancer_helmet" },
				"south": { "uv": [7.5, 11, 8.5, 11.5], "texture": "#Lancer_helmet" },
				"west": { "uv": [7, 11, 11, 11.5], "texture": "#Lancer_helmet" },
				"east": { "uv": [5, 11, 9, 11.5], "texture": "#Lancer_helmet" }
			}
		},
		{
			"__comment": "Lancer_helmet",
			"from": [7.5, 10, 7],
			"to": [8.5, 10.5, 7.5],
			"faces": {
				"down": { "uv": [8.5, 7.5, 7.5, 7], "texture": "#Lancer_helmet" },
				"up": { "uv": [7.5, 7, 8.5, 7.5], "texture": "#Lancer_helmet" },
				"north": { "uv": [7.5, 5.5, 8.5, 6], "texture": "#Lancer_helmet" },
				"south": { "uv": [7.5, 5.5, 8.5, 6], "texture": "#Lancer_helmet" },
				"west": { "uv": [7, 5.5, 7.5, 6], "texture": "#Lancer_helmet" },
				"east": { "uv": [8.5, 5.5, 9, 6], "texture": "#Lancer_helmet" }
			}
		},
		{
			"__comment": "Lancer_helmet",
			"from": [7.5, 13, 7],
			"to": [8.5, 13.5, 7.5],
			"faces": {
				"down": { "uv": [8.5, 7.5, 7.5, 7], "texture": "#Lancer_helmet" },
				"up": { "uv": [7.5, 7, 8.5, 7.5], "texture": "#Lancer_helmet" },
				"north": { "uv": [7.5, 2.5, 8.5, 3], "texture": "#Lancer_helmet" },
				"south": { "uv": [7.5, 2.5, 8.5, 3], "texture": "#Lancer_helmet" },
				"west": { "uv": [7, 2.5, 7.5, 3], "texture": "#Lancer_helmet" },
				"east": { "uv": [8.5, 2.5, 9, 3], "texture": "#Lancer_helmet" }
			}
		},
		{
			"__comment": "Lancer_helmet",
			"from": [7.5, 15, 7],
			"to": [8.5, 15.5, 7.5],
			"faces": {
				"down": { "uv": [8.5, 7.5, 7.5, 7], "texture": "#Lancer_helmet" },
				"up": { "uv": [7.5, 7, 8.5, 7.5], "texture": "#Lancer_helmet" },
				"north": { "uv": [7.5, 0.5, 8.5, 1], "texture": "#Lancer_helmet" },
				"south": { "uv": [7.5, 0.5, 8.5, 1], "texture": "#Lancer_helmet" },
				"west": { "uv": [7, 0.5, 7.5, 1], "texture": "#Lancer_helmet" },
				"east": { "uv": [8.5, 0.5, 9, 1], "texture": "#Lancer_helmet" }
			}
		},
		{
			"__comment": "Lancer_helmet",
			"from": [7.5, 15.5, 7.5],
			"to": [8.5, 16, 8.5],
			"faces": {
				"down": { "uv": [8.5, 8.5, 7.5, 7.5], "texture": "#Lancer_helmet" },
				"up": { "uv": [7.5, 7.5, 8.5, 8.5], "texture": "#Lancer_helmet" },
				"north": { "uv": [7.5, 0, 8.5, 0.5], "texture": "#Lancer_helmet" },
				"south": { "uv": [7.5, 0, 8.5, 0.5], "texture": "#Lancer_helmet" },
				"west": { "uv": [7.5, 0, 8.5, 0.5], "texture": "#Lancer_helmet" },
				"east": { "uv": [7.5, 0, 8.5, 0.5], "texture": "#Lancer_helmet" }
			}
		},
		{
			"__comment": "Lancer_helmet",
			"from": [7.5, 15, 8.5],
			"to": [8.5, 15.5, 9],
			"faces": {
				"down": { "uv": [8.5, 9, 7.5, 8.5], "texture": "#Lancer_helmet" },
				"up": { "uv": [7.5, 8.5, 8.5, 9], "texture": "#Lancer_helmet" },
				"north": { "uv": [7.5, 0.5, 8.5, 1], "texture": "#Lancer_helmet" },
				"south": { "uv": [7.5, 0.5, 8.5, 1], "texture": "#Lancer_helmet" },
				"west": { "uv": [8.5, 0.5, 9, 1], "texture": "#Lancer_helmet" },
				"east": { "uv": [7, 0.5, 7.5, 1], "texture": "#Lancer_helmet" }
			}
		},
		{
			"__comment": "Lancer_helmet",
			"from": [7.5, 14, 9],
			"to": [9, 14.5, 9.5],
			"faces": {
				"down": { "uv": [8.5, 9.5, 7, 9], "texture": "#Lancer_helmet" },
				"up": { "uv": [7.5, 9, 9, 9.5], "texture": "#Lancer_helmet" },
				"north": { "uv": [7, 1.5, 8.5, 2], "texture": "#Lancer_helmet" },
				"south": { "uv": [7.5, 1.5, 9, 2], "texture": "#Lancer_helmet" },
				"west": { "uv": [9, 1.5, 9.5, 2], "texture": "#Lancer_helmet" },
				"east": { "uv": [6.5, 1.5, 7, 2], "texture": "#Lancer_helmet" }
			}
		},
		{
			"__comment": "Lancer_helmet",
			"from": [7.5, 13, 9.5],
			"to": [9.5, 13.5, 10],
			"faces": {
				"down": { "uv": [8.5, 10, 6.5, 9.5], "texture": "#Lancer_helmet" },
				"up": { "uv": [7.5, 9.5, 9.5, 10], "texture": "#Lancer_helmet" },
				"north": { "uv": [6.5, 2.5, 8.5, 3], "texture": "#Lancer_helmet" },
				"south": { "uv": [7.5, 2.5, 9.5, 3], "texture": "#Lancer_helmet" },
				"west": { "uv": [9.5, 2.5, 10, 3], "texture": "#Lancer_helmet" },
				"east": { "uv": [6, 2.5, 6.5, 3], "texture": "#Lancer_helmet" }
			}
		},
		{
			"__comment": "Lancer_helmet",
			"from": [7.5, 11.5, 10.5],
			"to": [8.5, 12, 11],
			"faces": {
				"down": { "uv": [8.5, 11, 7.5, 10.5], "texture": "#Lancer_helmet" },
				"up": { "uv": [7.5, 10.5, 8.5, 11], "texture": "#Lancer_helmet" },
				"north": { "uv": [7.5, 4, 8.5, 4.5], "texture": "#Lancer_helmet" },
				"south": { "uv": [7.5, 4, 8.5, 4.5], "texture": "#Lancer_helmet" },
				"west": { "uv": [10.5, 4, 11, 4.5], "texture": "#Lancer_helmet" },
				"east": { "uv": [5, 4, 5.5, 4.5], "texture": "#Lancer_helmet" }
			}
		},
		{
			"__comment": "Lancer_helmet",
			"from": [7.5, 10.5, 11],
			"to": [8.5, 11, 11.5],
			"faces": {
				"down": { "uv": [8.5, 11.5, 7.5, 11], "texture": "#Lancer_helmet" },
				"up": { "uv": [7.5, 11, 8.5, 11.5], "texture": "#Lancer_helmet" },
				"north": { "uv": [7.5, 5, 8.5, 5.5], "texture": "#Lancer_helmet" },
				"south": { "uv": [7.5, 5, 8.5, 5.5], "texture": "#Lancer_helmet" },
				"west": { "uv": [11, 5, 11.5, 5.5], "texture": "#Lancer_helmet" },
				"east": { "uv": [4.5, 5, 5, 5.5], "texture": "#Lancer_helmet" }
			}
		},
		{
			"__comment": "Lancer_helmet",
			"from": [7.5, 9.5, 11.5],
			"to": [8.5, 10, 12],
			"faces": {
				"down": { "uv": [8.5, 12, 7.5, 11.5], "texture": "#Lancer_helmet" },
				"up": { "uv": [7.5, 11.5, 8.5, 12], "texture": "#Lancer_helmet" },
				"north": { "uv": [7.5, 6, 8.5, 6.5], "texture": "#Lancer_helmet" },
				"south": { "uv": [7.5, 6, 8.5, 6.5], "texture": "#Lancer_helmet" },
				"west": { "uv": [11.5, 6, 12, 6.5], "texture": "#Lancer_helmet" },
				"east": { "uv": [4, 6, 4.5, 6.5], "texture": "#Lancer_helmet" }
			}
		},
		{
			"__comment": "Lancer_helmet",
			"from": [7.5, 11.5, 12.5],
			"to": [8.5, 12, 13.5],
			"faces": {
				"down": { "uv": [8.5, 13.5, 7.5, 12.5], "texture": "#Lancer_helmet" },
				"up": { "uv": [7.5, 12.5, 8.5, 13.5], "texture": "#Lancer_helmet" },
				"north": { "uv": [7.5, 4, 8.5, 4.5], "texture": "#Lancer_helmet" },
				"south": { "uv": [7.5, 4, 8.5, 4.5], "texture": "#Lancer_helmet" },
				"west": { "uv": [12.5, 4, 13.5, 4.5], "texture": "#Lancer_helmet" },
				"east": { "uv": [2.5, 4, 3.5, 4.5], "texture": "#Lancer_helmet" }
			}
		},
		{
			"__comment": "Lancer_helmet",
			"from": [7.5, 8.5, 13.5],
			"to": [8.5, 10.5, 14],
			"faces": {
				"down": { "uv": [8.5, 14, 7.5, 13.5], "texture": "#Lancer_helmet" },
				"up": { "uv": [7.5, 13.5, 8.5, 14], "texture": "#Lancer_helmet" },
				"north": { "uv": [7.5, 5.5, 8.5, 7.5], "texture": "#Lancer_helmet" },
				"south": { "uv": [7.5, 5.5, 8.5, 7.5], "texture": "#Lancer_helmet" },
				"west": { "uv": [13.5, 5.5, 14, 7.5], "texture": "#Lancer_helmet" },
				"east": { "uv": [2, 5.5, 2.5, 7.5], "texture": "#Lancer_helmet" }
			}
		},
		{
			"__comment": "Lancer_helmet",
			"from": [8, 10.5, 13.5],
			"to": [8.5, 11, 14],
			"faces": {
				"down": { "uv": [8, 14, 7.5, 13.5], "texture": "#Lancer_helmet" },
				"up": { "uv": [8, 13.5, 8.5, 14], "texture": "#Lancer_helmet" },
				"north": { "uv": [7.5, 5, 8, 5.5], "texture": "#Lancer_helmet" },
				"south": { "uv": [8, 5, 8.5, 5.5], "texture": "#Lancer_helmet" },
				"west": { "uv": [13.5, 5, 14, 5.5], "texture": "#Lancer_helmet" },
				"east": { "uv": [2, 5, 2.5, 5.5], "texture": "#Lancer_helmet" }
			}
		},
		{
			"__comment": "Lancer_helmet",
			"from": [8.5, 10.5, 5.5],
			"to": [9, 11, 6],
			"faces": {
				"down": { "uv": [7.5, 6, 7, 5.5], "texture": "#Lancer_helmet" },
				"up": { "uv": [8.5, 5.5, 9, 6], "texture": "#Lancer_helmet" },
				"north": { "uv": [7, 5, 7.5, 5.5], "texture": "#Lancer_helmet" },
				"south": { "uv": [8.5, 5, 9, 5.5], "texture": "#Lancer_helmet" },
				"west": { "uv": [5.5, 5, 6, 5.5], "texture": "#Lancer_helmet" },
				"east": { "uv": [10, 5, 10.5, 5.5], "texture": "#Lancer_helmet" }
			}
		},
		{
			"__comment": "Lancer_helmet",
			"from": [8.5, 8.5, 13.5],
			"to": [9, 10, 14],
			"faces": {
				"down": { "uv": [7.5, 14, 7, 13.5], "texture": "#Lancer_helmet" },
				"up": { "uv": [8.5, 13.5, 9, 14], "texture": "#Lancer_helmet" },
				"north": { "uv": [7, 6, 7.5, 7.5], "texture": "#Lancer_helmet" },
				"south": { "uv": [8.5, 6, 9, 7.5], "texture": "#Lancer_helmet" },
				"west": { "uv": [13.5, 6, 14, 7.5], "texture": "#Lancer_helmet" },
				"east": { "uv": [2, 6, 2.5, 7.5], "texture": "#Lancer_helmet" }
			}
		},
		{
			"__comment": "Lancer_helmet",
			"from": [9, 10, 2],
			"to": [9.5, 11, 3],
			"faces": {
				"down": { "uv": [7, 3, 6.5, 2], "texture": "#Lancer_helmet" },
				"up": { "uv": [9, 2, 9.5, 3], "texture": "#Lancer_helmet" },
				"north": { "uv": [6.5, 5, 7, 6], "texture": "#Lancer_helmet" },
				"south": { "uv": [9, 5, 9.5, 6], "texture": "#Lancer_helmet" },
				"west": { "uv": [2, 5, 3, 6], "texture": "#Lancer_helmet" },
				"east": { "uv": [13, 5, 14, 6], "texture": "#Lancer_helmet" }
			}
		},
		{
			"__comment": "Lancer_helmet",
			"from": [9, 11, 2.5],
			"to": [9.5, 11.5, 3],
			"faces": {
				"down": { "uv": [7, 3, 6.5, 2.5], "texture": "#Lancer_helmet" },
				"up": { "uv": [9, 2.5, 9.5, 3], "texture": "#Lancer_helmet" },
				"north": { "uv": [6.5, 4.5, 7, 5], "texture": "#Lancer_helmet" },
				"south": { "uv": [9, 4.5, 9.5, 5], "texture": "#Lancer_helmet" },
				"west": { "uv": [2.5, 4.5, 3, 5], "texture": "#Lancer_helmet" },
				"east": { "uv": [13, 4.5, 13.5, 5], "texture": "#Lancer_helmet" }
			}
		},
		{
			"__comment": "Lancer_guard",
			"from": [9, 1.5, 5],
			"to": [12, 2, 5.5],
			"faces": {
				"down": { "uv": [7, 5.5, 4, 5], "texture": "#Lancer_guard" },
				"up": { "uv": [9, 5, 12, 5.5], "texture": "#Lancer_guard" },
				"north": { "uv": [4, 14, 7, 14.5], "texture": "#Lancer_guard" },
				"south": { "uv": [9, 14, 12, 14.5], "texture": "#Lancer_guard" },
				"west": { "uv": [5, 14, 5.5, 14.5], "texture": "#Lancer_guard" },
				"east": { "uv": [10.5, 14, 11, 14.5], "texture": "#Lancer_guard" }
			}
		},
		{
			"__comment": "Lancer_helmet",
			"from": [9.5, 8.5, 3],
			"to": [10, 10, 5.5],
			"faces": {
				"down": { "uv": [6.5, 5.5, 6, 3], "texture": "#Lancer_helmet" },
				"up": { "uv": [9.5, 3, 10, 5.5], "texture": "#Lancer_helmet" },
				"north": { "uv": [6, 6, 6.5, 7.5], "texture": "#Lancer_helmet" },
				"south": { "uv": [9.5, 6, 10, 7.5], "texture": "#Lancer_helmet" },
				"west": { "uv": [3, 6, 5.5, 7.5], "texture": "#Lancer_helmet" },
				"east": { "uv": [10.5, 6, 13, 7.5], "texture": "#Lancer_helmet" }
			}
		},
		{
			"__comment": "Lancer_helmet",
			"from": [9.5, 10, 3.5],
			"to": [10, 10.5, 5.5],
			"faces": {
				"down": { "uv": [6.5, 5.5, 6, 3.5], "texture": "#Lancer_helmet" },
				"up": { "uv": [9.5, 3.5, 10, 5.5], "texture": "#Lancer_helmet" },
				"north": { "uv": [6, 5.5, 6.5, 6], "texture": "#Lancer_helmet" },
				"south": { "uv": [9.5, 5.5, 10, 6], "texture": "#Lancer_helmet" },
				"west": { "uv": [3.5, 5.5, 5.5, 6], "texture": "#Lancer_helmet" },
				"east": { "uv": [10.5, 5.5, 12.5, 6], "texture": "#Lancer_helmet" }
			}
		},
		{
			"__comment": "Lancer_helmet",
			"from": [9.5, 8, 12],
			"to": [10, 8.5, 12.5],
			"faces": {
				"down": { "uv": [6.5, 12.5, 6, 12], "texture": "#Lancer_helmet" },
				"up": { "uv": [9.5, 12, 10, 12.5], "texture": "#Lancer_helmet" },
				"north": { "uv": [6, 7.5, 6.5, 8], "texture": "#Lancer_helmet" },
				"south": { "uv": [9.5, 7.5, 10, 8], "texture": "#Lancer_helmet" },
				"west": { "uv": [12, 7.5, 12.5, 8], "texture": "#Lancer_helmet" },
				"east": { "uv": [3.5, 7.5, 4, 8], "texture": "#Lancer_helmet" }
			}
		},
		{
			"__comment": "Lancer_helmet",
			"from": [10, 12.5, 9],
			"to": [10.5, 13, 9.5],
			"faces": {
				"down": { "uv": [6, 9.5, 5.5, 9], "texture": "#Lancer_helmet" },
				"up": { "uv": [10, 9, 10.5, 9.5], "texture": "#Lancer_helmet" },
				"north": { "uv": [5.5, 3, 6, 3.5], "texture": "#Lancer_helmet" },
				"south": { "uv": [10, 3, 10.5, 3.5], "texture": "#Lancer_helmet" },
				"west": { "uv": [9, 3, 9.5, 3.5], "texture": "#Lancer_helmet" },
				"east": { "uv": [6.5, 3, 7, 3.5], "texture": "#Lancer_helmet" }
			}
		},
		{
			"__comment": "Lancer_guard",
			"from": [10.5, 2, 5],
			"to": [12, 2.5, 5.5],
			"faces": {
				"down": { "uv": [5.5, 5.5, 4, 5], "texture": "#Lancer_guard" },
				"up": { "uv": [10.5, 5, 12, 5.5], "texture": "#Lancer_guard" },
				"north": { "uv": [4, 13.5, 5.5, 14], "texture": "#Lancer_guard" },
				"south": { "uv": [10.5, 13.5, 12, 14], "texture": "#Lancer_guard" },
				"west": { "uv": [5, 13.5, 5.5, 14], "texture": "#Lancer_guard" },
				"east": { "uv": [10.5, 13.5, 11, 14], "texture": "#Lancer_guard" }
			}
		},
		{
			"__comment": "Lancer_helmet",
			"from": [11, 8.5, 6.5],
			"to": [11.5, 9, 9.5],
			"faces": {
				"down": { "uv": [5, 9.5, 4.5, 6.5], "texture": "#Lancer_helmet" },
				"up": { "uv": [11, 6.5, 11.5, 9.5], "texture": "#Lancer_helmet" },
				"north": { "uv": [4.5, 7, 5, 7.5], "texture": "#Lancer_helmet" },
				"south": { "uv": [11, 7, 11.5, 7.5], "texture": "#Lancer_helmet" },
				"west": { "uv": [6.5, 7, 9.5, 7.5], "texture": "#Lancer_helmet" },
				"east": { "uv": [6.5, 7, 9.5, 7.5], "texture": "#Lancer_helmet" }
			}
		},
		{
			"__comment": "Lancer_guard",
			"from": [11.5, 1, 5],
			"to": [12, 1.5, 6.5],
			"faces": {
				"down": { "uv": [4.5, 6.5, 4, 5], "texture": "#Lancer_guard" },
				"up": { "uv": [11.5, 5, 12, 6.5], "texture": "#Lancer_guard" },
				"north": { "uv": [4, 14.5, 4.5, 15], "texture": "#Lancer_guard" },
				"south": { "uv": [11.5, 14.5, 12, 15], "texture": "#Lancer_guard" },
				"west": { "uv": [5, 14.5, 6.5, 15], "texture": "#Lancer_guard" },
				"east": { "uv": [9.5, 14.5, 11, 15], "texture": "#Lancer_guard" }
			}
		},
		{
			"__comment": "Lancer_guard",
			"from": [11.5, 2.5, 5],
			"to": [12, 3, 9],
			"faces": {
				"down": { "uv": [4.5, 9, 4, 5], "texture": "#Lancer_guard" },
				"up": { "uv": [11.5, 5, 12, 9], "texture": "#Lancer_guard" },
				"north": { "uv": [4, 13, 4.5, 13.5], "texture": "#Lancer_guard" },
				"south": { "uv": [11.5, 13, 12, 13.5], "texture": "#Lancer_guard" },
				"west": { "uv": [5, 13, 9, 13.5], "texture": "#Lancer_guard" },
				"east": { "uv": [7, 13, 11, 13.5], "texture": "#Lancer_guard" }
			}
		},
		{
			"__comment": "Lancer_guard",
			"from": [11.5, 3, 5],
			"to": [12, 4.5, 5.5],
			"faces": {
				"down": { "uv": [4.5, 5.5, 4, 5], "texture": "#Lancer_guard" },
				"up": { "uv": [11.5, 5, 12, 5.5], "texture": "#Lancer_guard" },
				"north": { "uv": [4, 11.5, 4.5, 13], "texture": "#Lancer_guard" },
				"south": { "uv": [11.5, 11.5, 12, 13], "texture": "#Lancer_guard" },
				"west": { "uv": [5, 11.5, 5.5, 13], "texture": "#Lancer_guard" },
				"east": { "uv": [10.5, 11.5, 11, 13], "texture": "#Lancer_guard" }
			}
		},
		{
			"__comment": "Lancer_guard",
			"from": [11.5, 1.5, 5.5],
			"to": [12, 2.5, 7.5],
			"faces": {
				"down": { "uv": [4.5, 7.5, 4, 5.5], "texture": "#Lancer_guard" },
				"up": { "uv": [11.5, 5.5, 12, 7.5], "texture": "#Lancer_guard" },
				"north": { "uv": [4, 13.5, 4.5, 14.5], "texture": "#Lancer_guard" },
				"south": { "uv": [11.5, 13.5, 12, 14.5], "texture": "#Lancer_guard" },
				"west": { "uv": [5.5, 13.5, 7.5, 14.5], "texture": "#Lancer_guard" },
				"east": { "uv": [8.5, 13.5, 10.5, 14.5], "texture": "#Lancer_guard" }
			}
		},
		{
			"__comment": "Lancer_guard",
			"from": [11.5, 3, 6.5],
			"to": [12, 3.5, 9.5],
			"faces": {
				"down": { "uv": [4.5, 9.5, 4, 6.5], "texture": "#Lancer_guard" },
				"up": { "uv": [11.5, 6.5, 12, 9.5], "texture": "#Lancer_guard" },
				"north": { "uv": [4, 12.5, 4.5, 13], "texture": "#Lancer_guard" },
				"south": { "uv": [11.5, 12.5, 12, 13], "texture": "#Lancer_guard" },
				"west": { "uv": [6.5, 12.5, 9.5, 13], "texture": "#Lancer_guard" },
				"east": { "uv": [6.5, 12.5, 9.5, 13], "texture": "#Lancer_guard" }
			}
		},
		{
			"__comment": "Lancer_guard",
			"from": [11.5, 2, 7.5],
			"to": [12, 2.5, 8.5],
			"faces": {
				"down": { "uv": [4.5, 8.5, 4, 7.5], "texture": "#Lancer_guard" },
				"up": { "uv": [11.5, 7.5, 12, 8.5], "texture": "#Lancer_guard" },
				"north": { "uv": [4, 13.5, 4.5, 14], "texture": "#Lancer_guard" },
				"south": { "uv": [11.5, 13.5, 12, 14], "texture": "#Lancer_guard" },
				"west": { "uv": [7.5, 13.5, 8.5, 14], "texture": "#Lancer_guard" },
				"east": { "uv": [7.5, 13.5, 8.5, 14], "texture": "#Lancer_guard" }
			}
		},
		{
			"__comment": "Lancer_guard",
			"from": [11.5, 3.5, 7.5],
			"to": [12, 4, 10],
			"faces": {
				"down": { "uv": [4.5, 10, 4, 7.5], "texture": "#Lancer_guard" },
				"up": { "uv": [11.5, 7.5, 12, 10], "texture": "#Lancer_guard" },
				"north": { "uv": [4, 12, 4.5, 12.5], "texture": "#Lancer_guard" },
				"south": { "uv": [11.5, 12, 12, 12.5], "texture": "#Lancer_guard" },
				"west": { "uv": [7.5, 12, 10, 12.5], "texture": "#Lancer_guard" },
				"east": { "uv": [6, 12, 8.5, 12.5], "texture": "#Lancer_guard" }
			}
		},
		{
			"__comment": "Lancer_guard",
			"from": [11.5, 4, 8],
			"to": [12, 4.5, 10.5],
			"faces": {
				"down": { "uv": [4.5, 10.5, 4, 8], "texture": "#Lancer_guard" },
				"up": { "uv": [11.5, 8, 12, 10.5], "texture": "#Lancer_guard" },
				"north": { "uv": [4, 11.5, 4.5, 12], "texture": "#Lancer_guard" },
				"south": { "uv": [11.5, 11.5, 12, 12], "texture": "#Lancer_guard" },
				"west": { "uv": [8, 11.5, 10.5, 12], "texture": "#Lancer_guard" },
				"east": { "uv": [5.5, 11.5, 8, 12], "texture": "#Lancer_guard" }
			}
		},
		{
			"__comment": "Lancer_guard",
			"from": [11.5, 4.5, 8.5],
			"to": [12, 5.5, 10.5],
			"faces": {
				"down": { "uv": [4.5, 10.5, 4, 8.5], "texture": "#Lancer_guard" },
				"up": { "uv": [11.5, 8.5, 12, 10.5], "texture": "#Lancer_guard" },
				"north": { "uv": [4, 10.5, 4.5, 11.5], "texture": "#Lancer_guard" },
				"south": { "uv": [11.5, 10.5, 12, 11.5], "texture": "#Lancer_guard" },
				"west": { "uv": [8.5, 10.5, 10.5, 11.5], "texture": "#Lancer_guard" },
				"east": { "uv": [5.5, 10.5, 7.5, 11.5], "texture": "#Lancer_guard" }
			}
		}
	],
	"display": {
		"thirdperson": {
			"rotation": [-24, 159, -167],
			"translation": [0, 1.5, -2.7],
			"scale": [0.37, 0.37, 0.37]
		},
		"head": {
			"rotation": [0, 180, 0],
			"translation": [0, 4.7, 1],
			"scale": [2, 1.5, 3.5]
		},
		"ground": {
			"rotation": [0, 0, 0],
			"translation": [0, 0, 0],
			"scale": [1, 1, 1]
		},
		"fixed": {
			"rotation": [0, 180, 0],
			"translation": [0, 0, -1.5],
			"scale": [1, 1, 1]
		},
		"firstperson": {
			"rotation": [0, 146, 0],
			"translation": [1.4, 1.5, 0.9],
			"scale": [1, 1, 1]
		},
		"gui": {
			"rotation": [0, 90, 0],
			"translation": [0, 0, 0],
			"scale": [1.5, 1.5, 1.5]
		}
	}
}
