{
	"credit": "Made by DefiantKing",
	"parent": "carved_pumpkin",
	"textures": {
		"1": "lom:item/hats/fine_moustache"
	},
	"elements": [
		{
			"name": "block",
			"from": [6, 3, 2.5],
			"to": [7.5, 3.5, 4],
			"rotation": { "angle": 0, "axis": "y", "origin": [0, -23, 0] },
			"faces": {
				"north": { "uv": [11, 8, 13, 9], "texture": "#1" },
				"east": { "uv": [11, 9, 13, 10], "texture": "#1" },
				"south": { "uv": [0, 12, 2, 13], "texture": "#1" },
				"west": { "uv": [4, 12, 6, 13], "texture": "#1" },
				"up": { "uv": [11, 10, 9, 8], "texture": "#1" },
				"down": { "uv": [2, 10, 0, 12], "texture": "#1" }
			}
		},
		{
			"name": "block",
			"from": [5.75, 1.5, 2.525],
			"to": [6.5, 3.6, 4],
			"rotation": { "angle": -45, "axis": "z", "origin": [5.75, 3.25, 3.25] },
			"faces": {
				"north": { "uv": [6, 12, 7, 14], "texture": "#1" },
				"east": { "uv": [7, 12, 8, 14], "texture": "#1" },
				"south": { "uv": [8, 12, 9, 14], "texture": "#1" },
				"west": { "uv": [9, 12, 10, 14], "texture": "#1" },
				"up": { "uv": [15, 5, 14, 4], "texture": "#1" },
				"down": { "uv": [15, 5, 14, 6], "texture": "#1" }
			}
		},
		{
			"name": "block",
			"from": [8.2, -1.7, 2.6],
			"to": [8.95, 0.4, 4],
			"rotation": { "angle": 45, "axis": "z", "origin": [5.75, 3.25, 3.25] },
			"faces": {
				"north": { "uv": [10, 12, 11, 14], "texture": "#1" },
				"east": { "uv": [12, 10, 13, 12], "texture": "#1" },
				"south": { "uv": [11, 12, 12, 14], "texture": "#1" },
				"west": { "uv": [12, 12, 13, 14], "texture": "#1" },
				"up": { "uv": [7, 15, 6, 14], "texture": "#1" },
				"down": { "uv": [15, 6, 14, 7], "texture": "#1" }
			}
		},
		{
			"name": "block",
			"from": [5.75, 2.5, 2.5],
			"to": [10.25, 3, 4],
			"rotation": { "angle": 0, "axis": "y", "origin": [0, -23, 0] },
			"faces": {
				"north": { "uv": [9, 2, 14, 3], "texture": "#1" },
				"east": { "uv": [0, 13, 2, 14], "texture": "#1" },
				"south": { "uv": [9, 3, 14, 4], "texture": "#1" },
				"west": { "uv": [2, 13, 4, 14], "texture": "#1" },
				"up": { "uv": [5, 2, 0, 0], "texture": "#1" },
				"down": { "uv": [5, 2, 0, 4], "texture": "#1" }
			}
		},
		{
			"name": "block",
			"from": [5.5, 2, 2.5],
			"to": [10.5, 2.5, 4],
			"rotation": { "angle": 0, "axis": "y", "origin": [0, -23, 0] },
			"faces": {
				"north": { "uv": [9, 4, 14, 5], "texture": "#1" },
				"east": { "uv": [4, 13, 6, 14], "texture": "#1" },
				"south": { "uv": [9, 5, 14, 6], "texture": "#1" },
				"west": { "uv": [13, 8, 15, 9], "texture": "#1" },
				"up": { "uv": [5, 6, 0, 4], "texture": "#1" },
				"down": { "uv": [10, 0, 5, 2], "texture": "#1" }
			}
		},
		{
			"name": "block",
			"from": [8.5, 1.5, 2.5],
			"to": [12, 2, 4],
			"rotation": { "angle": 0, "axis": "y", "origin": [0, -23, 0] },
			"faces": {
				"north": { "uv": [10, 0, 14, 1], "texture": "#1" },
				"east": { "uv": [13, 9, 15, 10], "texture": "#1" },
				"south": { "uv": [10, 1, 14, 2], "texture": "#1" },
				"west": { "uv": [13, 10, 15, 11], "texture": "#1" },
				"up": { "uv": [9, 4, 5, 2], "texture": "#1" },
				"down": { "uv": [9, 4, 5, 6], "texture": "#1" }
			}
		},
		{
			"name": "block",
			"from": [8.75, 1, 2.5],
			"to": [11.5, 1.5, 4],
			"rotation": { "angle": 0, "axis": "y", "origin": [0, -23, 0] },
			"faces": {
				"north": { "uv": [4, 11, 7, 12], "texture": "#1" },
				"east": { "uv": [13, 11, 15, 12], "texture": "#1" },
				"south": { "uv": [11, 6, 14, 7], "texture": "#1" },
				"west": { "uv": [13, 12, 15, 13], "texture": "#1" },
				"up": { "uv": [3, 10, 0, 8], "texture": "#1" },
				"down": { "uv": [6, 8, 3, 10], "texture": "#1" }
			}
		},
		{
			"name": "block",
			"from": [7.35, 1.5, 2.525],
			"to": [8.725, 2.05, 4],
			"rotation": { "angle": -45, "axis": "z", "origin": [8.125, 1.25, 3.25] },
			"faces": {
				"north": { "uv": [7, 14, 8, 15], "texture": "#1" },
				"east": { "uv": [14, 7, 15, 8], "texture": "#1" },
				"south": { "uv": [8, 14, 9, 15], "texture": "#1" },
				"west": { "uv": [9, 14, 10, 15], "texture": "#1" },
				"up": { "uv": [11, 15, 10, 14], "texture": "#1" },
				"down": { "uv": [12, 14, 11, 15], "texture": "#1" }
			}
		},
		{
			"name": "block",
			"from": [7.35, 1.7, 2.525],
			"to": [8.725, 2.225, 4],
			"rotation": { "angle": 45, "axis": "z", "origin": [8.125, 1.25, 3.25] },
			"faces": {
				"north": { "uv": [12, 14, 13, 15], "texture": "#1" },
				"east": { "uv": [13, 14, 14, 15], "texture": "#1" },
				"south": { "uv": [14, 14, 15, 15], "texture": "#1" },
				"west": { "uv": [0, 15, 1, 16], "texture": "#1" },
				"up": { "uv": [2, 16, 1, 15], "texture": "#1" },
				"down": { "uv": [3, 15, 2, 16], "texture": "#1" }
			}
		},
		{
			"name": "block",
			"from": [11.3, 1.3, 2.55],
			"to": [12.55, 2.3, 4],
			"rotation": { "angle": 22.5, "axis": "z", "origin": [12.125, 1.5, 3.25] },
			"faces": {
				"north": { "uv": [3, 15, 4, 16], "texture": "#1" },
				"east": { "uv": [4, 15, 5, 16], "texture": "#1" },
				"south": { "uv": [15, 4, 16, 5], "texture": "#1" },
				"west": { "uv": [5, 15, 6, 16], "texture": "#1" },
				"up": { "uv": [16, 6, 15, 5], "texture": "#1" },
				"down": { "uv": [7, 15, 6, 16], "texture": "#1" }
			}
		},
		{
			"name": "block",
			"from": [4, 1.5, 2.5],
			"to": [7.5, 2, 4],
			"rotation": { "angle": 0, "axis": "y", "origin": [0, -23, 0] },
			"faces": {
				"north": { "uv": [2, 10, 6, 11], "texture": "#1" },
				"east": { "uv": [13, 13, 15, 14], "texture": "#1" },
				"south": { "uv": [6, 10, 10, 11], "texture": "#1" },
				"west": { "uv": [0, 14, 2, 15], "texture": "#1" },
				"up": { "uv": [4, 8, 0, 6], "texture": "#1" },
				"down": { "uv": [8, 6, 4, 8], "texture": "#1" }
			}
		},
		{
			"name": "block",
			"from": [4.25, 1, 2.5],
			"to": [7.25, 1.5, 4],
			"rotation": { "angle": 0, "axis": "y", "origin": [0, -23, 0] },
			"faces": {
				"north": { "uv": [7, 11, 10, 12], "texture": "#1" },
				"east": { "uv": [14, 0, 16, 1], "texture": "#1" },
				"south": { "uv": [11, 7, 14, 8], "texture": "#1" },
				"west": { "uv": [14, 1, 16, 2], "texture": "#1" },
				"up": { "uv": [9, 10, 6, 8], "texture": "#1" },
				"down": { "uv": [11, 6, 8, 8], "texture": "#1" }
			}
		},
		{
			"name": "block",
			"from": [3.25, 1.25, 2.55],
			"to": [4.5, 2.25, 4],
			"rotation": { "angle": -22.5, "axis": "z", "origin": [3.75, 1.5, 3.25] },
			"faces": {
				"north": { "uv": [15, 6, 16, 7], "texture": "#1" },
				"east": { "uv": [7, 15, 8, 16], "texture": "#1" },
				"south": { "uv": [15, 7, 16, 8], "texture": "#1" },
				"west": { "uv": [8, 15, 9, 16], "texture": "#1" },
				"up": { "uv": [16, 9, 15, 8], "texture": "#1" },
				"down": { "uv": [10, 15, 9, 16], "texture": "#1" }
			}
		},
		{
			"name": "block",
			"from": [8.5, 3, 2.5],
			"to": [10, 3.5, 4],
			"rotation": { "angle": 0, "axis": "y", "origin": [0, -23, 0] },
			"faces": {
				"north": { "uv": [2, 14, 4, 15], "texture": "#1" },
				"east": { "uv": [14, 2, 16, 3], "texture": "#1" },
				"south": { "uv": [14, 3, 16, 4], "texture": "#1" },
				"west": { "uv": [4, 14, 6, 15], "texture": "#1" },
				"up": { "uv": [12, 12, 10, 10], "texture": "#1" },
				"down": { "uv": [4, 11, 2, 13], "texture": "#1" }
			}
		}
	],
	"display": {
		"thirdperson_righthand": {
			"translation": [0, 5.5, 4.25]
		},
		"thirdperson_lefthand": {
			"translation": [-0.25, 4.25, 3.5]
		},
		"firstperson_righthand": {
			"translation": [2.75, 3.5, 0.75]
		},
		"firstperson_lefthand": {
			"translation": [0, 4, 1]
		},
		"ground": {
			"translation": [0, 4.25, 0]
		},
		"gui": {
			"translation": [0, 4.25, 0],
			"scale": [1.5, 1.5, 1]
		},
		"head": {
			"translation": [0, 0, -2.25]
		},
		"fixed": {
			"translation": [0, 6.75, 10],
			"scale": [2, 2, 2]
		}
	},
	"groups": [
		{
			"name": "group",
			"origin": [0, 0, 0],
			"color": 0,
			"children": [0, 1, 2, 3, 4, 5, 6, 7, 8, 9, 10, 11, 12, 13]
		}
	]
}
