{
	"credit": "Made with Blockbench",
	"textures": {
		"0": "block/barrel_side",
		"1": "block/barrel_top",
		"2": "block/barrel_bottom",
		"3": "item/leather",
		"particle": "block/barrel_side"
	},
	"elements": [
		{
			"from": [4, 8, 4],
			"to": [12, 16, 12],
			"faces": {
				"north": {"uv": [0, 0, 16, 16], "texture": "#0"},
				"east": {"uv": [0, 0, 16, 16], "texture": "#0"},
				"south": {"uv": [0, 0, 16, 16], "texture": "#0"},
				"west": {"uv": [0, 0, 16, 16], "texture": "#0"},
				"up": {"uv": [0, 0, 16, 16], "texture": "#1"},
				"down": {"uv": [0, 0, 16, 16], "texture": "#2"}
			}
		},
		{
			"from": [6.8, 0.9, 6],
			"to": [7, 5.9, 8],
			"rotation": {"angle": 22.5, "axis": "z", "origin": [0, 0, -1]},
			"faces": {
				"north": {"uv": [8, 10, 9, 11], "texture": "#3"},
				"east": {"uv": [8, 10, 9, 11], "texture": "#3"},
				"south": {"uv": [8, 10, 9, 11], "texture": "#3"},
				"west": {"uv": [8, 10, 9, 11], "texture": "#3"},
				"up": {"uv": [8, 10, 9, 11], "texture": "#3"},
				"down": {"uv": [8, 10, 9, 11], "texture": "#3"}
			}
		},
		{
			"from": [7.8, 7.02805, 6],
			"to": [8, 12.02805, 8],
			"rotation": {"angle": -22.5, "axis": "z", "origin": [0, 0.02805, -1]},
			"faces": {
				"north": {"uv": [8, 10, 9, 11], "texture": "#3"},
				"east": {"uv": [8, 10, 9, 11], "texture": "#3"},
				"south": {"uv": [8, 10, 9, 11], "texture": "#3"},
				"west": {"uv": [8, 10, 9, 11], "texture": "#3"},
				"up": {"uv": [8, 10, 9, 11], "texture": "#3"},
				"down": {"uv": [8, 10, 9, 11], "texture": "#3"}
			}
		},
		{
			"from": [5.93797, 3.43374, 6],
			"to": [10.06982, 3.63374, 8],
			"rotation": {"angle": 0, "axis": "z", "origin": [-0.06203, -0.36626, -1]},
			"faces": {
				"north": {"uv": [8, 10, 9, 11], "rotation": 90, "texture": "#3"},
				"east": {"uv": [8, 10, 9, 11], "rotation": 270, "texture": "#3"},
				"south": {"uv": [8, 10, 9, 11], "rotation": 270, "texture": "#3"},
				"west": {"uv": [8, 10, 9, 11], "rotation": 270, "texture": "#3"},
				"up": {"uv": [8, 10, 9, 11], "rotation": 270, "texture": "#3"},
				"down": {"uv": [8, 10, 9, 11], "rotation": 270, "texture": "#3"}
			}
		}
	],
	"gui_light": "front",
	"display": {
		"thirdperson_righthand": {
			"rotation": [-90, 0, 0],
			"translation": [0, -1, -3]
		},
		"thirdperson_lefthand": {
			"rotation": [-90, 0, 0],
			"translation": [0, -1, -3]
		},
		"firstperson_righthand": {
			"translation": [0, -4.75, 0]
		},
		"firstperson_lefthand": {
			"translation": [0, -4.75, 0]
		},
		"ground": {
			"rotation": [-180, 0, 0],
			"translation": [0, 5.25, 0]
		},
		"gui": {
			"rotation": [0, 0, 180],
			"translation": [0, 1.75, 0]
		},
		"head": {
			"translation": [0, 6.75, 0],
			"scale": [3, 3, 3]
		},
		"fixed": {
			"rotation": [0, 0, 180],
			"translation": [0, 2.5, 0]
		}
	}
}