{
	"credit": "Made with Blockbench",
	"textures": {
		"2": "lom:item/hats/chaintexture",
		"particle": "lom:item/hats/chaintexture",
		"cross": "lom:item/hats/hats_roamin1",
		"metal": "lom:item/hats/hats_roamin2"
	},
	"elements": [
		{
			"from": [7.2, 4, 13.9],
			"to": [8.8, 8.7, 14.6],
			"rotation": { "angle": 0, "axis": "y", "origin": [8, 5, 14] },
			"faces": {
				"north": { "uv": [3, 2, 5, 4], "texture": "#cross" },
				"east": { "uv": [3, 2, 5, 4], "texture": "#cross" },
				"south": { "uv": [0, 0, 2, 2], "texture": "#cross" },
				"west": { "uv": [3, 2, 5, 4], "texture": "#cross" },
				"up": { "uv": [3, 2, 5, 4], "texture": "#cross" },
				"down": { "uv": [3, 2, 5, 4], "texture": "#cross" }
			}
		},
		{
			"from": [4, 8, 13],
			"to": [12, 10, 14.5],
			"rotation": { "angle": 0, "axis": "y", "origin": [0, -3, 0] },
			"faces": {
				"north": { "uv": [3, 2, 5, 4], "texture": "#cross" },
				"east": { "uv": [3, 2, 5, 4], "texture": "#cross" },
				"south": { "uv": [0, 0, 2, 2], "texture": "#cross" },
				"west": { "uv": [3, 2, 5, 4], "texture": "#cross" },
				"up": { "uv": [3, 2, 5, 4], "texture": "#cross" },
				"down": { "uv": [3, 2, 5, 4], "texture": "#cross" }
			}
		},
		{
			"from": [5.58579, 9.58579, 13],
			"to": [7.58579, 12.58579, 14.7],
			"rotation": { "angle": 45, "axis": "z", "origin": [6.58579, 10.58579, 14] },
			"faces": {
				"north": { "uv": [3, 2, 5, 4], "texture": "#cross" },
				"east": { "uv": [3, 2, 5, 4], "texture": "#cross" },
				"south": { "uv": [0, 0, 2, 3], "texture": "#cross" },
				"west": { "uv": [3, 2, 5, 4], "texture": "#cross" },
				"up": { "uv": [0, 14, 2, 16], "rotation": 270, "texture": "#cross" },
				"down": { "uv": [3, 2, 5, 4], "texture": "#cross" }
			}
		},
		{
			"from": [8.41421, 7.58579, 13],
			"to": [10.41421, 10.58579, 14.7],
			"rotation": { "angle": -45, "axis": "z", "origin": [9.41421, 10.58579, 14] },
			"faces": {
				"north": { "uv": [3, 2, 5, 4], "texture": "#cross" },
				"east": { "uv": [3, 2, 5, 4], "texture": "#cross" },
				"south": { "uv": [0, 0, 2, 3], "rotation": 180, "texture": "#cross" },
				"west": { "uv": [3, 2, 5, 4], "texture": "#cross" },
				"up": { "uv": [3, 2, 5, 4], "texture": "#cross" },
				"down": { "uv": [3, 2, 5, 4], "texture": "#cross" }
			}
		},
		{
			"from": [9.41421, 9.58579, 13.7],
			"to": [11.41421, 12.58579, 14.7],
			"rotation": { "angle": 45, "axis": "z", "origin": [9.41421, 10.58579, 14] },
			"faces": {
				"north": { "uv": [3, 2, 5, 4], "texture": "#cross" },
				"east": { "uv": [0, 14, 2, 16], "texture": "#cross" },
				"south": { "uv": [0, 0, 2, 3], "rotation": 180, "texture": "#cross" },
				"west": { "uv": [3, 2, 5, 4], "texture": "#cross" },
				"up": { "uv": [3, 2, 5, 4], "texture": "#cross" },
				"down": { "uv": [3, 2, 5, 4], "texture": "#cross" }
			}
		},
		{
			"from": [6.70711, 12.70711, 13.7],
			"to": [9.70711, 14.70711, 14.7],
			"rotation": { "angle": 45, "axis": "z", "origin": [8.70711, 12.70711, 14] },
			"faces": {
				"north": { "uv": [3, 2, 5, 4], "rotation": 270, "texture": "#cross" },
				"east": { "uv": [0, 14, 2, 16], "rotation": 90, "texture": "#cross" },
				"south": { "uv": [0, 0, 2, 3], "rotation": 90, "texture": "#cross" },
				"west": { "uv": [3, 2, 5, 4], "rotation": 90, "texture": "#cross" },
				"up": { "uv": [0, 14, 2, 16], "rotation": 270, "texture": "#cross" },
				"down": { "uv": [3, 10, 5, 12], "rotation": 90, "texture": "#cross" }
			}
		},
		{
			"from": [1.5, 8, 1.4],
			"to": [4, 10, 14.5],
			"rotation": { "angle": 0, "axis": "y", "origin": [0, -1, 0] },
			"faces": {
				"north": { "uv": [0, 0, 2.5, 2], "texture": "#cross" },
				"east": { "uv": [0, 0, 13.1, 2], "texture": "#cross" },
				"south": { "uv": [0, 0, 2.5, 2], "texture": "#cross" },
				"west": { "uv": [0, 0, 13.1, 2], "texture": "#cross" },
				"up": { "uv": [0, 0, 2.5, 13.1], "texture": "#cross" },
				"down": { "uv": [0, 0, 2.5, 13.1], "texture": "#cross" }
			}
		},
		{
			"from": [4, 8, 1.4],
			"to": [12, 10, 4],
			"rotation": { "angle": 0, "axis": "y", "origin": [3, 9, 11] },
			"faces": {
				"north": { "uv": [0, 0, 8, 2], "texture": "#cross" },
				"east": { "uv": [0, 0, 2.6, 2], "texture": "#cross" },
				"south": { "uv": [0, 0, 8, 2], "texture": "#cross" },
				"west": { "uv": [0, 0, 2.6, 2], "texture": "#cross" },
				"up": { "uv": [0, 0, 2.6, 8], "rotation": 90, "texture": "#cross" },
				"down": { "uv": [0, 0, 2.6, 8], "rotation": 270, "texture": "#cross" }
			}
		},
		{
			"from": [12, 8, 1.4],
			"to": [14.5, 10, 14.5],
			"rotation": { "angle": 0, "axis": "y", "origin": [0, -1, 0] },
			"faces": {
				"north": { "uv": [0, 0, 2.5, 2], "texture": "#cross" },
				"east": { "uv": [0, 0, 13.1, 2], "texture": "#cross" },
				"south": { "uv": [0, 0, 2.5, 2], "texture": "#cross" },
				"west": { "uv": [0, 0, 13.1, 2], "texture": "#cross" },
				"up": { "uv": [0, 0, 2.5, 13.1], "texture": "#cross" },
				"down": { "uv": [0, 0, 2.5, 13.1], "texture": "#cross" }
			}
		},
		{
			"from": [2, 9.8, 2],
			"to": [14, 13, 14],
			"faces": {
				"north": { "uv": [0, 0, 12, 3.2], "texture": "#metal" },
				"east": { "uv": [0, 0, 12, 3.2], "texture": "#metal" },
				"south": { "uv": [0, 0, 12, 3.2], "texture": "#metal" },
				"west": { "uv": [0, 0, 12, 3.2], "texture": "#metal" },
				"up": { "uv": [0, 0, 12, 12], "texture": "#metal" },
				"down": { "uv": [0, 0, 12, 12], "texture": "#metal" }
			}
		},
		{
			"from": [2.3, 10, 2.2],
			"to": [13.8, 13.5, 13.7],
			"faces": {
				"north": { "uv": [0, 0, 11.5, 3.5], "texture": "#metal" },
				"east": { "uv": [0, 0, 11.5, 3.5], "texture": "#metal" },
				"south": { "uv": [0, 0, 11.5, 3.5], "texture": "#metal" },
				"west": { "uv": [0, 0, 11.5, 3.5], "texture": "#metal" },
				"up": { "uv": [0, 0, 11.5, 11.5], "texture": "#metal" },
				"down": { "uv": [0, 0, 11.5, 11.5], "texture": "#metal" }
			}
		},
		{
			"from": [7, 10, 1.4],
			"to": [9, 14, 13.7],
			"faces": {
				"north": { "uv": [0, 0, 2, 4], "texture": "#cross" },
				"east": { "uv": [0, 0, 12.3, 4], "texture": "#cross" },
				"south": { "uv": [0, 0, 2, 4], "texture": "#cross" },
				"west": { "uv": [0, 0, 12.3, 4], "texture": "#cross" },
				"up": { "uv": [0, 0, 2, 12.3], "texture": "#cross" },
				"down": { "uv": [0, 0, 2, 12.3], "texture": "#cross" }
			}
		},
		{
			"from": [13.5, 7, 2],
			"to": [14, 9, 11.4],
			"rotation": { "angle": 22.5, "axis": "z", "origin": [13.75, 8, 5.5] },
			"faces": {
				"north": { "uv": [0, 0, 0.5, 2], "texture": "#2" },
				"east": { "uv": [2.7, 0, 12.1, 2], "texture": "#2" },
				"south": { "uv": [0, 0, 0.5, 2], "texture": "#2" },
				"west": { "uv": [0, 0, 9.4, 2], "texture": "#2" },
				"up": { "uv": [0, 0, 0.5, 9.4], "texture": "#2" },
				"down": { "uv": [0, 0, 0.5, 9.4], "texture": "#2" }
			}
		},
		{
			"from": [2.15, 7, 1.95],
			"to": [13.9, 9, 2.45],
			"rotation": { "angle": 22.5, "axis": "x", "origin": [7.95, 8, 2.2] },
			"faces": {
				"north": { "uv": [1, 0, 12.75, 2], "texture": "#2" },
				"east": { "uv": [0, 0, 0.5, 2], "texture": "#2" },
				"south": { "uv": [0, 0, 11.75, 2], "texture": "#2" },
				"west": { "uv": [0, 0, 0.5, 2], "texture": "#2" },
				"up": { "uv": [0, 0, 0.5, 11.75], "rotation": 270, "texture": "#2" },
				"down": { "uv": [0, 0, 0.5, 11.75], "rotation": 90, "texture": "#2" }
			}
		},
		{
			"from": [2.15, 6.3, 1.55],
			"to": [13.9, 7.3, 1.95],
			"rotation": { "angle": 0, "axis": "y", "origin": [8, 8, 2.2] },
			"faces": {
				"north": { "uv": [1.1, 0, 12.85, 1], "texture": "#2" },
				"east": { "uv": [0, 0, 0.4, 1], "texture": "#2" },
				"south": { "uv": [0, 0, 11.75, 1], "texture": "#2" },
				"west": { "uv": [0, 0, 0.4, 1], "texture": "#2" },
				"up": { "uv": [0, 0, 0.4, 11.75], "rotation": 270, "texture": "#2" },
				"down": { "uv": [0, 0, 0.4, 11.75], "rotation": 90, "texture": "#2" }
			}
		},
		{
			"from": [2.15, 5.3, 1.75],
			"to": [13.9, 6.3, 2.15],
			"rotation": { "angle": 0, "axis": "y", "origin": [8, 8, 2.2] },
			"faces": {
				"north": { "uv": [0, 0, 11.75, 1], "texture": "#2" },
				"east": { "uv": [0, 0, 0.4, 1], "texture": "#2" },
				"south": { "uv": [0, 0, 11.75, 1], "texture": "#2" },
				"west": { "uv": [0, 0, 0.4, 1], "texture": "#2" },
				"up": { "uv": [0, 0, 0.4, 11.75], "rotation": 270, "texture": "#2" },
				"down": { "uv": [0, 0, 0.4, 11.75], "rotation": 90, "texture": "#2" }
			}
		},
		{
			"from": [2.15, 4.3, 1.45],
			"to": [13.9, 5.3, 1.95],
			"rotation": { "angle": 0, "axis": "y", "origin": [8, 8, 2.2] },
			"faces": {
				"north": { "uv": [1, 0, 12.75, 1], "texture": "#2" },
				"east": { "uv": [0, 0, 0.5, 1], "texture": "#2" },
				"south": { "uv": [0, 0, 11.75, 1], "texture": "#2" },
				"west": { "uv": [0, 0, 0.5, 1], "texture": "#2" },
				"up": { "uv": [0, 0, 0.5, 11.75], "rotation": 270, "texture": "#2" },
				"down": { "uv": [0, 0, 0.5, 11.75], "rotation": 90, "texture": "#2" }
			}
		},
		{
			"from": [2.15, 2.3, 1.45],
			"to": [13.9, 3.3, 1.95],
			"rotation": { "angle": 0, "axis": "y", "origin": [8, 8, 2.2] },
			"faces": {
				"north": { "uv": [1, 0, 12.75, 1], "texture": "#2" },
				"east": { "uv": [0, 0, 0.5, 1], "texture": "#2" },
				"south": { "uv": [0, 0, 11.75, 1], "texture": "#2" },
				"west": { "uv": [0, 0, 0.5, 1], "texture": "#2" },
				"up": { "uv": [0, 0, 0.5, 11.75], "rotation": 270, "texture": "#2" },
				"down": { "uv": [0, 0, 0.5, 11.75], "rotation": 90, "texture": "#2" }
			}
		},
		{
			"from": [2, 3.3, 1.75],
			"to": [13.9, 4.3, 2.15],
			"rotation": { "angle": 0, "axis": "y", "origin": [8, 8, 2.2] },
			"faces": {
				"north": { "uv": [0, 0, 11.9, 1], "texture": "#2" },
				"east": { "uv": [0, 0, 0.4, 1], "texture": "#2" },
				"south": { "uv": [0, 0, 11.9, 1], "texture": "#2" },
				"west": { "uv": [0, 0, 0.4, 1], "texture": "#2" },
				"up": { "uv": [0, 0, 0.4, 11.9], "rotation": 270, "texture": "#2" },
				"down": { "uv": [0, 0, 0.4, 11.9], "rotation": 90, "texture": "#2" }
			}
		},
		{
			"from": [2.1, 7, 2],
			"to": [2.6, 9, 11.4],
			"rotation": { "angle": -22.5, "axis": "z", "origin": [2.35, 8, 5.5] },
			"faces": {
				"north": { "uv": [0, 0, 0.5, 2], "texture": "#2" },
				"east": { "uv": [0, 0, 9.4, 2], "texture": "#2" },
				"south": { "uv": [0, 0, 0.5, 2], "texture": "#2" },
				"west": { "uv": [2, 0, 11.4, 2], "texture": "#2" },
				"up": { "uv": [0, 0, 0.5, 9.4], "texture": "#2" },
				"down": { "uv": [0, 0, 0.5, 9.4], "texture": "#2" }
			}
		},
		{
			"from": [13.9, 6.3, 2],
			"to": [14.4, 7.3, 11.4],
			"rotation": { "angle": 0, "axis": "y", "origin": [13.75, 6.5, 5.5] },
			"faces": {
				"north": { "uv": [0, 0, 0.5, 1], "texture": "#2" },
				"east": { "uv": [2.7, 0, 12.1, 1], "texture": "#2" },
				"south": { "uv": [0, 0, 0.5, 1], "texture": "#2" },
				"west": { "uv": [0, 0, 9.4, 1], "texture": "#2" },
				"up": { "uv": [0, 0, 0.5, 9.4], "texture": "#2" },
				"down": { "uv": [0, 0, 0.5, 9.4], "texture": "#2" }
			}
		},
		{
			"from": [13.9, 4.3, 2],
			"to": [14.4, 5.3, 10.5],
			"rotation": { "angle": 0, "axis": "y", "origin": [13.75, 6.5, 5.5] },
			"faces": {
				"north": { "uv": [0, 0, 0.5, 1], "texture": "#2" },
				"east": { "uv": [3.5, 0, 12, 1], "texture": "#2" },
				"south": { "uv": [0, 0, 0.5, 1], "texture": "#2" },
				"west": { "uv": [0, 0, 8.5, 1], "texture": "#2" },
				"up": { "uv": [0, 0, 0.5, 8.5], "texture": "#2" },
				"down": { "uv": [0, 0, 0.5, 8.5], "texture": "#2" }
			}
		},
		{
			"from": [13.9, 2.3, 2],
			"to": [14.4, 3.3, 10],
			"rotation": { "angle": 0, "axis": "y", "origin": [13.75, 6.5, 5.5] },
			"faces": {
				"north": { "uv": [0, 0, 0.5, 1], "texture": "#2" },
				"east": { "uv": [0, 0, 8, 1], "texture": "#2" },
				"south": { "uv": [0, 0, 0.5, 1], "texture": "#2" },
				"west": { "uv": [0, 0, 8, 1], "texture": "#2" },
				"up": { "uv": [0, 0, 0.5, 8], "texture": "#2" },
				"down": { "uv": [0, 0, 0.5, 8], "texture": "#2" }
			}
		},
		{
			"from": [13.7, 5.3, 2],
			"to": [14.2, 6.3, 10.5],
			"rotation": { "angle": 0, "axis": "y", "origin": [14.15, 6.8, 5.5] },
			"faces": {
				"north": { "uv": [0, 0, 0.5, 1], "texture": "#2" },
				"east": { "uv": [2.5, 0, 11, 1], "texture": "#2" },
				"south": { "uv": [0, 0, 0.5, 1], "texture": "#2" },
				"west": { "uv": [0, 0, 8.5, 1], "texture": "#2" },
				"up": { "uv": [0, 0, 0.5, 8.5], "texture": "#2" },
				"down": { "uv": [0, 0, 0.5, 8.5], "texture": "#2" }
			}
		},
		{
			"from": [1.65, 4.3, 2],
			"to": [2.15, 5.3, 10.5],
			"rotation": { "angle": 0, "axis": "y", "origin": [13.75, 6.5, 5.5] },
			"faces": {
				"north": { "uv": [0, 0, 0.5, 1], "texture": "#2" },
				"east": { "uv": [0, 0, 8.5, 1], "texture": "#2" },
				"south": { "uv": [0, 0, 0.5, 1], "texture": "#2" },
				"west": { "uv": [2, 0, 10.5, 1], "texture": "#2" },
				"up": { "uv": [0, 0, 0.5, 8.5], "texture": "#2" },
				"down": { "uv": [0, 0, 0.5, 8.5], "texture": "#2" }
			}
		},
		{
			"from": [1.65, 2.3, 2],
			"to": [2.15, 3.3, 10],
			"rotation": { "angle": 0, "axis": "y", "origin": [13.75, 6.5, 5.5] },
			"faces": {
				"north": { "uv": [0, 0, 0.5, 1], "texture": "#2" },
				"east": { "uv": [0, 0, 8, 1], "texture": "#2" },
				"south": { "uv": [0, 0, 0.5, 1], "texture": "#2" },
				"west": { "uv": [0, 0, 8, 1], "texture": "#2" },
				"up": { "uv": [0, 0, 0.5, 8], "texture": "#2" },
				"down": { "uv": [0, 0, 0.5, 8], "texture": "#2" }
			}
		},
		{
			"from": [1.85, 5.3, 2],
			"to": [2.35, 6.3, 10.5],
			"rotation": { "angle": 0, "axis": "y", "origin": [14.15, 6.8, 5.5] },
			"faces": {
				"north": { "uv": [0, 0, 0.5, 1], "texture": "#2" },
				"east": { "uv": [0, 0, 8.5, 1], "texture": "#2" },
				"south": { "uv": [0, 0, 0.5, 1], "texture": "#2" },
				"west": { "uv": [3, 0, 11.5, 1], "texture": "#2" },
				"up": { "uv": [0, 0, 0.5, 8.5], "texture": "#2" },
				"down": { "uv": [0, 0, 0.5, 8.5], "texture": "#2" }
			}
		},
		{
			"from": [13.7, 3.3, 2],
			"to": [14.2, 4.3, 10],
			"rotation": { "angle": 0, "axis": "y", "origin": [14.15, 6.8, 5.5] },
			"faces": {
				"north": { "uv": [0, 0, 0.5, 1], "texture": "#2" },
				"east": { "uv": [1, 0, 9, 1], "texture": "#2" },
				"south": { "uv": [0, 0, 0.5, 1], "texture": "#2" },
				"west": { "uv": [0, 0, 8, 1], "texture": "#2" },
				"up": { "uv": [0, 0, 0.5, 8], "texture": "#2" },
				"down": { "uv": [0, 0, 0.5, 8], "texture": "#2" }
			}
		},
		{
			"from": [1.65, 6.3, 2],
			"to": [2.15, 7.3, 11.4],
			"rotation": { "angle": 0, "axis": "y", "origin": [13.75, 6.5, 5.5] },
			"faces": {
				"north": { "uv": [0, 0, 0.5, 1], "texture": "#2" },
				"east": { "uv": [0, 0, 9.4, 1], "texture": "#2" },
				"south": { "uv": [0, 0, 0.5, 1], "texture": "#2" },
				"west": { "uv": [2, 0, 11.4, 1], "texture": "#2" },
				"up": { "uv": [0, 0, 0.5, 9.4], "texture": "#2" },
				"down": { "uv": [0, 0, 0.5, 9.4], "texture": "#2" }
			}
		},
		{
			"from": [1.85, 3.3, 2],
			"to": [2.35, 4.3, 10],
			"rotation": { "angle": 0, "axis": "y", "origin": [14.15, 6.8, 5.5] },
			"faces": {
				"north": { "uv": [0, 0, 0.5, 1], "texture": "#2" },
				"east": { "uv": [0, 0, 8, 1], "texture": "#2" },
				"south": { "uv": [0, 0, 0.5, 1], "texture": "#2" },
				"west": { "uv": [1, 0, 9, 1], "texture": "#2" },
				"up": { "uv": [0, 0, 0.5, 8], "texture": "#2" },
				"down": { "uv": [0, 0, 0.5, 8], "texture": "#2" }
			}
		},
		{
			"from": [1.85, 2.3, 1.7],
			"to": [2.15, 8, 2],
			"faces": {
				"north": { "uv": [0, 0, 0.3, 5.7], "texture": "#2" },
				"east": { "uv": [0, 0, 0.3, 5.7], "texture": "#2" },
				"south": { "uv": [0, 0, 0.3, 5.7], "texture": "#2" },
				"west": { "uv": [0, 0, 0.3, 5.7], "texture": "#2" },
				"up": { "uv": [0, 0, 0.3, 0.3], "texture": "#2" },
				"down": { "uv": [0, 0, 0.3, 0.3], "texture": "#2" }
			}
		},
		{
			"from": [13.9, 2.3, 1.7],
			"to": [14.2, 8, 2],
			"faces": {
				"north": { "uv": [0, 0, 0.3, 5.7], "texture": "#2" },
				"east": { "uv": [0, 0, 0.3, 5.7], "texture": "#2" },
				"south": { "uv": [0, 0, 0.3, 5.7], "texture": "#2" },
				"west": { "uv": [0, 0, 0.3, 5.7], "texture": "#2" },
				"up": { "uv": [0, 0, 0.3, 0.3], "texture": "#2" },
				"down": { "uv": [0, 0, 0.3, 0.3], "texture": "#2" }
			}
		}
	],
	"display": {
		"thirdperson_righthand": {
			"rotation": [-90, 0, 0],
			"translation": [0, -2.5, 0.75],
			"scale": [0.6, 0.6, 0.6]
		},
		"thirdperson_lefthand": {
			"rotation": [-90, 0, 0],
			"translation": [0, -2.5, 0.75],
			"scale": [0.6, 0.6, 0.6]
		},
		"firstperson_righthand": {
			"rotation": [0, 180, 0],
			"scale": [0.6, 0.6, 0.6]
		},
		"firstperson_lefthand": {
			"rotation": [0, 180, 0],
			"scale": [0.6, 0.6, 0.6]
		},
		"ground": {
			"scale": [0.6, 0.6, 0.6]
		},
		"gui": {
			"rotation": [15, -23, 0],
			"scale": [0.88, 0.88, 0.88]
		},
		"head": {
			"rotation": [0, 180, 0],
			"translation": [0, 0.5, 0],
			"scale": [1.3, 1.3, 1.3]
		},
		"fixed": {
			"rotation": [0, 180, 0],
			"translation": [0, 0, 2.5]
		}
	},
	"groups": [
		{
			"name": "New Hat",
			"origin": [8, 8, 8],
			"color": 0,
			"children": [
				{
					"name": "Anhk",
					"origin": [8, 8, 8],
					"color": 0,
					"children": [0, 1, 2, 3, 4, 5]
				},
				{
					"name": "Hat",
					"origin": [0, 0, 0],
					"color": 0,
					"children": [6, 7, 8, 9, 10, 11]
				},
				{
					"name": "Skirt",
					"origin": [8, 8, 8],
					"color": 0,
					"children": [12, 13, 14, 15, 16, 17, 18, 19, 20, 21, 22, 23, 24, 25, 26, 27, 28, 29, 30, 31]
				}
			]
		}
	]
}
