{
	"credit": "Made with Blockbench",
	"texture_size": [32, 32],
	"textures": {
		"2": "lom:item/hats/knight/texture_hat_red",
		"particle": "lom:item/hats/knight/texture_hat_red"
	},
	"elements": [
		{
			"name": "Rim",
			"from": [0, 0, -1],
			"to": [16, 2, 16],
			"faces": {
				"north": { "uv": [0, 6.5, 8, 7.5], "texture": "#2" },
				"east": { "uv": [0, 6.5, 8.5, 7.5], "texture": "#2" },
				"south": { "uv": [0, 6.5, 8, 7.5], "texture": "#2" },
				"west": { "uv": [0, 6.5, 8.5, 7.5], "texture": "#2" },
				"up": { "uv": [8, 16, 0, 7.5], "texture": "#2" },
				"down": { "uv": [16, 7.5, 8, 16], "texture": "#2" }
			}
		},
		{
			"name": "front",
			"from": [3, -0.5, 0.5],
			"to": [13, 1.375, 10],
			"rotation": { "angle": -45, "axis": "x", "origin": [0, 0, 0] },
			"faces": {
				"north": { "uv": [0, 0, 5, 0.9375], "texture": "#missing" },
				"east": { "uv": [0, 0, 5, 1], "texture": "#missing" },
				"south": { "uv": [0, 0, 5, 0.9375], "texture": "#missing" },
				"west": { "uv": [0, 0, 5, 1], "texture": "#missing" },
				"up": { "uv": [0, 0, 5, 4.75], "texture": "#2" },
				"down": { "uv": [1, 8.5, 1.5, 9.75], "texture": "#missing" }
			}
		},
		{
			"name": "back",
			"from": [3, 10, -1.375],
			"to": [13, 11.975, 9.75],
			"rotation": { "angle": 45, "axis": "x", "origin": [0, 0, 0] },
			"faces": {
				"north": { "uv": [5, 5, 0, 5.9875], "texture": "#2" },
				"east": { "uv": [2, 2.5, 7.5, 1.5], "texture": "#2" },
				"south": { "uv": [0, 0, 0, 0], "texture": "#2" },
				"west": { "uv": [1.5, 0, 0, 0], "texture": "#2" },
				"up": { "uv": [10, 5.5625, 5, 0], "texture": "#2" },
				"down": { "uv": [0.5, 2.0625, 0, 0], "texture": "#2" }
			}
		},
		{
			"name": "Feather",
			"from": [1.75, 3, 6],
			"to": [1.75, 12, 7],
			"rotation": { "angle": 22.5, "axis": "x", "origin": [0, 0, 0] },
			"faces": {
				"north": { "uv": [0, 0, 1, 6], "texture": "#missing" },
				"east": { "uv": [11.5, 0, 16, 0.5], "rotation": 90, "texture": "#2" },
				"south": { "uv": [4, 0, 5, 6], "texture": "#missing" },
				"west": { "uv": [11.5, 0, 16, 0.5], "rotation": 90, "texture": "#2" },
				"up": { "uv": [9, 1, 8, 0], "texture": "#missing" },
				"down": { "uv": [9, 2, 8, 3], "texture": "#missing" }
			}
		},
		{
			"name": "Feather",
			"from": [1.75, 4, 7],
			"to": [1.75, 13, 8],
			"rotation": { "angle": 22.5, "axis": "x", "origin": [0, 0, 0] },
			"faces": {
				"north": { "uv": [0, 0, 1, 6], "texture": "#missing" },
				"east": { "uv": [11.5, 0, 16, 0.5], "rotation": 90, "texture": "#2" },
				"south": { "uv": [4, 0, 5, 6], "texture": "#missing" },
				"west": { "uv": [11.5, 0, 16, 0.5], "rotation": 90, "texture": "#2" },
				"up": { "uv": [9, 1, 8, 0], "texture": "#missing" },
				"down": { "uv": [9, 2, 8, 3], "texture": "#missing" }
			}
		},
		{
			"from": [2, -0.95, 1.25],
			"to": [3, 1.375, 11.975],
			"rotation": { "angle": -45, "axis": "x", "origin": [0, 0, 0] },
			"faces": {
				"north": { "uv": [0, 0, 0.5, 1.1625], "texture": "#2" },
				"east": { "uv": [0, 0.5, 5.5, 1.5], "texture": "#2" },
				"south": { "uv": [10, 2, 10.5, 3.1625], "texture": "#2" },
				"west": { "uv": [10.5, 6.5, 16, 7.5], "texture": "#2" },
				"up": { "uv": [10, 2, 10.5, 7.3625], "texture": "#2" },
				"down": { "uv": [0, 0, 0.5, 5.3625], "texture": "#2" }
			}
		},
		{
			"from": [2, -3.25, 3.575],
			"to": [3, -0.925, 11.975],
			"rotation": { "angle": -45, "axis": "x", "origin": [0, 0, 0] },
			"faces": {
				"north": { "uv": [0, 0, 0.5, 1.1625], "texture": "#2" },
				"east": { "uv": [0, 0.5, 4, 1.5], "texture": "#2" },
				"south": { "uv": [0, 0, 0.5, 1.1625], "texture": "#2" },
				"west": { "uv": [12, 5.5, 16, 6.5], "texture": "#2" },
				"up": { "uv": [0, 0, 0.5, 4.2], "texture": "#2" },
				"down": { "uv": [0, 0, 0.5, 4.2], "texture": "#2" }
			}
		},
		{
			"from": [2, -5.55, 6],
			"to": [3, -3.225, 11.975],
			"rotation": { "angle": -45, "axis": "x", "origin": [0, 0, 0] },
			"faces": {
				"north": { "uv": [0, 0, 0.5, 1.1625], "texture": "#2" },
				"east": { "uv": [0, 0, 3, 1], "texture": "#2" },
				"south": { "uv": [10, 2, 10.5, 3.1625], "texture": "#2" },
				"west": { "uv": [13, 4.5, 16, 5.5], "texture": "#2" },
				"up": { "uv": [0, 0, 0.5, 2.9875], "texture": "#2" },
				"down": { "uv": [0, 0, 0.5, 2.9875], "texture": "#2" }
			}
		},
		{
			"from": [2, -7.85, 8.2],
			"to": [3, -5.525, 11.975],
			"rotation": { "angle": -45, "axis": "x", "origin": [0, 0, 0] },
			"faces": {
				"north": { "uv": [0, 0, 0.5, 1.1625], "texture": "#2" },
				"east": { "uv": [0, 0, 2, 1], "texture": "#2" },
				"south": { "uv": [10, 5.5, 10.5, 6.6625], "texture": "#2" },
				"west": { "uv": [14, 3.5, 16, 4.5], "texture": "#2" },
				"up": { "uv": [0, 0, 0.5, 1.8875], "texture": "#2" },
				"down": { "uv": [0, 0, 0.5, 1.8875], "texture": "#2" }
			}
		},
		{
			"from": [2, -10.125, 10.6],
			"to": [3, -7.825, 11.975],
			"rotation": { "angle": -45, "axis": "x", "origin": [0, 0, 0] },
			"faces": {
				"north": { "uv": [0, 0, 0.5, 1.15], "texture": "#2" },
				"east": { "uv": [0, 0, 0.5, 1], "texture": "#2" },
				"south": { "uv": [10, 6.5, 10.5, 7.65], "texture": "#2" },
				"west": { "uv": [15.5, 2.5, 16, 3.5], "texture": "#2" },
				"up": { "uv": [0, 0, 0.5, 0.6875], "texture": "#2" },
				"down": { "uv": [0, 0, 0.5, 0.6875], "texture": "#2" }
			}
		},
		{
			"from": [13, -0.95, 1.25],
			"to": [14, 1.375, 11.975],
			"rotation": { "angle": -45, "axis": "x", "origin": [0, 0, 0] },
			"faces": {
				"north": { "uv": [1, 2, 1.5, 3.1625], "texture": "#2" },
				"east": { "uv": [10.5, 1.5, 16, 2.5], "texture": "#2" },
				"south": { "uv": [10, 2, 10.5, 3.1625], "texture": "#2" },
				"west": { "uv": [0, 1.5, 1.5, 0], "texture": "#2" },
				"up": { "uv": [10.5, 7.3625, 10, 2], "texture": "#2" },
				"down": { "uv": [0.5, 0, 0, 5.3625], "texture": "#2" }
			}
		},
		{
			"from": [13, -3.25, 3.575],
			"to": [14, -0.925, 11.975],
			"rotation": { "angle": -45, "axis": "x", "origin": [0, 0, 0] },
			"faces": {
				"north": { "uv": [4.75, 1.5, 5.25, 2.6625], "texture": "#2" },
				"east": { "uv": [10.5, 2.5, 14.5, 3.5], "texture": "#2" },
				"south": { "uv": [10.5, 3, 10, 4], "texture": "#2" },
				"west": { "uv": [0, 0, 4, 1], "texture": "#2" },
				"up": { "uv": [0, 0, 0.5, 4.2], "texture": "#2" },
				"down": { "uv": [0.75, 3.75, 0, 3.95], "texture": "#2" }
			}
		},
		{
			"from": [13, -5.55, 6],
			"to": [14, -3.225, 11.975],
			"rotation": { "angle": -45, "axis": "x", "origin": [0, 0, 0] },
			"faces": {
				"north": { "uv": [1.5, 0.5, 2, 1.5], "texture": "#2" },
				"east": { "uv": [10.5, 3.5, 13.5, 4.5], "texture": "#2" },
				"south": { "uv": [10, 4, 10.5, 5], "texture": "#2" },
				"west": { "uv": [0, 0, 3, 1], "texture": "#2" },
				"up": { "uv": [2, 0.5, 2.5, 3.5], "texture": "#2" },
				"down": { "uv": [2.5, 0.5, 3, 3.5], "texture": "#2" }
			}
		},
		{
			"from": [13, -7.85, 8.2],
			"to": [14, -5.525, 11.975],
			"rotation": { "angle": -45, "axis": "x", "origin": [0, 0, 0] },
			"faces": {
				"north": { "uv": [0, 0, 0.5, 1.1625], "texture": "#2" },
				"east": { "uv": [10.5, 4.5, 12.5, 5.5], "texture": "#2" },
				"south": { "uv": [10, 5, 10.5, 6.1625], "texture": "#2" },
				"west": { "uv": [0, 0, 2, 1], "texture": "#2" },
				"up": { "uv": [0, 0, 0.5, 1.8875], "texture": "#2" },
				"down": { "uv": [0, 0, 0.5, 1.8875], "texture": "#2" }
			}
		},
		{
			"from": [13, -10.125, 10.6],
			"to": [14, -7.825, 11.975],
			"rotation": { "angle": -45, "axis": "x", "origin": [0, 0, 0] },
			"faces": {
				"north": { "uv": [0, 0, 0.5, 1.15], "texture": "#2" },
				"east": { "uv": [10.5, 5.5, 11, 6.5], "texture": "#2" },
				"south": { "uv": [10, 6, 10.5, 7.15], "texture": "#2" },
				"west": { "uv": [0, 0, 0.5, 1], "texture": "#2" },
				"up": { "uv": [0, 0, 0.5, 0.6875], "texture": "#2" },
				"down": { "uv": [0, 0, 0.5, 0.6875], "texture": "#2" }
			}
		}
	],
	"display": {
		"thirdperson_righthand": {
			"rotation": [117.25, 0, 0],
			"translation": [0.25, -1.25, 1.25],
			"scale": [0.35, 0.35, 0.36]
		},
		"thirdperson_lefthand": {
			"rotation": [112.25, 0, 0],
			"translation": [0.5, 0, 1.5],
			"scale": [0.35, 0.35, 0.35]
		},
		"firstperson_righthand": {
			"rotation": [39.5, 0, 0],
			"translation": [2.5, 1.25, -1.75],
			"scale": [0.55, 0.55, 0.55]
		},
		"firstperson_lefthand": {
			"rotation": [39, 0, 0],
			"translation": [1.75, 2.25, -1.5],
			"scale": [0.56, 0.56, 0.56]
		},
		"ground": {
			"rotation": [45, 0, 0],
			"translation": [0, 5.25, 4.25]
		},
		"gui": {
			"rotation": [-28, -36, -26],
			"translation": [1.5, 4.75, -6.5],
			"scale": [0.78, 0.78, 0.78]
		},
		"head": {
			"rotation": [27.25, 0, 0],
			"translation": [-0.25, 9.5, 5],
			"scale": [1.27539, 1.32227, 1.32227]
		},
		"fixed": {
			"rotation": [42.5, 0, 0],
			"translation": [0, 5.25, 0]
		}
	},
	"groups": [
		0,
		1,
		2,
		3,
		4,
		{
			"name": "triangle side",
			"origin": [8, 8, 8],
			"color": 0,
			"children": [5, 6, 7, 8, 9]
		},
		{
			"name": "triangle side",
			"origin": [8, 8, 8],
			"color": 0,
			"children": [10, 11, 12, 13, 14]
		}
	]
}
