{
	"__comment": "Designed by Manifusion with Cubik Studio - https://cubik.studio",
	"textures": {
		"TEX_Mama_Hat": "lom:item/hats/tex_mama_hat5"
	},
	"elements": [
		{
			"from": [0, 15, -1],
			"to": [1, 17, 0],
			"faces": {
				"down": { "uv": [12.96, 4.96, 15.04, 7.04], "texture": "#TEX_Mama_Hat" },
				"up": { "uv": [12.96, 4.96, 15.04, 7.04], "texture": "#TEX_Mama_Hat" },
				"north": { "uv": [12.96, 4.96, 15.04, 7.04], "texture": "#TEX_Mama_Hat" },
				"south": { "uv": [12.96, 4.96, 15.04, 7.04], "texture": "#TEX_Mama_Hat" },
				"west": { "uv": [12.96, 4.96, 15.04, 7.04], "texture": "#TEX_Mama_Hat" },
				"east": { "uv": [12.96, 4.96, 15.04, 7.04], "texture": "#TEX_Mama_Hat" }
			}
		},
		{
			"from": [1, 14, -1],
			"to": [3, 15, 0],
			"faces": {
				"down": { "uv": [12.96, 4.96, 15.04, 7.04], "texture": "#TEX_Mama_Hat" },
				"up": { "uv": [12.96, 4.96, 15.04, 7.04], "texture": "#TEX_Mama_Hat" },
				"north": { "uv": [12.96, 4.96, 15.04, 7.04], "texture": "#TEX_Mama_Hat" },
				"south": { "uv": [12.96, 4.96, 15.04, 7.04], "texture": "#TEX_Mama_Hat" },
				"west": { "uv": [12.96, 4.96, 15.04, 7.04], "texture": "#TEX_Mama_Hat" },
				"east": { "uv": [12.96, 4.96, 15.04, 7.04], "texture": "#TEX_Mama_Hat" }
			}
		},
		{
			"from": [1, 14, 0],
			"to": [3, 16, 1],
			"faces": {
				"down": { "uv": [0.96, 8.96, 3.04, 11.04], "texture": "#TEX_Mama_Hat" },
				"up": { "uv": [0.96, 8.96, 3.04, 11.04], "texture": "#TEX_Mama_Hat" },
				"north": { "uv": [0.96, 8.96, 3.04, 11.04], "texture": "#TEX_Mama_Hat" },
				"south": { "uv": [0.96, 8.96, 3.04, 11.04], "texture": "#TEX_Mama_Hat" },
				"west": { "uv": [0.96, 8.96, 3.04, 11.04], "texture": "#TEX_Mama_Hat" },
				"east": { "uv": [0.96, 8.96, 3.04, 11.04], "texture": "#TEX_Mama_Hat" }
			}
		},
		{
			"from": [1, 15, -1],
			"to": [3, 17, 0],
			"faces": {
				"down": { "uv": [4.96, 8.96, 7.04, 11.04], "texture": "#TEX_Mama_Hat" },
				"up": { "uv": [4.96, 8.96, 7.04, 11.04], "texture": "#TEX_Mama_Hat" },
				"north": { "uv": [4.96, 8.96, 7.04, 11.04], "texture": "#TEX_Mama_Hat" },
				"south": { "uv": [4.96, 8.96, 7.04, 11.04], "texture": "#TEX_Mama_Hat" },
				"west": { "uv": [4.96, 8.96, 7.04, 11.04], "texture": "#TEX_Mama_Hat" },
				"east": { "uv": [4.96, 8.96, 7.04, 11.04], "texture": "#TEX_Mama_Hat" }
			}
		},
		{
			"from": [1, 15, 1],
			"to": [3, 16, 3],
			"faces": {
				"down": { "uv": [0.96, 8.96, 3.04, 11.04], "texture": "#TEX_Mama_Hat" },
				"up": { "uv": [0.96, 8.96, 3.04, 11.04], "texture": "#TEX_Mama_Hat" },
				"north": { "uv": [0.96, 8.96, 3.04, 11.04], "texture": "#TEX_Mama_Hat" },
				"south": { "uv": [0.96, 8.96, 3.04, 11.04], "texture": "#TEX_Mama_Hat" },
				"west": { "uv": [0.96, 8.96, 3.04, 11.04], "texture": "#TEX_Mama_Hat" },
				"east": { "uv": [0.96, 8.96, 3.04, 11.04], "texture": "#TEX_Mama_Hat" }
			}
		},
		{
			"from": [1, 17, -1],
			"to": [3, 18, 0],
			"faces": {
				"down": { "uv": [12.96, 4.96, 15.04, 7.04], "texture": "#TEX_Mama_Hat" },
				"up": { "uv": [12.96, 4.96, 15.04, 7.04], "texture": "#TEX_Mama_Hat" },
				"north": { "uv": [12.96, 4.96, 15.04, 7.04], "texture": "#TEX_Mama_Hat" },
				"south": { "uv": [12.96, 4.96, 15.04, 7.04], "texture": "#TEX_Mama_Hat" },
				"west": { "uv": [12.96, 4.96, 15.04, 7.04], "texture": "#TEX_Mama_Hat" },
				"east": { "uv": [12.96, 4.96, 15.04, 7.04], "texture": "#TEX_Mama_Hat" }
			}
		},
		{
			"from": [2, 15, 3],
			"to": [3, 16, 6],
			"faces": {
				"down": { "uv": [0.96, 8.96, 3.04, 11.04], "texture": "#TEX_Mama_Hat" },
				"up": { "uv": [0.96, 8.96, 3.04, 11.04], "texture": "#TEX_Mama_Hat" },
				"north": { "uv": [0.96, 8.96, 3.04, 11.04], "texture": "#TEX_Mama_Hat" },
				"south": { "uv": [0.96, 8.96, 3.04, 11.04], "texture": "#TEX_Mama_Hat" },
				"west": { "uv": [0.96, 8.96, 3.04, 11.04], "texture": "#TEX_Mama_Hat" },
				"east": { "uv": [0.96, 8.96, 3.04, 11.04], "texture": "#TEX_Mama_Hat" }
			}
		},
		{
			"from": [3, 15, -2],
			"to": [4, 17, 0],
			"faces": {
				"down": { "uv": [12.96, 4.96, 15.04, 7.04], "texture": "#TEX_Mama_Hat" },
				"up": { "uv": [12.96, 4.96, 15.04, 7.04], "texture": "#TEX_Mama_Hat" },
				"north": { "uv": [12.96, 4.96, 15.04, 7.04], "texture": "#TEX_Mama_Hat" },
				"south": { "uv": [12.96, 4.96, 15.04, 7.04], "texture": "#TEX_Mama_Hat" },
				"west": { "uv": [12.96, 4.96, 15.04, 7.04], "texture": "#TEX_Mama_Hat" },
				"east": { "uv": [12.96, 4.96, 15.04, 7.04], "texture": "#TEX_Mama_Hat" }
			}
		},
		{
			"from": [4, 14, -2],
			"to": [6, 15, -1],
			"faces": {
				"down": { "uv": [12.96, 4.96, 15.04, 7.04], "texture": "#TEX_Mama_Hat" },
				"up": { "uv": [12.96, 4.96, 15.04, 7.04], "texture": "#TEX_Mama_Hat" },
				"north": { "uv": [12.96, 4.96, 15.04, 7.04], "texture": "#TEX_Mama_Hat" },
				"south": { "uv": [12.96, 4.96, 15.04, 7.04], "texture": "#TEX_Mama_Hat" },
				"west": { "uv": [12.96, 4.96, 15.04, 7.04], "texture": "#TEX_Mama_Hat" },
				"east": { "uv": [12.96, 4.96, 15.04, 7.04], "texture": "#TEX_Mama_Hat" }
			}
		},
		{
			"from": [4, 14, -1],
			"to": [6, 16, 1],
			"faces": {
				"down": { "uv": [0.96, 8.96, 3.04, 11.04], "texture": "#TEX_Mama_Hat" },
				"up": { "uv": [0.96, 8.96, 3.04, 11.04], "texture": "#TEX_Mama_Hat" },
				"north": { "uv": [0.96, 8.96, 3.04, 11.04], "texture": "#TEX_Mama_Hat" },
				"south": { "uv": [0.96, 8.96, 3.04, 11.04], "texture": "#TEX_Mama_Hat" },
				"west": { "uv": [0.96, 8.96, 3.04, 11.04], "texture": "#TEX_Mama_Hat" },
				"east": { "uv": [0.96, 8.96, 3.04, 11.04], "texture": "#TEX_Mama_Hat" }
			}
		},
		{
			"from": [4, 15, -2],
			"to": [5, 17, -1],
			"faces": {
				"down": { "uv": [4.96, 8.96, 7.04, 11.04], "texture": "#TEX_Mama_Hat" },
				"up": { "uv": [4.96, 8.96, 7.04, 11.04], "texture": "#TEX_Mama_Hat" },
				"north": { "uv": [4.96, 8.96, 7.04, 11.04], "texture": "#TEX_Mama_Hat" },
				"south": { "uv": [4.96, 8.96, 7.04, 11.04], "texture": "#TEX_Mama_Hat" },
				"west": { "uv": [4.96, 8.96, 7.04, 11.04], "texture": "#TEX_Mama_Hat" },
				"east": { "uv": [4.96, 8.96, 7.04, 11.04], "texture": "#TEX_Mama_Hat" }
			}
		},
		{
			"from": [4, 15, 1],
			"to": [6, 16, 4],
			"faces": {
				"down": { "uv": [0.96, 8.96, 3.04, 11.04], "texture": "#TEX_Mama_Hat" },
				"up": { "uv": [0.96, 8.96, 3.04, 11.04], "texture": "#TEX_Mama_Hat" },
				"north": { "uv": [0.96, 8.96, 3.04, 11.04], "texture": "#TEX_Mama_Hat" },
				"south": { "uv": [0.96, 8.96, 3.04, 11.04], "texture": "#TEX_Mama_Hat" },
				"west": { "uv": [0.96, 8.96, 3.04, 11.04], "texture": "#TEX_Mama_Hat" },
				"east": { "uv": [0.96, 8.96, 3.04, 11.04], "texture": "#TEX_Mama_Hat" }
			}
		},
		{
			"from": [4, 17, -2],
			"to": [6, 18, -1],
			"faces": {
				"down": { "uv": [12.96, 4.96, 15.04, 7.04], "texture": "#TEX_Mama_Hat" },
				"up": { "uv": [12.96, 4.96, 15.04, 7.04], "texture": "#TEX_Mama_Hat" },
				"north": { "uv": [12.96, 4.96, 15.04, 7.04], "texture": "#TEX_Mama_Hat" },
				"south": { "uv": [12.96, 4.96, 15.04, 7.04], "texture": "#TEX_Mama_Hat" },
				"west": { "uv": [12.96, 4.96, 15.04, 7.04], "texture": "#TEX_Mama_Hat" },
				"east": { "uv": [12.96, 4.96, 15.04, 7.04], "texture": "#TEX_Mama_Hat" }
			}
		},
		{
			"from": [5, 15, -3],
			"to": [6, 17, -2],
			"faces": {
				"down": { "uv": [12.96, 4.96, 15.04, 7.04], "texture": "#TEX_Mama_Hat" },
				"up": { "uv": [12.96, 4.96, 15.04, 7.04], "texture": "#TEX_Mama_Hat" },
				"north": { "uv": [12.96, 4.96, 15.04, 7.04], "texture": "#TEX_Mama_Hat" },
				"south": { "uv": [12.96, 4.96, 15.04, 7.04], "texture": "#TEX_Mama_Hat" },
				"west": { "uv": [12.96, 4.96, 15.04, 7.04], "texture": "#TEX_Mama_Hat" },
				"east": { "uv": [12.96, 4.96, 15.04, 7.04], "texture": "#TEX_Mama_Hat" }
			}
		},
		{
			"from": [5, 15, -2],
			"to": [6, 16, -1],
			"faces": {
				"down": { "uv": [8.96, 4.96, 11.04, 7.04], "texture": "#TEX_Mama_Hat" },
				"up": { "uv": [8.96, 4.96, 11.04, 7.04], "texture": "#TEX_Mama_Hat" },
				"north": { "uv": [8.96, 4.96, 11.04, 7.04], "texture": "#TEX_Mama_Hat" },
				"south": { "uv": [8.96, 4.96, 11.04, 7.04], "texture": "#TEX_Mama_Hat" },
				"west": { "uv": [8.96, 4.96, 11.04, 7.04], "texture": "#TEX_Mama_Hat" },
				"east": { "uv": [8.96, 4.96, 11.04, 7.04], "texture": "#TEX_Mama_Hat" }
			}
		},
		{
			"from": [5, 15, 4],
			"to": [6, 16, 7],
			"faces": {
				"down": { "uv": [0.96, 8.96, 3.04, 11.04], "texture": "#TEX_Mama_Hat" },
				"up": { "uv": [0.96, 8.96, 3.04, 11.04], "texture": "#TEX_Mama_Hat" },
				"north": { "uv": [0.96, 8.96, 3.04, 11.04], "texture": "#TEX_Mama_Hat" },
				"south": { "uv": [0.96, 8.96, 3.04, 11.04], "texture": "#TEX_Mama_Hat" },
				"west": { "uv": [0.96, 8.96, 3.04, 11.04], "texture": "#TEX_Mama_Hat" },
				"east": { "uv": [0.96, 8.96, 3.04, 11.04], "texture": "#TEX_Mama_Hat" }
			}
		},
		{
			"from": [5, 16, -2],
			"to": [7, 17, -1],
			"faces": {
				"down": { "uv": [12.96, 4.96, 15.04, 7.04], "texture": "#TEX_Mama_Hat" },
				"up": { "uv": [12.96, 4.96, 15.04, 7.04], "texture": "#TEX_Mama_Hat" },
				"north": { "uv": [12.96, 4.96, 15.04, 7.04], "texture": "#TEX_Mama_Hat" },
				"south": { "uv": [12.96, 4.96, 15.04, 7.04], "texture": "#TEX_Mama_Hat" },
				"west": { "uv": [12.96, 4.96, 15.04, 7.04], "texture": "#TEX_Mama_Hat" },
				"east": { "uv": [12.96, 4.96, 15.04, 7.04], "texture": "#TEX_Mama_Hat" }
			}
		},
		{
			"from": [6, 14, -3],
			"to": [7, 15, -2],
			"faces": {
				"down": { "uv": [12.96, 4.96, 15.04, 7.04], "texture": "#TEX_Mama_Hat" },
				"up": { "uv": [12.96, 4.96, 15.04, 7.04], "texture": "#TEX_Mama_Hat" },
				"north": { "uv": [12.96, 4.96, 15.04, 7.04], "texture": "#TEX_Mama_Hat" },
				"south": { "uv": [12.96, 4.96, 15.04, 7.04], "texture": "#TEX_Mama_Hat" },
				"west": { "uv": [12.96, 4.96, 15.04, 7.04], "texture": "#TEX_Mama_Hat" },
				"east": { "uv": [12.96, 4.96, 15.04, 7.04], "texture": "#TEX_Mama_Hat" }
			}
		},
		{
			"from": [6, 15, -3],
			"to": [8, 16, -2],
			"faces": {
				"down": { "uv": [4.96, 8.96, 7.04, 11.04], "texture": "#TEX_Mama_Hat" },
				"up": { "uv": [4.96, 8.96, 7.04, 11.04], "texture": "#TEX_Mama_Hat" },
				"north": { "uv": [4.96, 8.96, 7.04, 11.04], "texture": "#TEX_Mama_Hat" },
				"south": { "uv": [4.96, 8.96, 7.04, 11.04], "texture": "#TEX_Mama_Hat" },
				"west": { "uv": [4.96, 8.96, 7.04, 11.04], "texture": "#TEX_Mama_Hat" },
				"east": { "uv": [4.96, 8.96, 7.04, 11.04], "texture": "#TEX_Mama_Hat" }
			}
		},
		{
			"from": [6, 15, -2],
			"to": [7, 16, -1],
			"faces": {
				"down": { "uv": [12.96, 4.96, 15.04, 7.04], "texture": "#TEX_Mama_Hat" },
				"up": { "uv": [12.96, 4.96, 15.04, 7.04], "texture": "#TEX_Mama_Hat" },
				"north": { "uv": [12.96, 4.96, 15.04, 7.04], "texture": "#TEX_Mama_Hat" },
				"south": { "uv": [12.96, 4.96, 15.04, 7.04], "texture": "#TEX_Mama_Hat" },
				"west": { "uv": [12.96, 4.96, 15.04, 7.04], "texture": "#TEX_Mama_Hat" },
				"east": { "uv": [12.96, 4.96, 15.04, 7.04], "texture": "#TEX_Mama_Hat" }
			}
		},
		{
			"from": [6, 16, -3],
			"to": [7, 17, -2],
			"faces": {
				"down": { "uv": [4.96, 8.96, 7.04, 11.04], "texture": "#TEX_Mama_Hat" },
				"up": { "uv": [4.96, 8.96, 7.04, 11.04], "texture": "#TEX_Mama_Hat" },
				"north": { "uv": [4.96, 8.96, 7.04, 11.04], "texture": "#TEX_Mama_Hat" },
				"south": { "uv": [4.96, 8.96, 7.04, 11.04], "texture": "#TEX_Mama_Hat" },
				"west": { "uv": [4.96, 8.96, 7.04, 11.04], "texture": "#TEX_Mama_Hat" },
				"east": { "uv": [4.96, 8.96, 7.04, 11.04], "texture": "#TEX_Mama_Hat" }
			}
		},
		{
			"from": [6, 17, -3],
			"to": [7, 18, -2],
			"faces": {
				"down": { "uv": [12.96, 4.96, 15.04, 7.04], "texture": "#TEX_Mama_Hat" },
				"up": { "uv": [12.96, 4.96, 15.04, 7.04], "texture": "#TEX_Mama_Hat" },
				"north": { "uv": [12.96, 4.96, 15.04, 7.04], "texture": "#TEX_Mama_Hat" },
				"south": { "uv": [12.96, 4.96, 15.04, 7.04], "texture": "#TEX_Mama_Hat" },
				"west": { "uv": [12.96, 4.96, 15.04, 7.04], "texture": "#TEX_Mama_Hat" },
				"east": { "uv": [12.96, 4.96, 15.04, 7.04], "texture": "#TEX_Mama_Hat" }
			}
		},
		{
			"from": [7, 13, -3],
			"to": [9, 14, -2],
			"faces": {
				"down": { "uv": [12.96, 4.96, 15.04, 7.04], "texture": "#TEX_Mama_Hat" },
				"up": { "uv": [12.96, 4.96, 15.04, 7.04], "texture": "#TEX_Mama_Hat" },
				"north": { "uv": [12.96, 4.96, 15.04, 7.04], "texture": "#TEX_Mama_Hat" },
				"south": { "uv": [12.96, 4.96, 15.04, 7.04], "texture": "#TEX_Mama_Hat" },
				"west": { "uv": [12.96, 4.96, 15.04, 7.04], "texture": "#TEX_Mama_Hat" },
				"east": { "uv": [12.96, 4.96, 15.04, 7.04], "texture": "#TEX_Mama_Hat" }
			}
		},
		{
			"from": [7, 14, -3],
			"to": [9, 15, -2],
			"faces": {
				"down": { "uv": [4.96, 8.96, 7.04, 11.04], "texture": "#TEX_Mama_Hat" },
				"up": { "uv": [4.96, 8.96, 7.04, 11.04], "texture": "#TEX_Mama_Hat" },
				"north": { "uv": [4.96, 8.96, 7.04, 11.04], "texture": "#TEX_Mama_Hat" },
				"south": { "uv": [4.96, 8.96, 7.04, 11.04], "texture": "#TEX_Mama_Hat" },
				"west": { "uv": [4.96, 8.96, 7.04, 11.04], "texture": "#TEX_Mama_Hat" },
				"east": { "uv": [4.96, 8.96, 7.04, 11.04], "texture": "#TEX_Mama_Hat" }
			}
		},
		{
			"from": [7, 15, -2],
			"to": [9, 17, 3],
			"faces": {
				"down": { "uv": [0.96, 8.96, 3.04, 11.04], "texture": "#TEX_Mama_Hat" },
				"up": { "uv": [0.96, 8.96, 3.04, 11.04], "texture": "#TEX_Mama_Hat" },
				"north": { "uv": [0.96, 8.96, 3.04, 11.04], "texture": "#TEX_Mama_Hat" },
				"south": { "uv": [0.96, 8.96, 3.04, 11.04], "texture": "#TEX_Mama_Hat" },
				"west": { "uv": [0.96, 8.96, 3.04, 11.04], "texture": "#TEX_Mama_Hat" },
				"east": { "uv": [0.96, 8.96, 3.04, 11.04], "texture": "#TEX_Mama_Hat" }
			}
		},
		{
			"from": [7, 15, 3],
			"to": [9, 16, 8],
			"faces": {
				"down": { "uv": [0.96, 8.96, 3.04, 11.04], "texture": "#TEX_Mama_Hat" },
				"up": { "uv": [0.96, 8.96, 3.04, 11.04], "texture": "#TEX_Mama_Hat" },
				"north": { "uv": [0.96, 8.96, 3.04, 11.04], "texture": "#TEX_Mama_Hat" },
				"south": { "uv": [0.96, 8.96, 3.04, 11.04], "texture": "#TEX_Mama_Hat" },
				"west": { "uv": [0.96, 8.96, 3.04, 11.04], "texture": "#TEX_Mama_Hat" },
				"east": { "uv": [0.96, 8.96, 3.04, 11.04], "texture": "#TEX_Mama_Hat" }
			}
		},
		{
			"from": [7, 16, -3],
			"to": [8, 17, -2],
			"faces": {
				"down": { "uv": [8.96, 8.96, 11.04, 11.04], "texture": "#TEX_Mama_Hat" },
				"up": { "uv": [8.96, 8.96, 11.04, 11.04], "texture": "#TEX_Mama_Hat" },
				"north": { "uv": [8.96, 8.96, 11.04, 11.04], "texture": "#TEX_Mama_Hat" },
				"south": { "uv": [8.96, 8.96, 11.04, 11.04], "texture": "#TEX_Mama_Hat" },
				"west": { "uv": [8.96, 8.96, 11.04, 11.04], "texture": "#TEX_Mama_Hat" },
				"east": { "uv": [8.96, 8.96, 11.04, 11.04], "texture": "#TEX_Mama_Hat" }
			}
		},
		{
			"from": [7, 17, -3],
			"to": [9, 18, -2],
			"faces": {
				"down": { "uv": [4.96, 8.96, 7.04, 11.04], "texture": "#TEX_Mama_Hat" },
				"up": { "uv": [4.96, 8.96, 7.04, 11.04], "texture": "#TEX_Mama_Hat" },
				"north": { "uv": [4.96, 8.96, 7.04, 11.04], "texture": "#TEX_Mama_Hat" },
				"south": { "uv": [4.96, 8.96, 7.04, 11.04], "texture": "#TEX_Mama_Hat" },
				"west": { "uv": [4.96, 8.96, 7.04, 11.04], "texture": "#TEX_Mama_Hat" },
				"east": { "uv": [4.96, 8.96, 7.04, 11.04], "texture": "#TEX_Mama_Hat" }
			}
		},
		{
			"from": [7, 18, -3],
			"to": [9, 19, -2],
			"faces": {
				"down": { "uv": [12.96, 4.96, 15.04, 7.04], "texture": "#TEX_Mama_Hat" },
				"up": { "uv": [12.96, 4.96, 15.04, 7.04], "texture": "#TEX_Mama_Hat" },
				"north": { "uv": [12.96, 4.96, 15.04, 7.04], "texture": "#TEX_Mama_Hat" },
				"south": { "uv": [12.96, 4.96, 15.04, 7.04], "texture": "#TEX_Mama_Hat" },
				"west": { "uv": [12.96, 4.96, 15.04, 7.04], "texture": "#TEX_Mama_Hat" },
				"east": { "uv": [12.96, 4.96, 15.04, 7.04], "texture": "#TEX_Mama_Hat" }
			}
		},
		{
			"from": [8, 15, -3],
			"to": [9, 16, -2],
			"faces": {
				"down": { "uv": [8.96, 8.96, 11.04, 11.04], "texture": "#TEX_Mama_Hat" },
				"up": { "uv": [8.96, 8.96, 11.04, 11.04], "texture": "#TEX_Mama_Hat" },
				"north": { "uv": [8.96, 8.96, 11.04, 11.04], "texture": "#TEX_Mama_Hat" },
				"south": { "uv": [8.96, 8.96, 11.04, 11.04], "texture": "#TEX_Mama_Hat" },
				"west": { "uv": [8.96, 8.96, 11.04, 11.04], "texture": "#TEX_Mama_Hat" },
				"east": { "uv": [8.96, 8.96, 11.04, 11.04], "texture": "#TEX_Mama_Hat" }
			}
		},
		{
			"from": [8, 16, -3],
			"to": [10, 17, -2],
			"faces": {
				"down": { "uv": [4.96, 8.96, 7.04, 11.04], "texture": "#TEX_Mama_Hat" },
				"up": { "uv": [4.96, 8.96, 7.04, 11.04], "texture": "#TEX_Mama_Hat" },
				"north": { "uv": [4.96, 8.96, 7.04, 11.04], "texture": "#TEX_Mama_Hat" },
				"south": { "uv": [4.96, 8.96, 7.04, 11.04], "texture": "#TEX_Mama_Hat" },
				"west": { "uv": [4.96, 8.96, 7.04, 11.04], "texture": "#TEX_Mama_Hat" },
				"east": { "uv": [4.96, 8.96, 7.04, 11.04], "texture": "#TEX_Mama_Hat" }
			}
		},
		{
			"from": [9, 14, -3],
			"to": [10, 15, -2],
			"faces": {
				"down": { "uv": [12.96, 4.96, 15.04, 7.04], "texture": "#TEX_Mama_Hat" },
				"up": { "uv": [12.96, 4.96, 15.04, 7.04], "texture": "#TEX_Mama_Hat" },
				"north": { "uv": [12.96, 4.96, 15.04, 7.04], "texture": "#TEX_Mama_Hat" },
				"south": { "uv": [12.96, 4.96, 15.04, 7.04], "texture": "#TEX_Mama_Hat" },
				"west": { "uv": [12.96, 4.96, 15.04, 7.04], "texture": "#TEX_Mama_Hat" },
				"east": { "uv": [12.96, 4.96, 15.04, 7.04], "texture": "#TEX_Mama_Hat" }
			}
		},
		{
			"from": [9, 15, -3],
			"to": [10, 16, -2],
			"faces": {
				"down": { "uv": [4.96, 8.96, 7.04, 11.04], "texture": "#TEX_Mama_Hat" },
				"up": { "uv": [4.96, 8.96, 7.04, 11.04], "texture": "#TEX_Mama_Hat" },
				"north": { "uv": [4.96, 8.96, 7.04, 11.04], "texture": "#TEX_Mama_Hat" },
				"south": { "uv": [4.96, 8.96, 7.04, 11.04], "texture": "#TEX_Mama_Hat" },
				"west": { "uv": [4.96, 8.96, 7.04, 11.04], "texture": "#TEX_Mama_Hat" },
				"east": { "uv": [4.96, 8.96, 7.04, 11.04], "texture": "#TEX_Mama_Hat" }
			}
		},
		{
			"from": [9, 15, -2],
			"to": [11, 17, -1],
			"faces": {
				"down": { "uv": [12.96, 4.96, 15.04, 7.04], "texture": "#TEX_Mama_Hat" },
				"up": { "uv": [12.96, 4.96, 15.04, 7.04], "texture": "#TEX_Mama_Hat" },
				"north": { "uv": [12.96, 4.96, 15.04, 7.04], "texture": "#TEX_Mama_Hat" },
				"south": { "uv": [12.96, 4.96, 15.04, 7.04], "texture": "#TEX_Mama_Hat" },
				"west": { "uv": [12.96, 4.96, 15.04, 7.04], "texture": "#TEX_Mama_Hat" },
				"east": { "uv": [12.96, 4.96, 15.04, 7.04], "texture": "#TEX_Mama_Hat" }
			}
		},
		{
			"from": [9, 17, -3],
			"to": [10, 18, -2],
			"faces": {
				"down": { "uv": [12.96, 4.96, 15.04, 7.04], "texture": "#TEX_Mama_Hat" },
				"up": { "uv": [12.96, 4.96, 15.04, 7.04], "texture": "#TEX_Mama_Hat" },
				"north": { "uv": [12.96, 4.96, 15.04, 7.04], "texture": "#TEX_Mama_Hat" },
				"south": { "uv": [12.96, 4.96, 15.04, 7.04], "texture": "#TEX_Mama_Hat" },
				"west": { "uv": [12.96, 4.96, 15.04, 7.04], "texture": "#TEX_Mama_Hat" },
				"east": { "uv": [12.96, 4.96, 15.04, 7.04], "texture": "#TEX_Mama_Hat" }
			}
		},
		{
			"from": [10, 14, -2],
			"to": [12, 15, -1],
			"faces": {
				"down": { "uv": [12.96, 4.96, 15.04, 7.04], "texture": "#TEX_Mama_Hat" },
				"up": { "uv": [12.96, 4.96, 15.04, 7.04], "texture": "#TEX_Mama_Hat" },
				"north": { "uv": [12.96, 4.96, 15.04, 7.04], "texture": "#TEX_Mama_Hat" },
				"south": { "uv": [12.96, 4.96, 15.04, 7.04], "texture": "#TEX_Mama_Hat" },
				"west": { "uv": [12.96, 4.96, 15.04, 7.04], "texture": "#TEX_Mama_Hat" },
				"east": { "uv": [12.96, 4.96, 15.04, 7.04], "texture": "#TEX_Mama_Hat" }
			}
		},
		{
			"from": [10, 14, -1],
			"to": [12, 15, 1],
			"faces": {
				"down": { "uv": [0.96, 8.96, 3.04, 11.04], "texture": "#TEX_Mama_Hat" },
				"up": { "uv": [0.96, 8.96, 3.04, 11.04], "texture": "#TEX_Mama_Hat" },
				"north": { "uv": [0.96, 8.96, 3.04, 11.04], "texture": "#TEX_Mama_Hat" },
				"south": { "uv": [0.96, 8.96, 3.04, 11.04], "texture": "#TEX_Mama_Hat" },
				"west": { "uv": [0.96, 8.96, 3.04, 11.04], "texture": "#TEX_Mama_Hat" },
				"east": { "uv": [0.96, 8.96, 3.04, 11.04], "texture": "#TEX_Mama_Hat" }
			}
		},
		{
			"from": [10, 15, -3],
			"to": [11, 17, -2],
			"faces": {
				"down": { "uv": [12.96, 4.96, 15.04, 7.04], "texture": "#TEX_Mama_Hat" },
				"up": { "uv": [12.96, 4.96, 15.04, 7.04], "texture": "#TEX_Mama_Hat" },
				"north": { "uv": [12.96, 4.96, 15.04, 7.04], "texture": "#TEX_Mama_Hat" },
				"south": { "uv": [12.96, 4.96, 15.04, 7.04], "texture": "#TEX_Mama_Hat" },
				"west": { "uv": [12.96, 4.96, 15.04, 7.04], "texture": "#TEX_Mama_Hat" },
				"east": { "uv": [12.96, 4.96, 15.04, 7.04], "texture": "#TEX_Mama_Hat" }
			}
		},
		{
			"from": [10, 15, -1],
			"to": [12, 16, 1],
			"faces": {
				"down": { "uv": [4.96, 12.96, 7.04, 15.04], "texture": "#TEX_Mama_Hat" },
				"up": { "uv": [4.96, 12.96, 7.04, 15.04], "texture": "#TEX_Mama_Hat" },
				"north": { "uv": [4.96, 12.96, 7.04, 15.04], "texture": "#TEX_Mama_Hat" },
				"south": { "uv": [4.96, 12.96, 7.04, 15.04], "texture": "#TEX_Mama_Hat" },
				"west": { "uv": [4.96, 12.96, 7.04, 15.04], "texture": "#TEX_Mama_Hat" },
				"east": { "uv": [4.96, 12.96, 7.04, 15.04], "texture": "#TEX_Mama_Hat" }
			}
		},
		{
			"from": [10, 15, 1],
			"to": [12, 16, 3],
			"faces": {
				"down": { "uv": [0.96, 8.96, 3.04, 11.04], "texture": "#TEX_Mama_Hat" },
				"up": { "uv": [0.96, 8.96, 3.04, 11.04], "texture": "#TEX_Mama_Hat" },
				"north": { "uv": [0.96, 8.96, 3.04, 11.04], "texture": "#TEX_Mama_Hat" },
				"south": { "uv": [0.96, 8.96, 3.04, 11.04], "texture": "#TEX_Mama_Hat" },
				"west": { "uv": [0.96, 8.96, 3.04, 11.04], "texture": "#TEX_Mama_Hat" },
				"east": { "uv": [0.96, 8.96, 3.04, 11.04], "texture": "#TEX_Mama_Hat" }
			}
		},
		{
			"from": [10, 15, 3],
			"to": [11, 16, 7],
			"faces": {
				"down": { "uv": [4.96, 12.96, 7.04, 15.04], "texture": "#TEX_Mama_Hat" },
				"up": { "uv": [4.96, 12.96, 7.04, 15.04], "texture": "#TEX_Mama_Hat" },
				"north": { "uv": [4.96, 12.96, 7.04, 15.04], "texture": "#TEX_Mama_Hat" },
				"south": { "uv": [4.96, 12.96, 7.04, 15.04], "texture": "#TEX_Mama_Hat" },
				"west": { "uv": [4.96, 12.96, 7.04, 15.04], "texture": "#TEX_Mama_Hat" },
				"east": { "uv": [4.96, 12.96, 7.04, 15.04], "texture": "#TEX_Mama_Hat" }
			}
		},
		{
			"from": [10, 17, -2],
			"to": [12, 18, -1],
			"faces": {
				"down": { "uv": [12.96, 4.96, 15.04, 7.04], "texture": "#TEX_Mama_Hat" },
				"up": { "uv": [12.96, 4.96, 15.04, 7.04], "texture": "#TEX_Mama_Hat" },
				"north": { "uv": [12.96, 4.96, 15.04, 7.04], "texture": "#TEX_Mama_Hat" },
				"south": { "uv": [12.96, 4.96, 15.04, 7.04], "texture": "#TEX_Mama_Hat" },
				"west": { "uv": [12.96, 4.96, 15.04, 7.04], "texture": "#TEX_Mama_Hat" },
				"east": { "uv": [12.96, 4.96, 15.04, 7.04], "texture": "#TEX_Mama_Hat" }
			}
		},
		{
			"from": [11, 15, -2],
			"to": [12, 17, -1],
			"faces": {
				"down": { "uv": [4.96, 8.96, 7.04, 11.04], "texture": "#TEX_Mama_Hat" },
				"up": { "uv": [4.96, 8.96, 7.04, 11.04], "texture": "#TEX_Mama_Hat" },
				"north": { "uv": [4.96, 8.96, 7.04, 11.04], "texture": "#TEX_Mama_Hat" },
				"south": { "uv": [4.96, 8.96, 7.04, 11.04], "texture": "#TEX_Mama_Hat" },
				"west": { "uv": [4.96, 8.96, 7.04, 11.04], "texture": "#TEX_Mama_Hat" },
				"east": { "uv": [4.96, 8.96, 7.04, 11.04], "texture": "#TEX_Mama_Hat" }
			}
		},
		{
			"from": [11, 15, 3],
			"to": [12, 16, 4],
			"faces": {
				"down": { "uv": [0.96, 8.96, 3.04, 11.04], "texture": "#TEX_Mama_Hat" },
				"up": { "uv": [0.96, 8.96, 3.04, 11.04], "texture": "#TEX_Mama_Hat" },
				"north": { "uv": [0.96, 8.96, 3.04, 11.04], "texture": "#TEX_Mama_Hat" },
				"south": { "uv": [0.96, 8.96, 3.04, 11.04], "texture": "#TEX_Mama_Hat" },
				"west": { "uv": [0.96, 8.96, 3.04, 11.04], "texture": "#TEX_Mama_Hat" },
				"east": { "uv": [0.96, 8.96, 3.04, 11.04], "texture": "#TEX_Mama_Hat" }
			}
		},
		{
			"from": [12, 15, -2],
			"to": [13, 17, 0],
			"faces": {
				"down": { "uv": [12.96, 4.96, 15.04, 7.04], "texture": "#TEX_Mama_Hat" },
				"up": { "uv": [12.96, 4.96, 15.04, 7.04], "texture": "#TEX_Mama_Hat" },
				"north": { "uv": [12.96, 4.96, 15.04, 7.04], "texture": "#TEX_Mama_Hat" },
				"south": { "uv": [12.96, 4.96, 15.04, 7.04], "texture": "#TEX_Mama_Hat" },
				"west": { "uv": [12.96, 4.96, 15.04, 7.04], "texture": "#TEX_Mama_Hat" },
				"east": { "uv": [12.96, 4.96, 15.04, 7.04], "texture": "#TEX_Mama_Hat" }
			}
		},
		{
			"from": [13, 14, -1],
			"to": [15, 15, 0],
			"faces": {
				"down": { "uv": [12.96, 4.96, 15.04, 7.04], "texture": "#TEX_Mama_Hat" },
				"up": { "uv": [12.96, 4.96, 15.04, 7.04], "texture": "#TEX_Mama_Hat" },
				"north": { "uv": [12.96, 4.96, 15.04, 7.04], "texture": "#TEX_Mama_Hat" },
				"south": { "uv": [12.96, 4.96, 15.04, 7.04], "texture": "#TEX_Mama_Hat" },
				"west": { "uv": [12.96, 4.96, 15.04, 7.04], "texture": "#TEX_Mama_Hat" },
				"east": { "uv": [12.96, 4.96, 15.04, 7.04], "texture": "#TEX_Mama_Hat" }
			}
		},
		{
			"from": [13, 14, 0],
			"to": [15, 16, 1],
			"faces": {
				"down": { "uv": [0.96, 8.96, 3.04, 11.04], "texture": "#TEX_Mama_Hat" },
				"up": { "uv": [0.96, 8.96, 3.04, 11.04], "texture": "#TEX_Mama_Hat" },
				"north": { "uv": [0.96, 8.96, 3.04, 11.04], "texture": "#TEX_Mama_Hat" },
				"south": { "uv": [0.96, 8.96, 3.04, 11.04], "texture": "#TEX_Mama_Hat" },
				"west": { "uv": [0.96, 8.96, 3.04, 11.04], "texture": "#TEX_Mama_Hat" },
				"east": { "uv": [0.96, 8.96, 3.04, 11.04], "texture": "#TEX_Mama_Hat" }
			}
		},
		{
			"from": [13, 15, -1],
			"to": [15, 17, 0],
			"faces": {
				"down": { "uv": [4.96, 8.96, 7.04, 11.04], "texture": "#TEX_Mama_Hat" },
				"up": { "uv": [4.96, 8.96, 7.04, 11.04], "texture": "#TEX_Mama_Hat" },
				"north": { "uv": [4.96, 8.96, 7.04, 11.04], "texture": "#TEX_Mama_Hat" },
				"south": { "uv": [4.96, 8.96, 7.04, 11.04], "texture": "#TEX_Mama_Hat" },
				"west": { "uv": [4.96, 8.96, 7.04, 11.04], "texture": "#TEX_Mama_Hat" },
				"east": { "uv": [4.96, 8.96, 7.04, 11.04], "texture": "#TEX_Mama_Hat" }
			}
		},
		{
			"from": [13, 15, 1],
			"to": [15, 16, 3],
			"faces": {
				"down": { "uv": [0.96, 8.96, 3.04, 11.04], "texture": "#TEX_Mama_Hat" },
				"up": { "uv": [0.96, 8.96, 3.04, 11.04], "texture": "#TEX_Mama_Hat" },
				"north": { "uv": [0.96, 8.96, 3.04, 11.04], "texture": "#TEX_Mama_Hat" },
				"south": { "uv": [0.96, 8.96, 3.04, 11.04], "texture": "#TEX_Mama_Hat" },
				"west": { "uv": [0.96, 8.96, 3.04, 11.04], "texture": "#TEX_Mama_Hat" },
				"east": { "uv": [0.96, 8.96, 3.04, 11.04], "texture": "#TEX_Mama_Hat" }
			}
		},
		{
			"from": [13, 15, 3],
			"to": [14, 16, 6],
			"faces": {
				"down": { "uv": [0.96, 8.96, 3.04, 11.04], "texture": "#TEX_Mama_Hat" },
				"up": { "uv": [0.96, 8.96, 3.04, 11.04], "texture": "#TEX_Mama_Hat" },
				"north": { "uv": [0.96, 8.96, 3.04, 11.04], "texture": "#TEX_Mama_Hat" },
				"south": { "uv": [0.96, 8.96, 3.04, 11.04], "texture": "#TEX_Mama_Hat" },
				"west": { "uv": [0.96, 8.96, 3.04, 11.04], "texture": "#TEX_Mama_Hat" },
				"east": { "uv": [0.96, 8.96, 3.04, 11.04], "texture": "#TEX_Mama_Hat" }
			}
		},
		{
			"from": [13, 17, -1],
			"to": [15, 18, 0],
			"faces": {
				"down": { "uv": [12.96, 4.96, 15.04, 7.04], "texture": "#TEX_Mama_Hat" },
				"up": { "uv": [12.96, 4.96, 15.04, 7.04], "texture": "#TEX_Mama_Hat" },
				"north": { "uv": [12.96, 4.96, 15.04, 7.04], "texture": "#TEX_Mama_Hat" },
				"south": { "uv": [12.96, 4.96, 15.04, 7.04], "texture": "#TEX_Mama_Hat" },
				"west": { "uv": [12.96, 4.96, 15.04, 7.04], "texture": "#TEX_Mama_Hat" },
				"east": { "uv": [12.96, 4.96, 15.04, 7.04], "texture": "#TEX_Mama_Hat" }
			}
		},
		{
			"from": [15, 15, -1],
			"to": [16, 17, 0],
			"faces": {
				"down": { "uv": [12.96, 4.96, 15.04, 7.04], "texture": "#TEX_Mama_Hat" },
				"up": { "uv": [12.96, 4.96, 15.04, 7.04], "texture": "#TEX_Mama_Hat" },
				"north": { "uv": [12.96, 4.96, 15.04, 7.04], "texture": "#TEX_Mama_Hat" },
				"south": { "uv": [12.96, 4.96, 15.04, 7.04], "texture": "#TEX_Mama_Hat" },
				"west": { "uv": [12.96, 4.96, 15.04, 7.04], "texture": "#TEX_Mama_Hat" },
				"east": { "uv": [12.96, 4.96, 15.04, 7.04], "texture": "#TEX_Mama_Hat" }
			}
		}
	]
}
