{
	"credit": "Made with Blockbench by Uio",
	"texture_size": [64, 64],
	"textures": {
		"1": "lom:item/hats/manbuntexture",
		"particle": "lom:item/hats/manbuntexture"
	},
	"elements": [
		{
			"name": "top inner",
			"from": [1, 13, 3],
			"to": [15, 16, 14],
			"faces": {
				"north": { "uv": [7.5, 3.5, 11, 4.25], "texture": "#1" },
				"east": { "uv": [9, 6.25, 11.75, 7], "texture": "#1" },
				"south": { "uv": [2.75, 8, 6.25, 8.75], "texture": "#1" },
				"west": { "uv": [9, 7.25, 11.75, 8], "texture": "#1" },
				"up": { "uv": [3.5, 2.75, 0, 0], "texture": "#1" },
				"down": { "uv": [3.5, 3, 0, 5.75], "texture": "#1" }
			}
		},
		{
			"name": "top outer",
			"from": [3, 16, 6],
			"to": [13, 17, 17],
			"faces": {
				"north": { "uv": [12.5, 1, 15, 1.25], "texture": "#1" },
				"east": { "uv": [12.5, 0, 15.25, 0.25], "texture": "#1" },
				"south": { "uv": [12.5, 10.75, 15, 11], "texture": "#1" },
				"west": { "uv": [12.5, 0.5, 15.25, 0.75], "texture": "#1" },
				"up": { "uv": [6.25, 7.75, 3.75, 5], "texture": "#1" },
				"down": { "uv": [2.5, 6, 0, 8.75], "texture": "#1" }
			}
		},
		{
			"name": "back inner",
			"from": [1, 7, 14],
			"to": [15, 16, 17],
			"faces": {
				"north": { "uv": [3.75, 0, 7.25, 2.25], "texture": "#1" },
				"east": { "uv": [0, 10, 0.75, 12.25], "texture": "#1" },
				"south": { "uv": [3.75, 2.5, 7.25, 4.75], "texture": "#1" },
				"west": { "uv": [10, 0, 10.75, 2.25], "texture": "#1" },
				"up": { "uv": [10, 9.25, 6.5, 8.5], "texture": "#1" },
				"down": { "uv": [3.5, 9, 0, 9.75], "texture": "#1" }
			}
		},
		{
			"from": [3, 4, 14],
			"to": [13, 7, 16],
			"faces": {
				"north": { "uv": [5.75, 9.5, 8.25, 10.25], "texture": "#1" },
				"east": { "uv": [11.25, 3.25, 11.75, 4], "texture": "#1" },
				"south": { "uv": [8.5, 9.5, 11, 10.25], "texture": "#1" },
				"west": { "uv": [12.75, 3.25, 13.25, 4], "texture": "#1" },
				"up": { "uv": [12.5, 3, 10, 2.5], "texture": "#1" },
				"down": { "uv": [12.75, 8.25, 10.25, 8.75], "texture": "#1" }
			}
		},
		{
			"name": "back outer lowest",
			"from": [11, -0.3, 16],
			"to": [16, 4.7, 17.99],
			"rotation": { "angle": 45, "axis": "z", "origin": [0, 0, -1] },
			"faces": {
				"north": { "uv": [4, 10.75, 5.25, 12], "texture": "#1" },
				"east": { "uv": [3.5, 12.25, 4, 13.5], "texture": "#1" },
				"south": { "uv": [11, 0, 12.25, 1.25], "texture": "#1" },
				"west": { "uv": [4.25, 12.25, 4.75, 13.5], "texture": "#1" },
				"up": { "uv": [13.75, 11.75, 12.5, 11.25], "texture": "#1" },
				"down": { "uv": [13.75, 12, 12.5, 12.5], "texture": "#1" }
			}
		},
		{
			"name": "back outer",
			"from": [4.5, 11, 16],
			"to": [11.5, 16.99, 18],
			"rotation": { "angle": 0, "axis": "y", "origin": [0, 0, -1] },
			"faces": {
				"north": { "uv": [3.75, 9, 5.5, 10.5], "texture": "#1" },
				"east": { "uv": [8.25, 12, 8.75, 13.5], "texture": "#1" },
				"south": { "uv": [9, 4.5, 10.75, 6], "texture": "#1" },
				"west": { "uv": [9, 12, 9.5, 13.5], "texture": "#1" },
				"up": { "uv": [12.75, 2, 11, 1.5], "texture": "#1" },
				"down": { "uv": [8, 12, 6.25, 12.5], "texture": "#1" }
			}
		},
		{
			"from": [14, 9, 7],
			"to": [16, 15, 16],
			"faces": {
				"north": { "uv": [9.75, 12, 10.25, 13.5], "texture": "#1" },
				"east": { "uv": [6.5, 5, 8.75, 6.5], "texture": "#1" },
				"south": { "uv": [10.5, 12, 11, 13.5], "texture": "#1" },
				"west": { "uv": [6.5, 6.75, 8.75, 8.25], "texture": "#1" },
				"up": { "uv": [12.25, 13, 11.75, 10.75], "texture": "#1" },
				"down": { "uv": [12.5, 3.25, 12, 5.5], "texture": "#1" }
			}
		},
		{
			"from": [0, 9, 7],
			"to": [2, 15, 16],
			"faces": {
				"north": { "uv": [2, 12.25, 2.5, 13.75], "texture": "#1" },
				"east": { "uv": [7.5, 0, 9.75, 1.5], "texture": "#1" },
				"south": { "uv": [2.75, 12.25, 3.25, 13.75], "texture": "#1" },
				"west": { "uv": [7.5, 1.75, 9.75, 3.25], "texture": "#1" },
				"up": { "uv": [6, 14.25, 5.5, 12], "texture": "#1" },
				"down": { "uv": [12.5, 5.75, 12, 8], "texture": "#1" }
			}
		},
		{
			"name": "bun",
			"from": [5.5, 27, -2],
			"to": [10.5, 32, 3],
			"rotation": { "angle": 45, "axis": "x", "origin": [0, 0, 0] },
			"faces": {
				"north": { "uv": [1, 10, 2.25, 11.25], "texture": "#1" },
				"east": { "uv": [5.75, 10.5, 7, 11.75], "texture": "#1" },
				"south": { "uv": [7.25, 10.5, 8.5, 11.75], "texture": "#1" },
				"west": { "uv": [8.75, 10.5, 10, 11.75], "texture": "#1" },
				"up": { "uv": [11.5, 11.75, 10.25, 10.5], "texture": "#1" },
				"down": { "uv": [3.75, 10.75, 2.5, 12], "texture": "#1" }
			}
		},
		{
			"name": "tie",
			"from": [6.5, 22, -1],
			"to": [9.5, 28, 2],
			"rotation": { "angle": 45, "axis": "x", "origin": [0, 0, 0] },
			"faces": {
				"north": { "uv": [2.75, 6, 3.5, 7.5], "texture": "#1" },
				"east": { "uv": [11, 4.5, 11.75, 6], "texture": "#1" },
				"south": { "uv": [1, 11.5, 1.75, 13], "texture": "#1" },
				"west": { "uv": [11.75, 9, 12.5, 10.5], "texture": "#1" },
				"up": { "uv": [0.75, 13.25, 0, 12.5], "texture": "#1" },
				"down": { "uv": [13.5, 2.25, 12.75, 3], "texture": "#1" }
			}
		}
	],
	"groups": [
		{
			"name": "Hair",
			"origin": [0, 0, 0],
			"color": 0,
			"children": [
				0,
				1,
				2,
				3,
				{
					"name": "back outer",
					"origin": [0, 0, 0],
					"color": 0,
					"children": [4, 5]
				},
				{
					"name": "sides",
					"origin": [0, 0, 0],
					"color": 0,
					"children": [6, 7]
				}
			]
		},
		{
			"name": "the bun",
			"origin": [8, 8, 8],
			"color": 0,
			"children": [8, 9]
		}
	]
}
