{
	"credit": "Created with Blockbench by DefiantKing",
	"parent": "carved_pumpkin",
	"texture_size": [32, 32],
	"textures": {
		"2": "lom:item/hats/mohawk",
		"particle": "lom:item/hats/mohawk"
	},
	"elements": [
		{
			"from": [7, 0, 2.5],
			"to": [9, 6, 13],
			"faces": {
				"north": { "uv": [9, 5.5, 10, 8.5], "texture": "#2" },
				"east": { "uv": [0, 0, 5.25, 3], "texture": "#2" },
				"south": { "uv": [7, 9, 8, 12], "texture": "#2" },
				"west": { "uv": [0, 3, 5.25, 6], "texture": "#2" },
				"up": { "uv": [1, 11.25, 0, 6], "texture": "#2" },
				"down": { "uv": [2, 6, 1, 11.25], "texture": "#2", "cullface": "down" }
			}
		},
		{
			"from": [7, 6, 3.5],
			"to": [9, 7, 4.5],
			"faces": {
				"north": { "uv": [13, 1, 14, 1.5], "texture": "#2" },
				"east": { "uv": [11.5, 4, 12, 4.5], "texture": "#2" },
				"south": { "uv": [13, 6.5, 14, 7], "texture": "#2" },
				"west": { "uv": [12, 1.5, 12.5, 2], "texture": "#2" },
				"up": { "uv": [14, 11.5, 13, 11], "texture": "#2" },
				"down": { "uv": [14, 11.5, 13, 12], "texture": "#2", "cullface": "down" }
			}
		},
		{
			"from": [7, 6, 5.25],
			"to": [9, 7, 7.25],
			"faces": {
				"north": { "uv": [13, 12, 14, 12.5], "texture": "#2" },
				"east": { "uv": [13, 12.5, 14, 13], "texture": "#2" },
				"south": { "uv": [13, 13, 14, 13.5], "texture": "#2" },
				"west": { "uv": [0, 13.5, 1, 14], "texture": "#2" },
				"up": { "uv": [13.5, 8, 12.5, 7], "texture": "#2" },
				"down": { "uv": [13.5, 8, 12.5, 9], "texture": "#2", "cullface": "down" }
			}
		},
		{
			"from": [7, 6, 9.25],
			"to": [9, 7, 10.25],
			"faces": {
				"north": { "uv": [1, 13.5, 2, 14], "texture": "#2" },
				"east": { "uv": [12, 7, 12.5, 7.5], "texture": "#2" },
				"south": { "uv": [13.5, 1.5, 14.5, 2], "texture": "#2" },
				"west": { "uv": [12.5, 3.5, 13, 4], "texture": "#2" },
				"up": { "uv": [14.5, 2.5, 13.5, 2], "texture": "#2" },
				"down": { "uv": [14.5, 2.5, 13.5, 3], "texture": "#2", "cullface": "down" }
			}
		},
		{
			"from": [7, 6, 11.25],
			"to": [9, 7, 13],
			"faces": {
				"north": { "uv": [13.5, 3, 14.5, 3.5], "texture": "#2" },
				"east": { "uv": [6.5, 13.5, 7.5, 14], "texture": "#2" },
				"south": { "uv": [13.5, 7, 14.5, 7.5], "texture": "#2" },
				"west": { "uv": [7.5, 13.5, 8.5, 14], "texture": "#2" },
				"up": { "uv": [13.5, 10, 12.5, 9], "texture": "#2" },
				"down": { "uv": [12, 12.5, 11, 13.5], "texture": "#2", "cullface": "down" }
			}
		},
		{
			"from": [7, -5, 14.5],
			"to": [9, 2.75, 17.75],
			"faces": {
				"north": { "uv": [2, 9, 3, 13], "texture": "#2" },
				"east": { "uv": [5.5, 0, 7.25, 4], "texture": "#2" },
				"south": { "uv": [3, 9, 4, 13], "texture": "#2" },
				"west": { "uv": [5.5, 4, 7.25, 8], "texture": "#2" },
				"up": { "uv": [12, 12.25, 11, 10.5], "texture": "#2" },
				"down": { "uv": [1, 11.5, 0, 13.25], "texture": "#2" }
			}
		},
		{
			"from": [7, -1.2, 17.75],
			"to": [9, 1.85, 18.75],
			"faces": {
				"north": { "uv": [4, 11.5, 5, 13], "texture": "#2" },
				"east": { "uv": [5, 11.5, 5.5, 13], "texture": "#2" },
				"south": { "uv": [11.5, 7.5, 12.5, 9], "texture": "#2" },
				"west": { "uv": [8.5, 12, 9, 13.5], "texture": "#2" },
				"up": { "uv": [14.5, 8, 13.5, 7.5], "texture": "#2" },
				"down": { "uv": [14.5, 8, 13.5, 8.5], "texture": "#2" }
			}
		},
		{
			"from": [7.1, -1.15, 1.8],
			"to": [8.9, 4.6, 4.55],
			"rotation": { "angle": -22.5, "axis": "x", "origin": [0, 0, 0] },
			"faces": {
				"north": { "uv": [8, 9, 9, 12], "texture": "#2" },
				"east": { "uv": [4, 6, 5.5, 9], "texture": "#2" },
				"south": { "uv": [9, 8.5, 10, 11.5], "texture": "#2" },
				"west": { "uv": [7.5, 3, 9, 6], "texture": "#2" },
				"up": { "uv": [10, 13, 9, 11.5], "texture": "#2" },
				"down": { "uv": [12.5, 9, 11.5, 10.5], "texture": "#2" }
			}
		},
		{
			"from": [7.1, 4.6, 1.8],
			"to": [8.9, 5.6, 3.55],
			"rotation": { "angle": -22.5, "axis": "x", "origin": [0, 0, 0] },
			"faces": {
				"north": { "uv": [13.5, 8.5, 14.5, 9], "texture": "#2" },
				"east": { "uv": [13.5, 9, 14.5, 9.5], "texture": "#2" },
				"south": { "uv": [13.5, 9.5, 14.5, 10], "texture": "#2" },
				"west": { "uv": [11, 13.5, 12, 14], "texture": "#2" },
				"up": { "uv": [14, 1, 13, 0], "texture": "#2" },
				"down": { "uv": [3, 13, 2, 14], "texture": "#2" }
			}
		},
		{
			"from": [6.9, 6.1, 9.55],
			"to": [9.1, 10.5, 12.55],
			"rotation": { "angle": 22.5, "axis": "x", "origin": [0, 0, 0] },
			"faces": {
				"north": { "uv": [10.5, 2, 11.5, 4.25], "texture": "#2" },
				"east": { "uv": [9, 3, 10.5, 5.25], "texture": "#2" },
				"south": { "uv": [10, 10.5, 11, 12.75], "texture": "#2" },
				"west": { "uv": [4, 9, 5.5, 11.25], "texture": "#2" },
				"up": { "uv": [13, 1.5, 12, 0], "texture": "#2" },
				"down": { "uv": [13, 4, 12, 5.5], "texture": "#2" }
			}
		},
		{
			"from": [7.1, 8.85, 7.55],
			"to": [8.9, 14.5, 10.55],
			"rotation": { "angle": 45, "axis": "x", "origin": [0, 0, 0] },
			"faces": {
				"north": { "uv": [9.5, 0, 10.5, 2.75], "texture": "#2" },
				"east": { "uv": [7.5, 6, 9, 8.75], "texture": "#2" },
				"south": { "uv": [10, 5.5, 11, 8.25], "texture": "#2" },
				"west": { "uv": [5.5, 8, 7, 10.75], "texture": "#2" },
				"up": { "uv": [13, 7, 12, 5.5], "texture": "#2" },
				"down": { "uv": [7.5, 12, 6.5, 13.5], "texture": "#2" }
			}
		},
		{
			"from": [7.1, 14.45, 7.55],
			"to": [8.9, 15.5, 9.55],
			"rotation": { "angle": 45, "axis": "x", "origin": [0, 0, 0] },
			"faces": {
				"north": { "uv": [13, 13.5, 14, 14], "texture": "#2" },
				"east": { "uv": [0, 14, 1, 14.5], "texture": "#2" },
				"south": { "uv": [14, 0, 15, 0.5], "texture": "#2" },
				"west": { "uv": [14, 0.5, 15, 1], "texture": "#2" },
				"up": { "uv": [4, 14, 3, 13], "texture": "#2" },
				"down": { "uv": [14, 3.5, 13, 4.5], "texture": "#2" }
			}
		},
		{
			"from": [7.1, 0.85, 14.95],
			"to": [8.9, 4.25, 17.95],
			"rotation": { "angle": 45, "axis": "x", "origin": [0, 0, 0] },
			"faces": {
				"north": { "uv": [1, 11.5, 2, 13.25], "texture": "#2" },
				"east": { "uv": [10, 8.5, 11.5, 10.25], "texture": "#2" },
				"south": { "uv": [11.5, 2, 12.5, 3.75], "texture": "#2" },
				"west": { "uv": [10.5, 0, 12, 1.75], "texture": "#2" },
				"up": { "uv": [8.5, 13.5, 7.5, 12], "texture": "#2" },
				"down": { "uv": [13, 10.5, 12, 12], "texture": "#2", "cullface": "down" }
			}
		},
		{
			"from": [7.25, -3, 15],
			"to": [8.75, 2.25, 18.25],
			"rotation": { "angle": 22.5, "axis": "x", "origin": [0, 0, 0] },
			"faces": {
				"north": { "uv": [11, 4.5, 11.75, 7.25], "texture": "#2" },
				"east": { "uv": [2, 6, 3.75, 8.75], "texture": "#2" },
				"south": { "uv": [5.5, 11, 6.25, 13.75], "texture": "#2" },
				"west": { "uv": [7.5, 0, 9.25, 2.75], "texture": "#2" },
				"up": { "uv": [12.75, 13.75, 12, 12], "texture": "#2" },
				"down": { "uv": [13.25, 1.5, 12.5, 3.25], "texture": "#2" }
			}
		},
		{
			"from": [7.2, 0.25, 18.25],
			"to": [8.7, 2.2, 19],
			"rotation": { "angle": 22.5, "axis": "x", "origin": [0, 0, 0] },
			"faces": {
				"north": { "uv": [4, 13, 4.75, 14], "texture": "#2" },
				"east": { "uv": [7, 8, 7.5, 9], "texture": "#2" },
				"south": { "uv": [13, 4.5, 13.75, 5.5], "texture": "#2" },
				"west": { "uv": [10.5, 4.5, 11, 5.5], "texture": "#2" },
				"up": { "uv": [1.75, 14.5, 1, 14], "texture": "#2" },
				"down": { "uv": [14.75, 1, 14, 1.5], "texture": "#2" }
			}
		},
		{
			"from": [7.2, -4, 17.75],
			"to": [8.7, -2.05, 18.5],
			"faces": {
				"north": { "uv": [13, 5.5, 13.75, 6.5], "texture": "#2" },
				"east": { "uv": [6.5, 11, 7, 12], "texture": "#2" },
				"south": { "uv": [9, 13, 9.75, 14], "texture": "#2" },
				"west": { "uv": [11, 7.5, 11.5, 8.5], "texture": "#2" },
				"up": { "uv": [2.75, 14.5, 2, 14], "texture": "#2" },
				"down": { "uv": [3.75, 14, 3, 14.5], "texture": "#2" }
			}
		},
		{
			"from": [7.2, -2.95, 18.25],
			"to": [8.7, -0.9, 19],
			"rotation": { "angle": 22.5, "axis": "x", "origin": [0, 0, 0] },
			"faces": {
				"north": { "uv": [10, 13, 10.75, 14], "texture": "#2" },
				"east": { "uv": [5, 13, 5.5, 14], "texture": "#2" },
				"south": { "uv": [13, 10, 13.75, 11], "texture": "#2" },
				"west": { "uv": [8.5, 13.5, 9, 14.5], "texture": "#2" },
				"up": { "uv": [14.75, 4, 14, 3.5], "texture": "#2" },
				"down": { "uv": [4.75, 14, 4, 14.5], "texture": "#2" }
			}
		}
	],
	"display": {
		"thirdperson_righthand": {
			"translation": [0, 13.25, -0.5]
		},
		"head": {
			"translation": [0, 13.25, -0.5]
		}
	},
	"groups": [
		{
			"name": "base",
			"origin": [8, 8, 8],
			"color": 0,
			"children": [0, 1, 2, 3, 4, 5, 6, 7, 8, 9, 10, 11, 12, 13, 14, 15, 16]
		}
	]
}
