{
	"credit": "Created with Blockbench by DefiantKing",
	"parent": "carved_pumpkin",
	"texture_size": [128, 128],
	"textures": {
		"4": "lom:item/hats/pompadour"
	},
	"elements": [
		{
			"from": [1, 2.5, 0],
			"to": [7, 4.5, 1],
			"faces": {
				"north": { "uv": [6.125, 5.875, 6.875, 6.125], "texture": "#4" },
				"east": { "uv": [4.375, 2.75, 4.5, 3], "texture": "#4" },
				"south": { "uv": [6.125, 6.125, 6.875, 6.375], "texture": "#4" },
				"west": { "uv": [1.375, 6, 1.5, 6.25], "texture": "#4" },
				"up": { "uv": [4.25, 5.125, 3.5, 5], "texture": "#4" },
				"down": { "uv": [7.25, 4.375, 6.5, 4.5], "texture": "#4" }
			}
		},
		{
			"from": [2, 1.5, 0],
			"to": [6, 2.5, 1],
			"faces": {
				"north": { "uv": [4.5, 3.875, 5, 4], "texture": "#4" },
				"east": { "uv": [1.375, 6.25, 1.5, 6.375], "texture": "#4" },
				"south": { "uv": [6.625, 5.375, 7.125, 5.5], "texture": "#4" },
				"west": { "uv": [6.875, 6.125, 7, 6.25], "texture": "#4" },
				"up": { "uv": [7.125, 5.625, 6.625, 5.5], "texture": "#4" },
				"down": { "uv": [6.875, 6.625, 6.375, 6.75], "texture": "#4" }
			}
		},
		{
			"from": [10, 1.5, 0],
			"to": [14, 2.5, 1],
			"faces": {
				"north": { "uv": [6.75, 1.5, 7.25, 1.625], "texture": "#4" },
				"east": { "uv": [6.875, 6.25, 7, 6.375], "texture": "#4" },
				"south": { "uv": [6.75, 1.625, 7.25, 1.75], "texture": "#4" },
				"west": { "uv": [6.875, 6.375, 7, 6.5], "texture": "#4" },
				"up": { "uv": [7.25, 1.875, 6.75, 1.75], "texture": "#4" },
				"down": { "uv": [4, 6.75, 3.5, 6.875], "texture": "#4" }
			}
		},
		{
			"from": [9, 2.5, 0],
			"to": [15, 4.5, 1],
			"faces": {
				"north": { "uv": [6.25, 2.25, 7, 2.5], "texture": "#4" },
				"east": { "uv": [0.625, 6.625, 0.75, 6.875], "texture": "#4" },
				"south": { "uv": [6.25, 2.5, 7, 2.75], "texture": "#4" },
				"west": { "uv": [5.25, 6.625, 5.375, 6.875], "texture": "#4" },
				"up": { "uv": [4.25, 6.75, 3.5, 6.625], "texture": "#4" },
				"down": { "uv": [5, 6.625, 4.25, 6.75], "texture": "#4" }
			}
		},
		{
			"from": [7, 3.75, 0],
			"to": [9, 4.5, 0.5],
			"faces": {
				"north": { "uv": [5.5, 0.75, 5.75, 0.875], "texture": "#4" },
				"east": { "uv": [6.875, 6.5, 7, 6.625], "texture": "#4" },
				"south": { "uv": [6.75, 4.5, 7, 4.625], "texture": "#4" },
				"west": { "uv": [6.875, 6.625, 7, 6.75], "texture": "#4" },
				"up": { "uv": [1, 7, 0.75, 6.875], "texture": "#4" },
				"down": { "uv": [1.25, 6.875, 1, 7], "texture": "#4" }
			}
		},
		{
			"from": [0.5, 3.75, 0],
			"to": [1, 4.5, 2],
			"faces": {
				"north": { "uv": [6.875, 6.75, 7, 6.875], "texture": "#4" },
				"east": { "uv": [1.25, 6.875, 1.5, 7], "texture": "#4" },
				"south": { "uv": [6.875, 6.875, 7, 7], "texture": "#4" },
				"west": { "uv": [3.5, 6.875, 3.75, 7], "texture": "#4" },
				"up": { "uv": [3.875, 7.125, 3.75, 6.875], "texture": "#4" },
				"down": { "uv": [4, 6.875, 3.875, 7.125], "texture": "#4" }
			}
		},
		{
			"from": [15, 3.75, 0],
			"to": [15.5, 4.5, 2],
			"faces": {
				"north": { "uv": [7, 0, 7.125, 0.125], "texture": "#4" },
				"east": { "uv": [6.875, 4.625, 7.125, 4.75], "texture": "#4" },
				"south": { "uv": [7, 0.125, 7.125, 0.25], "texture": "#4" },
				"west": { "uv": [6.875, 4.75, 7.125, 4.875], "texture": "#4" },
				"up": { "uv": [7, 5.125, 6.875, 4.875], "texture": "#4" },
				"down": { "uv": [7, 5.125, 6.875, 5.375], "texture": "#4" }
			}
		},
		{
			"from": [14, -2, 6],
			"to": [17, 2, 10],
			"faces": {
				"north": { "uv": [6.25, 4.625, 6.625, 5.125], "texture": "#4" },
				"east": { "uv": [5.75, 2.25, 6.25, 2.75], "texture": "#4" },
				"south": { "uv": [6.25, 5.125, 6.625, 5.625], "texture": "#4" },
				"west": { "uv": [3.875, 5.875, 4.375, 6.375], "texture": "#4" },
				"down": { "uv": [1.125, 6.375, 0.75, 6.875], "texture": "#4" }
			}
		},
		{
			"from": [-1, 2, 2],
			"to": [2, 7, 16],
			"faces": {
				"north": { "uv": [5.375, 5.875, 5.75, 6.5], "texture": "#4" },
				"east": { "uv": [4, 0.875, 5.75, 1.5], "texture": "#4" },
				"south": { "uv": [5.75, 5.875, 6.125, 6.5], "texture": "#4" },
				"west": { "uv": [1.5, 4, 3.25, 4.625], "texture": "#4" },
				"up": { "uv": [2.375, 7.25, 2, 5.5], "texture": "#4" },
				"down": { "uv": [2.75, 5.5, 2.375, 7.25], "texture": "#4" }
			}
		},
		{
			"from": [1, 2, 15],
			"to": [15, 7, 16],
			"faces": {
				"north": { "uv": [4, 1.5, 5.75, 2.125], "texture": "#4" }
			}
		},
		{
			"from": [14, 2, 2],
			"to": [17, 7, 16],
			"faces": {
				"north": { "uv": [0, 6, 0.375, 6.625], "texture": "#4" },
				"east": { "uv": [4, 2.125, 5.75, 2.75], "texture": "#4" },
				"south": { "uv": [0.375, 6, 0.75, 6.625], "texture": "#4" },
				"west": { "uv": [3.25, 4, 5, 4.625], "texture": "#4" },
				"up": { "uv": [3.125, 7.25, 2.75, 5.5], "texture": "#4" },
				"down": { "uv": [3.5, 5.5, 3.125, 7.25], "texture": "#4" }
			}
		},
		{
			"from": [14, 5, 0],
			"to": [16, 7, 2],
			"faces": {
				"north": { "uv": [4, 6.75, 4.25, 7], "texture": "#4" },
				"east": { "uv": [4.25, 6.75, 4.5, 7], "texture": "#4" },
				"west": { "uv": [4.5, 6.75, 4.75, 7], "texture": "#4" },
				"down": { "uv": [5, 6.75, 4.75, 7], "texture": "#4" }
			}
		},
		{
			"from": [0, 5, 0],
			"to": [2, 7, 2],
			"faces": {
				"north": { "uv": [6.375, 6.75, 6.625, 7], "texture": "#4" },
				"east": { "uv": [6.625, 6.75, 6.875, 7], "texture": "#4" },
				"west": { "uv": [0.25, 6.875, 0.5, 7.125], "texture": "#4" },
				"down": { "uv": [0.75, 6.875, 0.5, 7.125], "texture": "#4" }
			}
		},
		{
			"from": [14, 0, 10],
			"to": [17, 2, 16],
			"faces": {
				"east": { "uv": [3.875, 6.375, 4.625, 6.625], "texture": "#4" },
				"south": { "uv": [4, 2.75, 4.375, 3], "texture": "#4" },
				"west": { "uv": [4.625, 6.375, 5.375, 6.625], "texture": "#4" },
				"down": { "uv": [6.125, 1.5, 5.75, 2.25], "texture": "#4" }
			}
		},
		{
			"from": [-1, 0, 10],
			"to": [2, 2, 16],
			"faces": {
				"east": { "uv": [6.125, 6.375, 6.875, 6.625], "texture": "#4" },
				"south": { "uv": [0.25, 6.625, 0.625, 6.875], "texture": "#4" },
				"west": { "uv": [6.5, 3.875, 7.25, 4.125], "texture": "#4" },
				"down": { "uv": [3.875, 5.875, 3.5, 6.625], "texture": "#4" }
			}
		},
		{
			"from": [2, 0, 14],
			"to": [14, 2, 16],
			"faces": {
				"north": { "uv": [0, 5.75, 1.5, 6], "texture": "#4" },
				"up": { "uv": [7.25, 1, 5.75, 0.75], "texture": "#4" }
			}
		},
		{
			"from": [2, 0, 16],
			"to": [14, 7, 17],
			"faces": {
				"east": { "uv": [0, 6.625, 0.125, 7.5], "texture": "#4" },
				"south": { "uv": [4, 0, 5.5, 0.875], "texture": "#4" },
				"west": { "uv": [0.125, 6.625, 0.25, 7.5], "texture": "#4" },
				"up": { "uv": [8, 4.25, 6.5, 4.125], "texture": "#4" },
				"down": { "uv": [8, 4.25, 6.5, 4.375], "texture": "#4" }
			}
		},
		{
			"from": [1, -1, 14],
			"to": [15, 0, 16],
			"faces": {
				"north": { "uv": [5, 4.5, 6.75, 4.625], "texture": "#4" },
				"east": { "uv": [6.875, 5.625, 7.125, 5.75], "texture": "#4" },
				"south": { "uv": [6.125, 1.875, 7.875, 2], "texture": "#4" },
				"west": { "uv": [6.875, 5.75, 7.125, 5.875], "texture": "#4" },
				"down": { "uv": [5.25, 5.625, 3.5, 5.875], "texture": "#4" }
			}
		},
		{
			"from": [0, 7, -8],
			"to": [16, 11, 16],
			"faces": {
				"north": { "uv": [4.25, 4.625, 6.25, 5.125], "texture": "#4" },
				"east": { "uv": [1.5, 3, 4.5, 3.5], "texture": "#4" },
				"south": { "uv": [1.5, 5, 3.5, 5.5], "texture": "#4" },
				"west": { "uv": [1.5, 3.5, 4.5, 4], "texture": "#4" },
				"up": { "uv": [2, 3, 0, 0], "texture": "#4" },
				"down": { "uv": [4, 0, 2, 3], "texture": "#4" }
			}
		},
		{
			"from": [-1, -2, 6],
			"to": [2, 2, 10],
			"faces": {
				"north": { "uv": [1.125, 6.375, 1.5, 6.875], "texture": "#4" },
				"east": { "uv": [4.375, 5.875, 4.875, 6.375], "texture": "#4" },
				"south": { "uv": [5.375, 6.5, 5.75, 7], "texture": "#4" },
				"west": { "uv": [4.875, 5.875, 5.375, 6.375], "texture": "#4" },
				"down": { "uv": [6.125, 6.5, 5.75, 7], "texture": "#4" }
			}
		},
		{
			"from": [2, 11, -7],
			"to": [14, 13, 15],
			"faces": {
				"north": { "uv": [5.75, 1, 7.25, 1.25], "texture": "#4" },
				"east": { "uv": [3.5, 5.125, 6.25, 5.375], "texture": "#4" },
				"south": { "uv": [5.75, 1.25, 7.25, 1.5], "texture": "#4" },
				"west": { "uv": [3.5, 5.375, 6.25, 5.625], "texture": "#4" },
				"up": { "uv": [1.5, 5.75, 0, 3], "texture": "#4" }
			}
		},
		{
			"from": [0.5, 10.3, -6.8],
			"to": [2.5, 13, 14.8],
			"rotation": { "angle": -45, "axis": "z", "origin": [1, 11, 0] },
			"faces": {
				"north": { "uv": [6.625, 4.625, 6.875, 5], "texture": "#4" },
				"east": { "uv": [4.5, 2.75, 7.25, 3.125], "texture": "#4" },
				"south": { "uv": [5, 6.625, 5.25, 7], "texture": "#4" },
				"west": { "uv": [4.5, 3.125, 7.25, 3.5], "texture": "#4" },
				"up": { "uv": [1.75, 8.25, 1.5, 5.5], "texture": "#4" }
			}
		},
		{
			"from": [9.5, 0.3, -6.8],
			"to": [11.5, 3, 14.8],
			"rotation": { "angle": 45, "axis": "z", "origin": [1, 11, 0] },
			"faces": {
				"north": { "uv": [6.625, 5, 6.875, 5.375], "texture": "#4" },
				"east": { "uv": [4.5, 3.5, 7.25, 3.875], "texture": "#4" },
				"south": { "uv": [6.125, 6.625, 6.375, 7], "texture": "#4" },
				"west": { "uv": [1.5, 4.625, 4.25, 5], "texture": "#4" },
				"up": { "uv": [2, 8.25, 1.75, 5.5], "texture": "#4" }
			}
		},
		{
			"from": [2.2, 7.3, -8.25],
			"to": [13.8, 10, -3.5],
			"rotation": { "angle": 22.5, "axis": "x", "origin": [1, 11, 0] },
			"faces": {
				"north": { "uv": [5.5, 0, 7, 0.375], "texture": "#4" },
				"east": { "uv": [0.75, 6, 1.375, 6.375], "texture": "#4" },
				"south": { "uv": [5.5, 0.375, 7, 0.75], "texture": "#4" },
				"west": { "uv": [6.125, 1.5, 6.75, 1.875], "texture": "#4" },
				"up": { "uv": [6.5, 4.5, 5, 3.875], "texture": "#4" }
			}
		},
		{
			"from": [1, 8, -9.25],
			"to": [14, 11, -8],
			"faces": {
				"north": { "uv": [5.25, 5.625, 6.875, 5.875], "texture": "#4" },
				"east": { "uv": [5.25, 6.875, 5.375, 7.125], "texture": "#4" },
				"west": { "uv": [6.875, 5.875, 7, 6.125], "texture": "#4" },
				"up": { "uv": [7.75, 2.125, 6.125, 2], "texture": "#4" },
				"down": { "uv": [7.75, 2.125, 6.125, 2.25], "texture": "#4" }
			}
		}
	],
	"display": {
		"head": {
			"translation": [0, 4.6, 0.1]
		}
	},
	"groups": [
		{
			"name": "group",
			"origin": [0, 0, 0],
			"color": 0,
			"children": [
				{
					"name": "group",
					"origin": [0, 0, 0],
					"color": 0,
					"children": [0, 1, 2, 3, 4, 5, 6]
				},
				7,
				8,
				9,
				10,
				11,
				12,
				13,
				14,
				15,
				16,
				17,
				18,
				19,
				20,
				21,
				22,
				23,
				24
			]
		}
	]
}
