{
	"credit": "Created with Blockbench by DefiantKing",
	"texture_size": [64, 64],
	"textures": {
		"0": "lom:item/hats/powdered_wig",
		"particle": "lom:item/hats/powdered_wig"
	},
	"elements": [
		{
			"from": [2, 14, 5],
			"to": [13, 18, 12],
			"faces": {
				"north": { "uv": [7.5, 4.5, 10.25, 5.5], "texture": "#0" },
				"east": { "uv": [11.25, 1, 13, 2], "texture": "#0" },
				"south": { "uv": [10.75, 7.5, 13.5, 8.5], "texture": "#0" },
				"west": { "uv": [11.25, 2, 13, 3], "texture": "#0" },
				"up": { "uv": [6.25, 9.75, 3.5, 8], "texture": "#0" },
				"down": { "uv": [9, 8.5, 6.25, 10.25], "texture": "#0" }
			}
		},
		{
			"from": [2.5, 18, 5.5],
			"to": [12.5, 22, 11.5],
			"faces": {
				"north": { "uv": [11, 3, 13.5, 4], "texture": "#0" },
				"east": { "uv": [2.5, 11.25, 4, 12.25], "texture": "#0" },
				"south": { "uv": [11.25, 0, 13.75, 1], "texture": "#0" },
				"west": { "uv": [4, 11.25, 5.5, 12.25], "texture": "#0" },
				"up": { "uv": [8, 11.75, 5.5, 10.25], "texture": "#0" },
				"down": { "uv": [13.25, 4.5, 10.75, 6], "texture": "#0" }
			}
		},
		{
			"from": [-2, -2, 7.5],
			"to": [0, 3, 9.5],
			"rotation": { "angle": -22.5, "axis": "z", "origin": [0, 0, 0] },
			"faces": {
				"north": { "uv": [8, 10.25, 8.5, 11.5], "texture": "#0" },
				"east": { "uv": [8.5, 10.25, 9, 11.5], "texture": "#0" },
				"south": { "uv": [8, 11.5, 8.5, 12.75], "texture": "#0" },
				"west": { "uv": [8.5, 11.5, 9, 12.75], "texture": "#0" },
				"up": { "uv": [6.75, 8.5, 6.25, 8], "texture": "#0" },
				"down": { "uv": [6, 9.75, 5.5, 10.25], "texture": "#0" }
			}
		},
		{
			"from": [14, -8, 7.5],
			"to": [16, -3, 9.5],
			"rotation": { "angle": 22.5, "axis": "z", "origin": [0, 0, 0] },
			"faces": {
				"north": { "uv": [9, 11.5, 9.5, 12.75], "texture": "#0" },
				"east": { "uv": [9.5, 11.5, 10, 12.75], "texture": "#0" },
				"south": { "uv": [10, 11.5, 10.5, 12.75], "texture": "#0" },
				"west": { "uv": [10.5, 11.5, 11, 12.75], "texture": "#0" },
				"up": { "uv": [10.75, 5, 10.25, 4.5], "texture": "#0" },
				"down": { "uv": [10.75, 5, 10.25, 5.5], "texture": "#0" }
			}
		},
		{
			"from": [14, -8, 11],
			"to": [16, -3, 13],
			"rotation": { "angle": 22.5, "axis": "z", "origin": [0, 0, 3] },
			"faces": {
				"north": { "uv": [11, 11.5, 11.5, 12.75], "texture": "#0" },
				"east": { "uv": [11.5, 11.5, 12, 12.75], "texture": "#0" },
				"south": { "uv": [5.5, 11.75, 6, 13], "texture": "#0" },
				"west": { "uv": [6, 11.75, 6.5, 13], "texture": "#0" },
				"up": { "uv": [11.5, 4.5, 11, 4], "texture": "#0" },
				"down": { "uv": [12, 4, 11.5, 4.5], "texture": "#0" }
			}
		},
		{
			"from": [-2, -2, 11],
			"to": [0, 3, 13],
			"rotation": { "angle": -22.5, "axis": "z", "origin": [0, 0, 3] },
			"faces": {
				"north": { "uv": [6.5, 11.75, 7, 13], "texture": "#0" },
				"east": { "uv": [7, 11.75, 7.5, 13], "texture": "#0" },
				"south": { "uv": [7.5, 11.75, 8, 13], "texture": "#0" },
				"west": { "uv": [11.75, 8.5, 12.25, 9.75], "texture": "#0" },
				"up": { "uv": [12.5, 4.5, 12, 4], "texture": "#0" },
				"down": { "uv": [12.75, 8.5, 12.25, 9], "texture": "#0" }
			}
		},
		{
			"from": [14, -8, 4],
			"to": [16, -3, 6],
			"rotation": { "angle": 22.5, "axis": "z", "origin": [0, 0, -3] },
			"faces": {
				"north": { "uv": [11.75, 9.75, 12.25, 11], "texture": "#0" },
				"east": { "uv": [12, 11, 12.5, 12.25], "texture": "#0" },
				"south": { "uv": [2.5, 12.25, 3, 13.5], "texture": "#0" },
				"west": { "uv": [3, 12.25, 3.5, 13.5], "texture": "#0" },
				"up": { "uv": [12.75, 9.5, 12.25, 9], "texture": "#0" },
				"down": { "uv": [12.75, 9.5, 12.25, 10], "texture": "#0" }
			}
		},
		{
			"from": [-2, -2, 4],
			"to": [0, 3, 6],
			"rotation": { "angle": -22.5, "axis": "z", "origin": [0, 0, -3] },
			"faces": {
				"north": { "uv": [3.5, 12.25, 4, 13.5], "texture": "#0" },
				"east": { "uv": [4, 12.25, 4.5, 13.5], "texture": "#0" },
				"south": { "uv": [4.5, 12.25, 5, 13.5], "texture": "#0" },
				"west": { "uv": [5, 12.25, 5.5, 13.5], "texture": "#0" },
				"up": { "uv": [12.75, 10.5, 12.25, 10], "texture": "#0" },
				"down": { "uv": [12.75, 10.5, 12.25, 11], "texture": "#0" }
			}
		},
		{
			"from": [0.75, 8, 3.5],
			"to": [14.5, 14, 13.5],
			"faces": {
				"north": { "uv": [7.5, 3, 11, 4.5], "texture": "#0" },
				"east": { "uv": [10.75, 6, 13.25, 7.5], "texture": "#0" },
				"south": { "uv": [0, 8, 3.5, 9.5], "texture": "#0" },
				"west": { "uv": [0, 11, 2.5, 12.5], "texture": "#0" },
				"up": { "uv": [3.5, 8, 0, 5.5], "texture": "#0" },
				"down": { "uv": [7, 5.5, 3.5, 8], "texture": "#0" }
			}
		},
		{
			"from": [0, 2, 3],
			"to": [15, 8, 14],
			"faces": {
				"north": { "uv": [7.5, 0, 11.25, 1.5], "texture": "#0" },
				"east": { "uv": [2.75, 9.75, 5.5, 11.25], "texture": "#0" },
				"south": { "uv": [7.5, 1.5, 11.25, 3], "texture": "#0" },
				"west": { "uv": [9, 10, 11.75, 11.5], "texture": "#0" },
				"up": { "uv": [7.5, 2.75, 3.75, 0], "texture": "#0" },
				"down": { "uv": [7.5, 2.75, 3.75, 5.5], "texture": "#0" }
			}
		},
		{
			"from": [5, 7.25, 2],
			"to": [7, 8.75, 4],
			"faces": {
				"north": { "uv": [12, 12.25, 12.5, 12.75], "texture": "#0" },
				"east": { "uv": [0, 12.5, 0.5, 13], "texture": "#0" },
				"south": { "uv": [0.5, 12.5, 1, 13], "texture": "#0" },
				"west": { "uv": [1, 12.5, 1.5, 13], "texture": "#0" },
				"up": { "uv": [2, 13, 1.5, 12.5], "texture": "#0" },
				"down": { "uv": [2.5, 12.5, 2, 13], "texture": "#0" }
			}
		},
		{
			"from": [7, 7.5, 2],
			"to": [8, 8.5, 4],
			"faces": {
				"north": { "uv": [3.25, 9.5, 3.5, 9.75], "texture": "#0" },
				"east": { "uv": [2.75, 9.5, 3.25, 9.75], "texture": "#0" },
				"south": { "uv": [2.5, 11, 2.75, 11.25], "texture": "#0" },
				"west": { "uv": [6, 13, 6.5, 13.25], "texture": "#0" },
				"up": { "uv": [7, 8.5, 6.75, 8], "texture": "#0" },
				"down": { "uv": [6.25, 9.75, 6, 10.25], "texture": "#0" }
			}
		},
		{
			"from": [8, 7.25, 2],
			"to": [10, 8.75, 4],
			"faces": {
				"north": { "uv": [12.5, 4, 13, 4.5], "texture": "#0" },
				"east": { "uv": [12.5, 11, 13, 11.5], "texture": "#0" },
				"south": { "uv": [12.5, 11.5, 13, 12], "texture": "#0" },
				"west": { "uv": [12.5, 12, 13, 12.5], "texture": "#0" },
				"up": { "uv": [13, 13, 12.5, 12.5], "texture": "#0" },
				"down": { "uv": [8.5, 12.75, 8, 13.25], "texture": "#0" }
			}
		},
		{
			"from": [5, 13.25, 3],
			"to": [7, 14.75, 5],
			"faces": {
				"north": { "uv": [8.5, 12.75, 9, 13.25], "texture": "#0" },
				"east": { "uv": [12.75, 8.5, 13.25, 9], "texture": "#0" },
				"south": { "uv": [9, 12.75, 9.5, 13.25], "texture": "#0" },
				"west": { "uv": [12.75, 9, 13.25, 9.5], "texture": "#0" },
				"up": { "uv": [10, 13.25, 9.5, 12.75], "texture": "#0" },
				"down": { "uv": [13.25, 9.5, 12.75, 10], "texture": "#0" }
			}
		},
		{
			"from": [7, 13.5, 3],
			"to": [8, 14.5, 5],
			"faces": {
				"north": { "uv": [13, 12, 13.25, 12.25], "texture": "#0" },
				"east": { "uv": [6.5, 13, 7, 13.25], "texture": "#0" },
				"south": { "uv": [13, 12.25, 13.25, 12.5], "texture": "#0" },
				"west": { "uv": [7, 13, 7.5, 13.25], "texture": "#0" },
				"up": { "uv": [12, 11.5, 11.75, 11], "texture": "#0" },
				"down": { "uv": [7.75, 13, 7.5, 13.5], "texture": "#0" }
			}
		},
		{
			"from": [8, 13.25, 3],
			"to": [10, 14.75, 5],
			"faces": {
				"north": { "uv": [10, 12.75, 10.5, 13.25], "texture": "#0" },
				"east": { "uv": [12.75, 10, 13.25, 10.5], "texture": "#0" },
				"south": { "uv": [10.5, 12.75, 11, 13.25], "texture": "#0" },
				"west": { "uv": [12.75, 10.5, 13.25, 11], "texture": "#0" },
				"up": { "uv": [11.5, 13.25, 11, 12.75], "texture": "#0" },
				"down": { "uv": [12, 12.75, 11.5, 13.25], "texture": "#0" }
			}
		},
		{
			"from": [5, 17.25, 4],
			"to": [7, 18.75, 6],
			"faces": {
				"north": { "uv": [12, 12.75, 12.5, 13.25], "texture": "#0" },
				"east": { "uv": [0, 13, 0.5, 13.5], "texture": "#0" },
				"south": { "uv": [0.5, 13, 1, 13.5], "texture": "#0" },
				"west": { "uv": [1, 13, 1.5, 13.5], "texture": "#0" },
				"up": { "uv": [13.5, 1.5, 13, 1], "texture": "#0" },
				"down": { "uv": [2, 13, 1.5, 13.5], "texture": "#0" }
			}
		},
		{
			"from": [7, 17.5, 4],
			"to": [8, 18.5, 6],
			"faces": {
				"north": { "uv": [12.5, 13, 12.75, 13.25], "texture": "#0" },
				"east": { "uv": [13, 11, 13.5, 11.25], "texture": "#0" },
				"south": { "uv": [13, 12.5, 13.25, 12.75], "texture": "#0" },
				"west": { "uv": [13, 11.25, 13.5, 11.5], "texture": "#0" },
				"up": { "uv": [8, 13.5, 7.75, 13], "texture": "#0" },
				"down": { "uv": [13.25, 11.5, 13, 12], "texture": "#0" }
			}
		},
		{
			"from": [8, 17.25, 4],
			"to": [10, 18.75, 6],
			"faces": {
				"north": { "uv": [13, 1.5, 13.5, 2], "texture": "#0" },
				"east": { "uv": [2, 13, 2.5, 13.5], "texture": "#0" },
				"south": { "uv": [13, 2, 13.5, 2.5], "texture": "#0" },
				"west": { "uv": [13, 2.5, 13.5, 3], "texture": "#0" },
				"up": { "uv": [13.5, 4.5, 13, 4], "texture": "#0" },
				"down": { "uv": [6, 13, 5.5, 13.5], "texture": "#0" }
			}
		}
	],
	"display": {
		"head": {
			"translation": [0.25, 13.25, 0]
		}
	},
	"groups": [
		{
			"name": "group",
			"origin": [0, 0, 0],
			"color": 0,
			"children": [0, 1, 2, 3, 4, 5, 6, 7, 8, 9, 10, 11, 12, 13, 14, 15, 16, 17, 18]
		}
	]
}
