{
	"credit": "Made with Blockbench by Woalium",
	"textures": {
		"1": "lom:item/hats/regalhat-main",
		"2": "lom:item/hats/regalhat-feather",
		"5": "lom:item/hats/regalhat-ribbon",
		"particle": "lom:item/hats/regalhat-feather"
	},
	"elements": [
		{
			"from": [6.3, 8, 15],
			"to": [15, 9, 16],
			"rotation": {"angle": 22.5, "axis": "y", "origin": [0, 7, 8]},
			"faces": {
				"north": {"uv": [4.5, 4, 6.75, 4.5], "texture": "#1"},
				"east": {"uv": [6.25, 8, 6.5, 8.5], "texture": "#1"},
				"south": {"uv": [4.5, 4.5, 6.75, 5], "texture": "#1"},
				"west": {"uv": [7, 8, 7.25, 8.5], "texture": "#1"},
				"up": {"uv": [9, 5.75, 6.75, 5.5], "texture": "#1"},
				"down": {"uv": [9, 5.75, 6.75, 6], "texture": "#1"}
			}
		},
		{
			"from": [6.4, 8, 0],
			"to": [15, 9, 1],
			"rotation": {"angle": -22.5, "axis": "y", "origin": [0, 7, 8]},
			"faces": {
				"north": {"uv": [4.5, 5, 6.75, 5.5], "texture": "#1"},
				"east": {"uv": [3.5, 8.5, 3.75, 9], "texture": "#1"},
				"south": {"uv": [0, 5.5, 2.25, 6], "texture": "#1"},
				"west": {"uv": [6.25, 8.5, 6.5, 9], "texture": "#1"},
				"up": {"uv": [6.5, 7.75, 4.25, 7.5], "texture": "#1"},
				"down": {"uv": [9.75, 6, 7.5, 6.25], "texture": "#1"}
			}
		},
		{
			"from": [7, 6, 3.06],
			"to": [9, 8, 4.96],
			"rotation": {"angle": 0, "axis": "y", "origin": [16, 6, 8]},
			"faces": {
				"north": {"uv": [8.25, 4.75, 8.75, 5.25], "texture": "#1"},
				"east": {"uv": [8.25, 8, 8.75, 8.5], "texture": "#1"},
				"south": {"uv": [0, 8.5, 0.5, 9], "texture": "#1"},
				"west": {"uv": [0.5, 8.5, 1, 9], "texture": "#1"},
				"up": {"uv": [1.5, 9, 1, 8.5], "texture": "#1"},
				"down": {"uv": [2, 8.5, 1.5, 9], "texture": "#1"}
			}
		},
		{
			"from": [7.1, 6, 11],
			"to": [8.9, 8, 13],
			"rotation": {"angle": 0, "axis": "y", "origin": [16, 6, 8]},
			"faces": {
				"north": {"uv": [2, 8.5, 2.5, 9], "texture": "#1"},
				"east": {"uv": [2.5, 8.5, 3, 9], "texture": "#1"},
				"south": {"uv": [8.5, 3, 9, 3.5], "texture": "#1"},
				"west": {"uv": [5.25, 8.5, 5.75, 9], "texture": "#1"},
				"up": {"uv": [6.25, 9, 5.75, 8.5], "texture": "#1"},
				"down": {"uv": [7.5, 8.5, 7, 9], "texture": "#1"}
			}
		},
		{
			"from": [6.3, 6, 12],
			"to": [15, 8, 16],
			"rotation": {"angle": 22.5, "axis": "y", "origin": [0, 6, 8]},
			"faces": {
				"north": {"uv": [2.25, 5.5, 4.5, 6], "texture": "#1"},
				"east": {"uv": [7.75, 7, 8.75, 7.5], "texture": "#1"},
				"south": {"uv": [4.5, 5.5, 6.75, 6], "texture": "#1"},
				"west": {"uv": [7.75, 7.5, 8.75, 8], "texture": "#1"},
				"up": {"uv": [2.25, 1, 0, 0], "texture": "#1"},
				"down": {"uv": [2.25, 1, 0, 2], "texture": "#1"}
			}
		},
		{
			"from": [6.4, 6, 0],
			"to": [15, 8, 4],
			"rotation": {"angle": -22.5, "axis": "y", "origin": [0, 6, 8]},
			"faces": {
				"north": {"uv": [5.75, 1.5, 8, 2], "texture": "#1"},
				"east": {"uv": [0, 8, 1, 8.5], "texture": "#1"},
				"south": {"uv": [5.75, 2, 8, 2.5], "texture": "#1"},
				"west": {"uv": [1, 8, 2, 8.5], "texture": "#1"},
				"up": {"uv": [2.25, 3, 0, 2], "texture": "#1"},
				"down": {"uv": [4.5, 0, 2.25, 1], "texture": "#1"}
			}
		},
		{
			"from": [1, 6, 0],
			"to": [9.6, 8, 4],
			"rotation": {"angle": 22.5, "axis": "y", "origin": [16, 6, 8]},
			"faces": {
				"north": {"uv": [8, 1.5, 5.75, 2], "texture": "#1"},
				"east": {"uv": [2, 8, 1, 8.5], "texture": "#1"},
				"south": {"uv": [8, 2, 5.75, 2.5], "texture": "#1"},
				"west": {"uv": [1, 8, 0, 8.5], "texture": "#1"},
				"up": {"uv": [0, 3, 2.25, 2], "texture": "#1"},
				"down": {"uv": [2.25, 0, 4.5, 1], "texture": "#1"}
			}
		},
		{
			"from": [1, 6, 12],
			"to": [9.7, 8, 16],
			"rotation": {"angle": -22.5, "axis": "y", "origin": [16, 6, 8]},
			"faces": {
				"north": {"uv": [4.5, 5.5, 2.25, 6], "texture": "#1"},
				"east": {"uv": [8.75, 7.5, 7.75, 8], "texture": "#1"},
				"south": {"uv": [6.75, 5.5, 4.5, 6], "texture": "#1"},
				"west": {"uv": [8.75, 7, 7.75, 7.5], "texture": "#1"},
				"up": {"uv": [0, 1, 2.25, 0], "texture": "#1"},
				"down": {"uv": [0, 1, 2.25, 2], "texture": "#1"}
			}
		},
		{
			"from": [7, 8, 3.06],
			"to": [9, 9, 3.86],
			"rotation": {"angle": 0, "axis": "y", "origin": [0, 7, 8]},
			"faces": {
				"north": {"uv": [3, 8.75, 3.5, 9.25], "texture": "#1"},
				"east": {"uv": [0, 9, 0.25, 9.5], "texture": "#1"},
				"south": {"uv": [8.75, 3.5, 9.25, 4], "texture": "#1"},
				"west": {"uv": [0.25, 9, 0.5, 9.5], "texture": "#1"},
				"up": {"uv": [8.75, 5.5, 8.25, 5.25], "texture": "#1"},
				"down": {"uv": [1, 9, 0.5, 9.25], "texture": "#1"}
			}
		},
		{
			"from": [7.1, 8, 12],
			"to": [8.9, 9, 13],
			"rotation": {"angle": 0, "axis": "y", "origin": [0, 7, 8]},
			"faces": {
				"north": {"uv": [8.75, 4, 9.25, 4.5], "texture": "#1"},
				"east": {"uv": [1, 9, 1.25, 9.5], "texture": "#1"},
				"south": {"uv": [4.25, 8.75, 4.75, 9.25], "texture": "#1"},
				"west": {"uv": [1.25, 9, 1.5, 9.5], "texture": "#1"},
				"up": {"uv": [2, 9.25, 1.5, 9], "texture": "#1"},
				"down": {"uv": [9.5, 1.5, 9, 1.75], "texture": "#1"}
			}
		},
		{
			"from": [1, 8, 15],
			"to": [9.7, 9, 16],
			"rotation": {"angle": -22.5, "axis": "y", "origin": [16, 7, 8]},
			"faces": {
				"north": {"uv": [6.75, 4, 4.5, 4.5], "texture": "#1"},
				"east": {"uv": [7.25, 8, 7, 8.5], "texture": "#1"},
				"south": {"uv": [6.75, 4.5, 4.5, 5], "texture": "#1"},
				"west": {"uv": [6.5, 8, 6.25, 8.5], "texture": "#1"},
				"up": {"uv": [6.75, 5.75, 9, 5.5], "texture": "#1"},
				"down": {"uv": [6.75, 5.75, 9, 6], "texture": "#1"}
			}
		},
		{
			"from": [1, 8, 0],
			"to": [9.6, 9, 1],
			"rotation": {"angle": 22.5, "axis": "y", "origin": [16, 7, 8]},
			"faces": {
				"north": {"uv": [6.75, 5, 4.5, 5.5], "texture": "#1"},
				"east": {"uv": [6.5, 8.5, 6.25, 9], "texture": "#1"},
				"south": {"uv": [2.25, 5.5, 0, 6], "texture": "#1"},
				"west": {"uv": [3.75, 8.5, 3.5, 9], "texture": "#1"},
				"up": {"uv": [4.25, 7.75, 6.5, 7.5], "texture": "#1"},
				"down": {"uv": [7.5, 6, 9.75, 6.25], "texture": "#1"}
			}
		},
		{
			"from": [5, 6, 5],
			"to": [11, 9, 11],
			"faces": {
				"north": {"uv": [4.5, 6, 6, 6.75], "texture": "#1"},
				"east": {"uv": [6, 6, 7.5, 6.75], "texture": "#1"},
				"south": {"uv": [0, 6.5, 1.5, 7.25], "texture": "#1"},
				"west": {"uv": [1.5, 6.5, 3, 7.25], "texture": "#1"},
				"up": {"uv": [1.5, 5.5, 0, 4], "texture": "#1"},
				"down": {"uv": [3, 4, 1.5, 5.5], "texture": "#1"}
			}
		},
		{
			"from": [5.25, 7.75, 5.25],
			"to": [10.75, 10.25, 10.75],
			"faces": {
				"north": {"uv": [3, 6.5, 4.5, 7.25], "texture": "#1"},
				"east": {"uv": [6.75, 4, 8.25, 4.75], "texture": "#1"},
				"south": {"uv": [4.5, 6.75, 6, 7.5], "texture": "#1"},
				"west": {"uv": [6.75, 4.75, 8.25, 5.5], "texture": "#1"},
				"up": {"uv": [4.5, 5.5, 3, 4], "texture": "#1"},
				"down": {"uv": [6, 0, 4.5, 1.5], "texture": "#1"}
			}
		},
		{
			"from": [5.75, 8.55, 5.75],
			"to": [10.25, 11.05, 10.25],
			"faces": {
				"north": {"uv": [6, 6.75, 7.25, 7.5], "texture": "#1"},
				"east": {"uv": [0, 7.25, 1.25, 8], "texture": "#1"},
				"south": {"uv": [1.25, 7.25, 2.5, 8], "texture": "#1"},
				"west": {"uv": [2.5, 7.25, 3.75, 8], "texture": "#1"},
				"up": {"uv": [5.75, 2.75, 4.5, 1.5], "texture": "#1"},
				"down": {"uv": [5.75, 2.75, 4.5, 4], "texture": "#1"}
			}
		},
		{
			"from": [8, 6.5, 14],
			"to": [10, 9.5, 16],
			"rotation": {"angle": 22.5, "axis": "y", "origin": [0, 0, 0]},
			"faces": {
				"north": {"uv": [0, 0, 2, 3], "texture": "#5"},
				"east": {"uv": [2, 0, 4, 3], "texture": "#5"},
				"south": {"uv": [0, 3, 2, 6], "texture": "#5"},
				"west": {"uv": [2, 3, 4, 6], "texture": "#5"},
				"up": {"uv": [6, 2, 4, 0], "texture": "#5"},
				"down": {"uv": [6, 2, 4, 4], "texture": "#5"}
			}
		},
		{
			"from": [9.25, 3, 9.45],
			"to": [10.25, 7, 9.45],
			"rotation": {"angle": 22.5, "axis": "y", "origin": [16, 0, 0]},
			"faces": {
				"north": {"uv": [4, 4, 5, 8], "texture": "#5"},
				"east": {"uv": [0, 0, 0, 4], "texture": "#5"},
				"south": {"uv": [5, 4, 6, 8], "texture": "#5"},
				"west": {"uv": [0, 0, 0, 4], "texture": "#5"},
				"up": {"uv": [1, 0, 0, 0], "texture": "#5"},
				"down": {"uv": [1, 0, 0, 0], "texture": "#5"}
			}
		},
		{
			"from": [10.25, 4, 9.45],
			"to": [11.25, 7, 9.45],
			"rotation": {"angle": 22.5, "axis": "y", "origin": [16, 0, 0]},
			"faces": {
				"north": {"uv": [0, 6, 1, 9], "texture": "#5"},
				"east": {"uv": [0, 0, 0, 3], "texture": "#5"},
				"south": {"uv": [6, 0, 7, 3], "texture": "#5"},
				"west": {"uv": [0, 0, 0, 3], "texture": "#5"},
				"up": {"uv": [1, 0, 0, 0], "texture": "#5"},
				"down": {"uv": [1, 0, 0, 0], "texture": "#5"}
			}
		},
		{
			"from": [5, 6, 8],
			"to": [5, 12, 11],
			"rotation": {"angle": -22.5, "axis": "x", "origin": [0, 0, 0]},
			"faces": {
				"north": {"uv": [0, 0, 0, 12], "texture": "#2"},
				"east": {"uv": [0, 0, 6, 12], "texture": "#2"},
				"south": {"uv": [0, 0, 0, 12], "texture": "#2"},
				"west": {"uv": [6, 0, 12, 12], "texture": "#2"},
				"up": {"uv": [0, 6, 0, 0], "texture": "#2"},
				"down": {"uv": [0, 0, 0, 6], "texture": "#2"}
			}
		},
		{
			"from": [8, 6, 5],
			"to": [8, 11, 7.4],
			"rotation": {"angle": 22.5, "axis": "z", "origin": [0, 0, 0]},
			"faces": {
				"north": {"uv": [0, 0, 0, 12], "texture": "#2"},
				"east": {"uv": [0, 0, 6, 12], "texture": "#2"},
				"south": {"uv": [0, 0, 0, 12], "texture": "#2"},
				"west": {"uv": [6, 0, 12, 12], "texture": "#2"},
				"up": {"uv": [0, 6, 0, 0], "texture": "#2"},
				"down": {"uv": [0, 0, 0, 6], "texture": "#2"}
			}
		}
	],
	"display": {
		"thirdperson_righthand": {
			"rotation": [-38.38, -21.52, -0.12],
			"translation": [0, -4.5, 0]
		},
		"thirdperson_lefthand": {
			"rotation": [-38.38, -21.52, -0.12],
			"translation": [0, -4.5, 0]
		},
		"gui": {
			"rotation": [33.52, -36.28, -25.37],
			"translation": [0.75, 0, 0]
		},
		"head": {
			"rotation": [-171.75, 1, -180],
			"translation": [0, 8.25, 0],
			"scale": [1.71328, 1.97266, 1.97266]
		}
	},
	"groups": [
		{
			"name": "group",
			"origin": [0, 0, 0],
			"color": 0,
			"children": [
				0,
				1,
				2,
				3,
				4,
				5,
				6,
				7,
				8,
				9,
				10,
				11,
				12,
				13,
				14,
				{
					"name": "ribon",
					"origin": [16, 0, 0],
					"color": 0,
					"children": [15, 16, 17]
				}
			]
		},
		{
			"name": "feather",
			"origin": [0, 0, 0],
			"color": 0,
			"children": [18, 19]
		}
	]
}