{
	"credit": "Made with Blockbenchby Woalium",
	"texture_size": [64, 64],
	"textures": {
		"0": "lom:item/hats/swammy-hat",
		"particle": "lom:item/hats/swammy-hat"
	},
	"elements": [
		{
			"from": [0, 1, 0],
			"to": [16, 11, 16],
			"faces": {
				"north": {"uv": [4, 7, 8, 9.75], "texture": "#0"},
				"east": {"uv": [7.5, 0, 11.5, 2.75], "texture": "#0"},
				"south": {"uv": [7.5, 2.75, 11.5, 5.5], "texture": "#0"},
				"west": {"uv": [0, 8, 4, 10.75], "texture": "#0"},
				"up": {"uv": [4, 4, 0, 0], "texture": "#0"},
				"down": {"uv": [4, 4, 0, 8], "texture": "#0"}
			}
		},
		{
			"from": [14, 0.1, -10],
			"to": [15.9, 2.1, 2],
			"faces": {
				"north": {"uv": [7.5, 5.5, 8, 6], "texture": "#0"},
				"east": {"uv": [4, 9.75, 7, 10.25], "texture": "#0"},
				"south": {"uv": [7.5, 6, 8, 6.5], "texture": "#0"},
				"west": {"uv": [4, 10.25, 7, 10.75], "texture": "#0"},
				"up": {"uv": [7.5, 12.75, 7, 9.75], "texture": "#0"},
				"down": {"uv": [8, 9.75, 7.5, 12.75], "texture": "#0"}
			}
		},
		{
			"from": [0.1, 0.1, -10],
			"to": [2, 2.1, 2],
			"faces": {
				"north": {"uv": [7.5, 6.5, 8, 7], "texture": "#0"},
				"east": {"uv": [0, 10.75, 3, 11.25], "texture": "#0"},
				"south": {"uv": [11, 8.5, 11.5, 9], "texture": "#0"},
				"west": {"uv": [3, 10.75, 6, 11.25], "texture": "#0"},
				"up": {"uv": [6.5, 13.75, 6, 10.75], "texture": "#0"},
				"down": {"uv": [7, 10.75, 6.5, 13.75], "texture": "#0"}
			}
		},
		{
			"from": [2, 1.1, -11],
			"to": [14, 3.1, 2],
			"faces": {
				"north": {"uv": [11, 5.5, 14, 6], "texture": "#0"},
				"east": {"uv": [11, 6, 14, 6.5], "texture": "#0"},
				"south": {"uv": [11, 6.5, 14, 7], "texture": "#0"},
				"west": {"uv": [11, 7, 14, 7.5], "texture": "#0"},
				"up": {"uv": [11, 8.5, 8, 5.5], "texture": "#0"},
				"down": {"uv": [11, 8.5, 8, 11.5], "texture": "#0"}
			}
		},
		{
			"from": [1, 11, 1],
			"to": [15, 12, 15],
			"faces": {
				"north": {"uv": [11, 7.5, 14.5, 7.75], "texture": "#0"},
				"east": {"uv": [11, 7.75, 14.5, 8], "texture": "#0"},
				"south": {"uv": [11, 8, 14.5, 8.25], "texture": "#0"},
				"west": {"uv": [11, 8.25, 14.5, 8.5], "texture": "#0"},
				"up": {"uv": [7.5, 3.5, 4, 0], "texture": "#0"},
				"down": {"uv": [7.5, 3.5, 4, 7], "texture": "#0"}
			}
		},
		{
			"from": [13.9, 0, 1],
			"to": [16, 1, 15],
			"faces": {
				"north": {"uv": [11, 7.5, 14.5, 7.75], "texture": "#0"},
				"east": {"uv": [11, 7.75, 14.5, 8], "texture": "#0"},
				"south": {"uv": [11, 8, 14.5, 8.25], "texture": "#0"},
				"west": {"uv": [11, 8.25, 14.5, 8.5], "texture": "#0"},
				"up": {"uv": [7.5, 3.5, 4, 0], "texture": "#0"},
				"down": {"uv": [7.5, 3.5, 4, 7], "texture": "#0"}
			}
		},
		{
			"from": [0, 0, 1],
			"to": [2.1, 1, 15],
			"faces": {
				"north": {"uv": [11, 7.5, 14.5, 7.75], "texture": "#0"},
				"east": {"uv": [11, 7.75, 14.5, 8], "texture": "#0"},
				"south": {"uv": [11, 8, 14.5, 8.25], "texture": "#0"},
				"west": {"uv": [11, 8.25, 14.5, 8.5], "texture": "#0"},
				"up": {"uv": [7.5, 3.5, 4, 0], "texture": "#0"},
				"down": {"uv": [7.5, 3.5, 4, 7], "texture": "#0"}
			}
		},
		{
			"from": [2, 0, 13],
			"to": [14, 1, 15],
			"faces": {
				"north": {"uv": [11, 7.5, 14.5, 7.75], "texture": "#0"},
				"east": {"uv": [11, 7.75, 14.5, 8], "texture": "#0"},
				"south": {"uv": [11, 8, 14.5, 8.25], "texture": "#0"},
				"west": {"uv": [11, 8.25, 14.5, 8.5], "texture": "#0"},
				"up": {"uv": [7.5, 3.5, 4, 0], "texture": "#0"},
				"down": {"uv": [7.5, 3.5, 4, 7], "texture": "#0"}
			}
		}
	],
	"display": {
		"thirdperson_righthand": {
			"scale": [0.4, 0.4, 0.4]
		},
		"thirdperson_lefthand": {
			"translation": [0, 2.75, 0],
			"scale": [0.45, 0.45, 0.45]
		},
		"head": {
			"translation": [0, 8.5, 0],
			"scale": [0.92852, 0.95, 0.95]
		}
	}
}