{
	"credit": "- Made by DefiantKing in Blockbench",
	"textures": {
		"1": "lom:item/hats/waluigi"
	},
	"elements": [
		{
			"from": [7, 25.25, 2.25],
			"to": [9, 27.25, 4],
			"faces": {
				"north": { "uv": [0.032, 0.032, 1.968, 1.968], "texture": "#1", "cullface": "up" },
				"east": { "uv": [2.032, 0.032, 3.75, 1.968], "texture": "#1", "cullface": "up" },
				"south": { "uv": [0.032, 2.032, 1.968, 3.968], "texture": "#1", "cullface": "up" },
				"west": { "uv": [2.032, 2.032, 3.75, 3.968], "texture": "#1", "cullface": "up" },
				"up": { "uv": [1.968, 5.75, 0.032, 4.032], "texture": "#1", "cullface": "up" },
				"down": { "uv": [5.968, 0.032, 4.032, 1.75], "texture": "#1", "cullface": "up" }
			}
		},
		{
			"from": [4.75, 25.25, 2.5],
			"to": [7, 26.5, 4],
			"faces": {
				"north": { "uv": [6.032, 0.032, 8.25, 1.25], "texture": "#1", "cullface": "up" },
				"south": { "uv": [3.032, 6.032, 5.25, 7.25], "texture": "#1", "cullface": "up" },
				"west": { "uv": [2.032, 8.032, 3.5, 9.25], "texture": "#1", "cullface": "up" },
				"up": { "uv": [4.25, 5.5, 2.032, 4.032], "texture": "#1", "cullface": "up" },
				"down": { "uv": [6.25, 2.032, 4.032, 3.5], "texture": "#1", "cullface": "up" }
			}
		},
		{
			"from": [9, 25.25, 2.5],
			"to": [11.25, 26.5, 4],
			"faces": {
				"north": { "uv": [6.032, 6.032, 8.25, 7.25], "texture": "#1", "cullface": "up" },
				"east": { "uv": [4.032, 8.032, 5.5, 9.25], "texture": "#1", "cullface": "up" },
				"south": { "uv": [7.032, 2.032, 9.25, 3.25], "texture": "#1", "cullface": "up" },
				"up": { "uv": [7.25, 5.5, 5.032, 4.032], "texture": "#1", "cullface": "up" },
				"down": { "uv": [2.25, 6.032, 0.032, 7.5], "texture": "#1", "cullface": "up" }
			}
		},
		{
			"from": [3.5, 26.5, 2.5],
			"to": [4.75, 27.75, 4],
			"faces": {
				"north": { "uv": [10.032, 4.032, 11.25, 5.25], "texture": "#1", "cullface": "up" },
				"east": { "uv": [6.032, 8.032, 7.5, 9.25], "texture": "#1", "cullface": "up" },
				"south": { "uv": [6.032, 10.032, 7.25, 11.25], "texture": "#1", "cullface": "up" },
				"west": { "uv": [8.032, 8.032, 9.5, 9.25], "texture": "#1", "cullface": "up" },
				"up": { "uv": [10.25, 1.5, 9.032, 0.032], "texture": "#1", "cullface": "up" },
				"down": { "uv": [10.25, 6.032, 9.032, 7.5], "texture": "#1", "cullface": "up" }
			}
		},
		{
			"from": [11.25, 26.5, 2.5],
			"to": [12.5, 27.75, 4],
			"faces": {
				"north": { "uv": [8.032, 10.032, 9.25, 11.25], "texture": "#1", "cullface": "up" },
				"east": { "uv": [0.032, 10.032, 1.5, 11.25], "texture": "#1", "cullface": "up" },
				"south": { "uv": [10.032, 8.032, 11.25, 9.25], "texture": "#1", "cullface": "up" },
				"west": { "uv": [2.032, 10.032, 3.5, 11.25], "texture": "#1", "cullface": "up" },
				"up": { "uv": [11.25, 3.5, 10.032, 2.032], "texture": "#1", "cullface": "up" },
				"down": { "uv": [5.25, 10.032, 4.032, 11.5], "texture": "#1", "cullface": "up" }
			}
		}
	],
	"display": {
		"thirdperson_righthand": {
			"translation": [0, -17.5, 4.75]
		},
		"thirdperson_lefthand": {
			"translation": [0, -17.75, 4.25]
		},
		"firstperson_righthand": {
			"translation": [0, -28, 0],
			"scale": [1.3, 1.3, 1.3]
		},
		"firstperson_lefthand": {
			"translation": [0, -28, 0],
			"scale": [1.3, 1.3, 1.3]
		},
		"ground": {
			"translation": [0, -19.5, 3.75]
		},
		"gui": {
			"translation": [0, -19.25, 0]
		},
		"head": {
			"translation": [0, -20.25, -3.25],
			"scale": [0.8, 0.8, 0.8]
		},
		"fixed": {
			"translation": [0, -28, 7],
			"scale": [1.5, 1.5, 1.5]
		}
	},
	"groups": [
		{
			"name": "group",
			"origin": [0, 0, 0],
			"color": 0,
			"children": [0, 1, 2, 3, 4]
		}
	]
}
