{
	"__comment": "Wowzers",
	"__comment": "Not to be reused. Created for the Buffalo Wizard Servers",
	"textures": {
		"glass": "lom:item/hats/hat_sunglasses2",
		"texture": "lom:item/hats/hat_sunglasses1"
	},
	"elements": [
		{
			"__comment": "Sunglassess",
			"from": [0, 9, 2],
			"to": [2, 11, 3.5],
			"faces": {
				"down": { "uv": [16, 3.5, 14, 2], "texture": "#texture" },
				"up": { "uv": [0, 2, 2, 3.5], "texture": "#texture" },
				"north": { "uv": [14, 5, 16, 7], "texture": "#texture" },
				"south": { "uv": [0, 5, 2, 7], "texture": "#texture" },
				"west": { "uv": [2, 5, 3.5, 7], "texture": "#texture" },
				"east": { "uv": [12.5, 5, 14, 7], "texture": "#texture" }
			}
		},
		{
			"__comment": "Sunglassess",
			"from": [0, 7, 2.5],
			"to": [2, 9, 4],
			"faces": {
				"down": { "uv": [16, 4, 14, 2.5], "texture": "#texture" },
				"up": { "uv": [0, 2.5, 2, 4], "texture": "#texture" },
				"north": { "uv": [14, 7, 16, 9], "texture": "#texture" },
				"south": { "uv": [0, 7, 2, 9], "texture": "#texture" },
				"west": { "uv": [2.5, 7, 4, 9], "texture": "#texture" },
				"east": { "uv": [12, 7, 13.5, 9], "texture": "#texture" }
			}
		},
		{
			"__comment": "Sunglassess",
			"from": [0, 10, 3.5],
			"to": [2, 11, 14],
			"faces": {
				"down": { "uv": [16, 14, 14, 3.5], "texture": "#texture" },
				"up": { "uv": [0, 3.5, 2, 14], "texture": "#texture" },
				"north": { "uv": [14, 5, 16, 6], "texture": "#texture" },
				"south": { "uv": [0, 5, 2, 6], "texture": "#texture" },
				"west": { "uv": [3.5, 5, 14, 6], "texture": "#texture" },
				"east": { "uv": [2, 5, 12.5, 6], "texture": "#texture" }
			}
		},
		{
			"__comment": "Sunglassess",
			"from": [0, 9.5, 9],
			"to": [2, 10, 14],
			"faces": {
				"down": { "uv": [16, 14, 14, 9], "texture": "#texture" },
				"up": { "uv": [0, 9, 2, 14], "texture": "#texture" },
				"north": { "uv": [14, 6, 16, 6.5], "texture": "#texture" },
				"south": { "uv": [0, 6, 2, 6.5], "texture": "#texture" },
				"west": { "uv": [9, 6, 14, 6.5], "texture": "#texture" },
				"east": { "uv": [2, 6, 7, 6.5], "texture": "#texture" }
			}
		},
		{
			"__comment": "Sunglassess",
			"from": [0, 9, 11],
			"to": [2, 9.5, 14],
			"faces": {
				"down": { "uv": [16, 14, 14, 11], "texture": "#texture" },
				"up": { "uv": [0, 11, 2, 14], "texture": "#texture" },
				"north": { "uv": [14, 6.5, 16, 7], "texture": "#texture" },
				"south": { "uv": [0, 6.5, 2, 7], "texture": "#texture" },
				"west": { "uv": [11, 6.5, 14, 7], "texture": "#texture" },
				"east": { "uv": [2, 6.5, 5, 7], "texture": "#texture" }
			}
		},
		{
			"__comment": "glass",
			"from": [1.5, 8, 12],
			"to": [14.5, 9, 13.5],
			"faces": {
				"down": { "uv": [14.5, 13.5, 1.5, 12], "texture": "#glass" },
				"up": { "uv": [1.5, 12, 14.5, 13.5], "texture": "#glass" },
				"north": { "uv": [1.5, 7, 14.5, 8], "texture": "#glass" },
				"south": { "uv": [1.5, 7, 14.5, 8], "texture": "#glass" },
				"west": { "uv": [12, 7, 13.5, 8], "texture": "#glass" },
				"east": { "uv": [2.5, 7, 4, 8], "texture": "#glass" }
			}
		},
		{
			"__comment": "glass",
			"from": [2, 7, 12],
			"to": [14, 8, 13.5],
			"faces": {
				"down": { "uv": [14, 13.5, 2, 12], "texture": "#glass" },
				"up": { "uv": [2, 12, 14, 13.5], "texture": "#glass" },
				"north": { "uv": [2, 8, 14, 9], "texture": "#glass" },
				"south": { "uv": [2, 8, 14, 9], "texture": "#glass" },
				"west": { "uv": [12, 8, 13.5, 9], "texture": "#glass" },
				"east": { "uv": [2.5, 8, 4, 9], "texture": "#glass" }
			}
		},
		{
			"__comment": "Sunglassess",
			"from": [2, 9, 12],
			"to": [16, 11, 14],
			"faces": {
				"down": { "uv": [14, 14, 0, 12], "texture": "#texture" },
				"up": { "uv": [2, 12, 16, 14], "texture": "#texture" },
				"north": { "uv": [0, 5, 14, 7], "texture": "#texture" },
				"south": { "uv": [2, 5, 16, 7], "texture": "#texture" },
				"west": { "uv": [12, 5, 14, 7], "texture": "#texture" },
				"east": { "uv": [2, 5, 4, 7], "texture": "#texture" }
			}
		},
		{
			"__comment": "glass",
			"from": [2.5, 6, 12],
			"to": [13.5, 7, 13.5],
			"faces": {
				"down": { "uv": [13.5, 13.5, 2.5, 12], "texture": "#glass" },
				"up": { "uv": [2.5, 12, 13.5, 13.5], "texture": "#glass" },
				"north": { "uv": [2.5, 9, 13.5, 10], "texture": "#glass" },
				"south": { "uv": [2.5, 9, 13.5, 10], "texture": "#glass" },
				"west": { "uv": [12, 9, 13.5, 10], "texture": "#glass" },
				"east": { "uv": [2.5, 9, 4, 10], "texture": "#glass" }
			}
		},
		{
			"__comment": "glass",
			"from": [3, 5, 12],
			"to": [6.5, 6, 13.5],
			"faces": {
				"down": { "uv": [13, 13.5, 9.5, 12], "texture": "#glass" },
				"up": { "uv": [3, 12, 6.5, 13.5], "texture": "#glass" },
				"north": { "uv": [9.5, 10, 13, 11], "texture": "#glass" },
				"south": { "uv": [3, 10, 6.5, 11], "texture": "#glass" },
				"west": { "uv": [12, 10, 13.5, 11], "texture": "#glass" },
				"east": { "uv": [2.5, 10, 4, 11], "texture": "#glass" }
			}
		},
		{
			"__comment": "glass",
			"from": [6.5, 5.5, 12],
			"to": [7, 6, 13.5],
			"faces": {
				"down": { "uv": [9.5, 13.5, 9, 12], "texture": "#glass" },
				"up": { "uv": [6.5, 12, 7, 13.5], "texture": "#glass" },
				"north": { "uv": [9, 10, 9.5, 10.5], "texture": "#glass" },
				"south": { "uv": [6.5, 10, 7, 10.5], "texture": "#glass" },
				"west": { "uv": [12, 10, 13.5, 10.5], "texture": "#glass" },
				"east": { "uv": [2.5, 10, 4, 10.5], "texture": "#glass" }
			}
		},
		{
			"__comment": "glass",
			"from": [9, 5.5, 12],
			"to": [13, 6, 13.5],
			"faces": {
				"down": { "uv": [7, 13.5, 3, 12], "texture": "#glass" },
				"up": { "uv": [9, 12, 13, 13.5], "texture": "#glass" },
				"north": { "uv": [3, 10, 7, 10.5], "texture": "#glass" },
				"south": { "uv": [9, 10, 13, 10.5], "texture": "#glass" },
				"west": { "uv": [12, 10, 13.5, 10.5], "texture": "#glass" },
				"east": { "uv": [2.5, 10, 4, 10.5], "texture": "#glass" }
			}
		},
		{
			"__comment": "glass",
			"from": [9.5, 5, 12],
			"to": [13, 5.5, 13.5],
			"faces": {
				"down": { "uv": [6.5, 13.5, 3, 12], "texture": "#glass" },
				"up": { "uv": [9.5, 12, 13, 13.5], "texture": "#glass" },
				"north": { "uv": [3, 10.5, 6.5, 11], "texture": "#glass" },
				"south": { "uv": [9.5, 10.5, 13, 11], "texture": "#glass" },
				"west": { "uv": [12, 10.5, 13.5, 11], "texture": "#glass" },
				"east": { "uv": [2.5, 10.5, 4, 11], "texture": "#glass" }
			}
		},
		{
			"__comment": "Sunglassess",
			"from": [14, 9, 2],
			"to": [16, 11, 3.5],
			"faces": {
				"down": { "uv": [2, 3.5, 0, 2], "texture": "#texture" },
				"up": { "uv": [14, 2, 16, 3.5], "texture": "#texture" },
				"north": { "uv": [0, 5, 2, 7], "texture": "#texture" },
				"south": { "uv": [14, 5, 16, 7], "texture": "#texture" },
				"west": { "uv": [2, 5, 3.5, 7], "texture": "#texture" },
				"east": { "uv": [12.5, 5, 14, 7], "texture": "#texture" }
			}
		},
		{
			"__comment": "Sunglassess",
			"from": [14, 7, 2.5],
			"to": [16, 9, 4],
			"faces": {
				"down": { "uv": [2, 4, 0, 2.5], "texture": "#texture" },
				"up": { "uv": [14, 2.5, 16, 4], "texture": "#texture" },
				"north": { "uv": [0, 7, 2, 9], "texture": "#texture" },
				"south": { "uv": [14, 7, 16, 9], "texture": "#texture" },
				"west": { "uv": [2.5, 7, 4, 9], "texture": "#texture" },
				"east": { "uv": [12, 7, 13.5, 9], "texture": "#texture" }
			}
		},
		{
			"__comment": "Sunglassess",
			"from": [14, 10, 3.5],
			"to": [16, 11, 12],
			"faces": {
				"down": { "uv": [2, 12, 0, 3.5], "texture": "#texture" },
				"up": { "uv": [14, 3.5, 16, 12], "texture": "#texture" },
				"north": { "uv": [0, 5, 2, 6], "texture": "#texture" },
				"south": { "uv": [14, 5, 16, 6], "texture": "#texture" },
				"west": { "uv": [3.5, 5, 12, 6], "texture": "#texture" },
				"east": { "uv": [4, 5, 12.5, 6], "texture": "#texture" }
			}
		},
		{
			"__comment": "Sunglassess",
			"from": [14, 9.5, 9],
			"to": [16, 10, 12],
			"faces": {
				"down": { "uv": [2, 12, 0, 9], "texture": "#texture" },
				"up": { "uv": [14, 9, 16, 12], "texture": "#texture" },
				"north": { "uv": [0, 6, 2, 6.5], "texture": "#texture" },
				"south": { "uv": [14, 6, 16, 6.5], "texture": "#texture" },
				"west": { "uv": [9, 6, 12, 6.5], "texture": "#texture" },
				"east": { "uv": [4, 6, 7, 6.5], "texture": "#texture" }
			}
		},
		{
			"__comment": "Sunglassess",
			"from": [14, 9, 11],
			"to": [16, 9.5, 12],
			"faces": {
				"down": { "uv": [2, 12, 0, 11], "texture": "#texture" },
				"up": { "uv": [14, 11, 16, 12], "texture": "#texture" },
				"north": { "uv": [0, 6.5, 2, 7], "texture": "#texture" },
				"south": { "uv": [14, 6.5, 16, 7], "texture": "#texture" },
				"west": { "uv": [11, 6.5, 12, 7], "texture": "#texture" },
				"east": { "uv": [4, 6.5, 5, 7], "texture": "#texture" }
			}
		}
	],
	"display": {
		"thirdperson": {
			"rotation": [-122, 0, 0],
			"translation": [0, 0.8, -1],
			"scale": [0.5, 0.5, 0.5]
		},
		"head": {
			"rotation": [0, 180, 0],
			"translation": [0, 0, -1],
			"scale": [1.1, 1.1, 1.1]
		},
		"firstperson": {
			"rotation": [0, 141, 0],
			"translation": [0, 0, 0],
			"scale": [1, 1, 1]
		},
		"gui": {
			"rotation": [0, 90, 0],
			"translation": [0, 0, 0],
			"scale": [1, 1, 1]
		}
	}
}
