{
	"credit": "Made by Elo106",
	"texture_size": [32, 32],
	"textures": {
		"29": "vs:item/vs_back_urne"
	},
	"elements": [
		{
			"from": [4.5, -9, 12],
			"to": [11.5, 1, 19],
			"rotation": { "angle": 0, "axis": "y", "origin": [7.5, 0.5, 12.5] },
			"faces": {
				"north": { "uv": [4, 0, 5.75, 2.5], "texture": "#29" },
				"east": { "uv": [4, 2.5, 5.75, 5], "texture": "#29" },
				"south": { "uv": [0, 5, 1.75, 7.5], "texture": "#29" },
				"west": { "uv": [1.75, 5, 3.5, 7.5], "texture": "#29" },
				"up": { "uv": [7.5, 1.75, 5.75, 0], "texture": "#29" },
				"down": { "uv": [7.5, 1.75, 5.75, 3.5], "texture": "#29" }
			}
		},
		{
			"from": [5.5, 1, 13],
			"to": [10.5, 2, 18],
			"rotation": { "angle": 0, "axis": "y", "origin": [7.5, 0.5, 12.5] },
			"faces": {
				"north": { "uv": [7.5, 0, 8.75, 0.25], "texture": "#29" },
				"east": { "uv": [7.5, 0.25, 8.75, 0.5], "texture": "#29" },
				"south": { "uv": [7.5, 0.5, 8.75, 0.75], "texture": "#29" },
				"west": { "uv": [7.5, 0.75, 8.75, 1], "texture": "#29" },
				"up": { "uv": [7, 4.75, 5.75, 3.5], "texture": "#29" },
				"down": { "uv": [8.25, 3.5, 7, 4.75], "texture": "#29" }
			}
		},
		{
			"from": [4.5, 2, 12],
			"to": [11.5, 3, 19],
			"rotation": { "angle": 0, "axis": "y", "origin": [7.5, 0.5, 12.5] },
			"faces": {
				"north": { "uv": [5.75, 4.75, 7.5, 5], "texture": "#29" },
				"east": { "uv": [7, 7, 8.75, 7.25], "texture": "#29" },
				"south": { "uv": [7, 7.25, 8.75, 7.5], "texture": "#29" },
				"west": { "uv": [0, 7.5, 1.75, 7.75], "texture": "#29" },
				"up": { "uv": [5.25, 8.75, 3.5, 7], "texture": "#29" },
				"down": { "uv": [7, 7, 5.25, 8.75], "texture": "#29" }
			}
		},
		{
			"from": [4, -9.5, 11.5],
			"to": [12, 0.5, 19.5],
			"rotation": { "angle": 0, "axis": "y", "origin": [7.5, 0.5, 12.5] },
			"faces": {
				"north": { "uv": [0, 0, 2, 2.5], "texture": "#29" },
				"east": { "uv": [2, 0, 4, 2.5], "texture": "#29" },
				"south": { "uv": [0, 2.5, 2, 5], "texture": "#29" },
				"west": { "uv": [2, 2.5, 4, 5], "texture": "#29" },
				"up": { "uv": [5.5, 7, 3.5, 5], "texture": "#29" },
				"down": { "uv": [7.5, 5, 5.5, 7], "texture": "#29" }
			}
		}
	],
	"gui_light": "front",
	"display": {
		"thirdperson_righthand": {
			"rotation": [-120, 0, 180],
			"translation": [1, 0.5, 9.5]
		},
		"thirdperson_lefthand": {
			"rotation": [-120, 0, 180],
			"translation": [1, 0.5, 9.5]
		},
		"firstperson_righthand": {
			"rotation": [0, -45, 0],
			"translation": [4, 8.25, -4.5],
			"scale": [0.5, 0.5, 0.5]
		},
		"firstperson_lefthand": {
			"rotation": [0, -45, 0],
			"translation": [4, 8.25, -4.5],
			"scale": [0.5, 0.5, 0.5]
		},
		"ground": {
			"translation": [0, 6.5, -4.25],
			"scale": [0.5, 0.5, 0.5]
		},
		"gui": {
			"rotation": [35, 45, 0],
			"translation": [-5, 12, 0],
			"scale": [0.98, 0.98, 0.98]
		},
		"head": {
			"rotation": [5, 0, 0],
			"translation": [0, -25.25, -1.25],
			"scale": [2, 2, 2]
		},
		"fixed": {
			"rotation": [90, 0, 180],
			"translation": [0, 15, -33],
			"scale": [2, 2, 2]
		}
	},
	"groups": [
		{
			"name": "urnnet",
			"origin": [8, -4, 16],
			"color": 0,
			"children": [0, 1, 2, 3]
		}
	]
}
