{
	"credit": "Made by Elo106",
	"texture_size": [32, 32],
	"textures": {
		"30": "vs:item/vs_back_quiver"
	},
	"elements": [
		{
			"from": [9.5, -10, 10.5],
			"to": [12.5, -1, 12.5],
			"rotation": { "angle": -22.5, "axis": "z", "origin": [9, -3, 12.5] },
			"faces": {
				"north": { "uv": [0, 0, 1.5, 4.5], "texture": "#30" },
				"east": { "uv": [3, 0, 4, 4.5], "texture": "#30" },
				"south": { "uv": [1.5, 0, 3, 4.5], "texture": "#30" },
				"west": { "uv": [4, 0, 5, 4.5], "texture": "#30" },
				"up": { "uv": [8.5, 8.5, 7, 7.5], "texture": "#30" },
				"down": { "uv": [9.5, 4.5, 8, 5.5], "texture": "#30" }
			}
		},
		{
			"from": [9.4, 2, 10.3],
			"to": [10.4, 5, 11.3],
			"rotation": { "angle": -22.5, "axis": "z", "origin": [9, -3, 12.5] },
			"faces": {
				"north": { "uv": [8, 5.5, 8.5, 7], "texture": "#30" },
				"east": { "uv": [8.5, 5.5, 9, 7], "texture": "#30" },
				"south": { "uv": [7, 8.5, 7.5, 10], "texture": "#30" },
				"west": { "uv": [8.5, 7, 9, 8.5], "texture": "#30" },
				"up": { "uv": [8.5, 7.5, 8, 7], "texture": "#30" },
				"down": { "uv": [9.5, 1.5, 9, 2], "texture": "#30" }
			}
		},
		{
			"from": [10.9, 3, 10.2],
			"to": [10.9, 6, 14.2],
			"rotation": { "angle": -22.5, "axis": "z", "origin": [9, -3, 12.5] },
			"faces": {
				"north": { "uv": [0, 0, 0, 1.5], "texture": "#30" },
				"east": { "uv": [0, 4.5, 2, 6], "texture": "#30" },
				"south": { "uv": [0, 0, 0, 1.5], "texture": "#30" },
				"west": { "uv": [2, 4.5, 4, 6], "texture": "#30" },
				"up": { "uv": [0, 2, 0, 0], "texture": "#30" },
				"down": { "uv": [0, 0, 0, 2], "texture": "#30" }
			}
		},
		{
			"from": [8.9, 3, 12.2],
			"to": [12.9, 6, 12.2],
			"rotation": { "angle": -22.5, "axis": "z", "origin": [9, -3, 12.5] },
			"faces": {
				"north": { "uv": [4, 4.5, 6, 6], "texture": "#30" },
				"east": { "uv": [0, 0, 0, 1.5], "texture": "#30" },
				"south": { "uv": [5, 0, 7, 1.5], "texture": "#30" },
				"west": { "uv": [0, 0, 0, 1.5], "texture": "#30" },
				"up": { "uv": [2, 0, 0, 0], "texture": "#30" },
				"down": { "uv": [2, 0, 0, 0], "texture": "#30" }
			}
		},
		{
			"from": [10.4, 2, 11.7],
			"to": [11.4, 5, 12.7],
			"rotation": { "angle": -22.5, "axis": "z", "origin": [9, -3, 12.5] },
			"faces": {
				"north": { "uv": [7.5, 8.5, 8, 10], "texture": "#30" },
				"east": { "uv": [8, 8.5, 8.5, 10], "texture": "#30" },
				"south": { "uv": [8.5, 8.5, 9, 10], "texture": "#30" },
				"west": { "uv": [0, 9, 0.5, 10.5], "texture": "#30" },
				"up": { "uv": [2.5, 9.5, 2, 9], "texture": "#30" },
				"down": { "uv": [9.5, 2, 9, 2.5], "texture": "#30" }
			}
		},
		{
			"from": [11.8, 3, 8.8],
			"to": [11.8, 6, 12.8],
			"rotation": { "angle": -22.5, "axis": "z", "origin": [9, -3, 12.5] },
			"faces": {
				"north": { "uv": [0, 0, 0, 1.5], "texture": "#30" },
				"east": { "uv": [5, 1.5, 7, 3], "texture": "#30" },
				"south": { "uv": [0, 0, 0, 1.5], "texture": "#30" },
				"west": { "uv": [5, 3, 7, 4.5], "texture": "#30" },
				"up": { "uv": [0, 2, 0, 0], "texture": "#30" },
				"down": { "uv": [0, 0, 0, 2], "texture": "#30" }
			}
		},
		{
			"from": [9.8, 3, 10.8],
			"to": [13.8, 6, 10.8],
			"rotation": { "angle": -22.5, "axis": "z", "origin": [9, -3, 12.5] },
			"faces": {
				"north": { "uv": [0, 6, 2, 7.5], "texture": "#30" },
				"east": { "uv": [0, 0, 0, 1.5], "texture": "#30" },
				"south": { "uv": [2, 6, 4, 7.5], "texture": "#30" },
				"west": { "uv": [0, 0, 0, 1.5], "texture": "#30" },
				"up": { "uv": [2, 0, 0, 0], "texture": "#30" },
				"down": { "uv": [2, 0, 0, 0], "texture": "#30" }
			}
		},
		{
			"from": [11.3, 2, 10.3],
			"to": [12.3, 5, 11.3],
			"rotation": { "angle": -22.5, "axis": "z", "origin": [9, -3, 12.5] },
			"faces": {
				"north": { "uv": [9, 0, 9.5, 1.5], "texture": "#30" },
				"east": { "uv": [0.5, 9, 1, 10.5], "texture": "#30" },
				"south": { "uv": [1, 9, 1.5, 10.5], "texture": "#30" },
				"west": { "uv": [1.5, 9, 2, 10.5], "texture": "#30" },
				"up": { "uv": [3, 9.5, 2.5, 9], "texture": "#30" },
				"down": { "uv": [9.5, 2.5, 9, 3], "texture": "#30" }
			}
		},
		{
			"from": [7.9, 3, 10.8],
			"to": [11.9, 6, 10.8],
			"rotation": { "angle": -22.5, "axis": "z", "origin": [9, -3, 12.5] },
			"faces": {
				"north": { "uv": [4, 6, 6, 7.5], "texture": "#30" },
				"east": { "uv": [0, 0, 0, 1.5], "texture": "#30" },
				"south": { "uv": [6, 4.5, 8, 6], "texture": "#30" },
				"west": { "uv": [0, 0, 0, 1.5], "texture": "#30" },
				"up": { "uv": [2, 0, 0, 0], "texture": "#30" },
				"down": { "uv": [2, 0, 0, 0], "texture": "#30" }
			}
		},
		{
			"from": [9.9, 3, 8.8],
			"to": [9.9, 6, 12.8],
			"rotation": { "angle": -22.5, "axis": "z", "origin": [9, -3, 12.5] },
			"faces": {
				"north": { "uv": [0, 0, 0, 1.5], "texture": "#30" },
				"east": { "uv": [6, 6, 8, 7.5], "texture": "#30" },
				"south": { "uv": [0, 0, 0, 1.5], "texture": "#30" },
				"west": { "uv": [7, 0, 9, 1.5], "texture": "#30" },
				"up": { "uv": [0, 2, 0, 0], "texture": "#30" },
				"down": { "uv": [0, 0, 0, 2], "texture": "#30" }
			}
		},
		{
			"from": [9, -1, 10],
			"to": [13, 2, 13],
			"rotation": { "angle": -22.5, "axis": "z", "origin": [9, -3, 12.5] },
			"faces": {
				"north": { "uv": [7, 1.5, 9, 3], "texture": "#30" },
				"east": { "uv": [4, 7.5, 5.5, 9], "texture": "#30" },
				"south": { "uv": [7, 3, 9, 4.5], "texture": "#30" },
				"west": { "uv": [5.5, 7.5, 7, 9], "texture": "#30" },
				"up": { "uv": [2, 9, 0, 7.5], "texture": "#30" },
				"down": { "uv": [4, 7.5, 2, 9], "texture": "#30" }
			}
		}
	],
	"gui_light": "front",
	"display": {
		"thirdperson_righthand": {
			"rotation": [-120, 0, 180],
			"translation": [4, 2.25, 9]
		},
		"thirdperson_lefthand": {
			"rotation": [-117, 6, 129],
			"translation": [-9, -1, 3.25]
		},
		"firstperson_righthand": {
			"rotation": [0, 180, 0],
			"translation": [5.25, 7, 0.75],
			"scale": [0.5, 0.5, 0.5]
		},
		"firstperson_lefthand": {
			"translation": [3, 8.75, -0.25],
			"scale": [0.5, 0.5, 0.5]
		},
		"ground": {
			"translation": [0, 6.5, -4.25],
			"scale": [0.5, 0.5, 0.5]
		},
		"gui": {
			"rotation": [0, 15, -15],
			"translation": [-1, 10.75, 0]
		},
		"head": {
			"translation": [-1.5, -24, -0.5],
			"scale": [2, 2, 2]
		},
		"fixed": {
			"rotation": [-180, 0, -180],
			"translation": [6, 23, 5],
			"scale": [2, 2, 2]
		}
	},
	"groups": [
		{
			"name": "robinarrows_simple",
			"origin": [9, -3, 12.5],
			"color": 0,
			"children": [0, 1, 2, 3, 4, 5, 6, 7, 8, 9, 10]
		}
	]
}
