{
	"credit": "Made by Elo106",
	"texture_size": [32, 32],
	"textures": {
		"16": "vs:item/vs_back_farmer"
	},
	"elements": [
		{
			"from": [4, -1, 10],
			"to": [12, 1, 18],
			"rotation": { "angle": 0, "axis": "y", "origin": [7.5, 0.5, 10.5] },
			"faces": {
				"north": { "uv": [6.5, 5.5, 8.5, 6], "texture": "#16" },
				"east": { "uv": [0, 7, 2, 7.5], "texture": "#16" },
				"south": { "uv": [2, 7, 4, 7.5], "texture": "#16" },
				"west": { "uv": [0, 7.5, 2, 8], "texture": "#16" },
				"up": { "uv": [6.5, 2, 4.5, 0], "texture": "#16" },
				"down": { "uv": [6.5, 2, 4.5, 4], "texture": "#16" }
			}
		},
		{
			"from": [3.999, -9.001, 9.999],
			"to": [12.001, -0.999, 18.001],
			"rotation": { "angle": 0, "axis": "y", "origin": [7.5, 0.5, 10.5] },
			"faces": {
				"north": { "uv": [4.5, 4, 6.5, 6], "texture": "#16" },
				"east": { "uv": [4.5, 4, 6.5, 6], "texture": "#16" },
				"south": { "uv": [4.5, 4, 6.5, 6], "texture": "#16" },
				"west": { "uv": [4.5, 4, 6.5, 6], "texture": "#16" },
				"up": { "uv": [8, 8, 6, 6], "texture": "#16" },
				"down": { "uv": [8.5, 0, 6.5, 2], "texture": "#16" }
			}
		},
		{
			"from": [3.5, -7, 9],
			"to": [12.5, -6, 19],
			"rotation": { "angle": 22.5, "axis": "x", "origin": [8, -6.5, 14] },
			"faces": {
				"north": { "uv": [8, 6.75, 10.25, 7], "texture": "#16" },
				"east": { "uv": [5.25, 8, 7.75, 8.25], "texture": "#16" },
				"south": { "uv": [8, 7, 10.25, 7.25], "texture": "#16" },
				"west": { "uv": [8, 6, 10.5, 6.25], "texture": "#16" },
				"up": { "uv": [2.25, 2.5, 0, 0], "texture": "#16" },
				"down": { "uv": [4.5, 0, 2.25, 2.5], "texture": "#16" }
			}
		},
		{
			"from": [3.499, -5.001, 8.999],
			"to": [12.501, -3.999, 19.001],
			"rotation": { "angle": -22.5, "axis": "x", "origin": [8, -4.5, 14] },
			"faces": {
				"north": { "uv": [8, 7.25, 10.25, 7.5], "texture": "#16" },
				"east": { "uv": [8, 6.25, 10.5, 6.5], "texture": "#16" },
				"south": { "uv": [8, 7.5, 10.25, 7.75], "texture": "#16" },
				"west": { "uv": [8, 6.5, 10.5, 6.75], "texture": "#16" },
				"up": { "uv": [2.25, 5, 0, 2.5], "texture": "#16" },
				"down": { "uv": [4.5, 2.5, 2.25, 5], "texture": "#16" }
			}
		},
		{
			"from": [8, -1.5, 12],
			"to": [10, 0.5, 14],
			"rotation": { "angle": 45, "axis": "z", "origin": [10, 0, 13] },
			"faces": {
				"north": { "uv": [4, 5, 4.5, 5.5], "texture": "#16" },
				"east": { "uv": [4, 5.5, 4.5, 6], "texture": "#16" },
				"south": { "uv": [7.75, 8, 8.25, 8.5], "texture": "#16" },
				"west": { "uv": [8.25, 2, 8.75, 2.5], "texture": "#16" },
				"up": { "uv": [8.75, 3, 8.25, 2.5], "texture": "#16" },
				"down": { "uv": [8.75, 3, 8.25, 3.5], "texture": "#16" }
			}
		},
		{
			"from": [9, -2, 15],
			"to": [11, 0, 17],
			"rotation": { "angle": 0, "axis": "y", "origin": [10, 0, 13] },
			"faces": {
				"north": { "uv": [8.25, 3.5, 8.75, 4], "texture": "#16" },
				"east": { "uv": [8.25, 4, 8.75, 4.5], "texture": "#16" },
				"south": { "uv": [8.25, 4.5, 8.75, 5], "texture": "#16" },
				"west": { "uv": [8.25, 5, 8.75, 5.5], "texture": "#16" },
				"up": { "uv": [5.75, 8.75, 5.25, 8.25], "texture": "#16" },
				"down": { "uv": [6.25, 8.25, 5.75, 8.75], "texture": "#16" }
			}
		},
		{
			"from": [6, -1, 15],
			"to": [8, 1, 17],
			"rotation": { "angle": 22.5, "axis": "x", "origin": [9, 0, 13] },
			"faces": {
				"north": { "uv": [6.25, 8.25, 6.75, 8.75], "texture": "#16" },
				"east": { "uv": [6.75, 8.25, 7.25, 8.75], "texture": "#16" },
				"south": { "uv": [7.25, 8.25, 7.75, 8.75], "texture": "#16" },
				"west": { "uv": [8.25, 7.75, 8.75, 8.25], "texture": "#16" },
				"up": { "uv": [8.75, 8.75, 8.25, 8.25], "texture": "#16" },
				"down": { "uv": [0.5, 8.5, 0, 9], "texture": "#16" }
			}
		},
		{
			"from": [5.5, -2, 12],
			"to": [7.5, 0, 14],
			"rotation": { "angle": -22.5, "axis": "z", "origin": [6.5, 0, 13] },
			"faces": {
				"north": { "uv": [8.5, 0, 9, 0.5], "texture": "#16" },
				"east": { "uv": [0.5, 8.5, 1, 9], "texture": "#16" },
				"south": { "uv": [8.5, 0.5, 9, 1], "texture": "#16" },
				"west": { "uv": [1, 8.5, 1.5, 9], "texture": "#16" },
				"up": { "uv": [9, 1.5, 8.5, 1], "texture": "#16" },
				"down": { "uv": [2, 8.5, 1.5, 9], "texture": "#16" }
			}
		},
		{
			"from": [11.5, 1, 17.5],
			"to": [4.5, -1, 10.5],
			"rotation": { "angle": 0, "axis": "y", "origin": [8, -4, 14] },
			"faces": {
				"north": { "uv": [2, 7.5, 3.75, 8], "texture": "#16" },
				"east": { "uv": [0, 8, 1.75, 8.5], "texture": "#16" },
				"south": { "uv": [1.75, 8, 3.5, 8.5], "texture": "#16" },
				"west": { "uv": [3.5, 8, 5.25, 8.5], "texture": "#16" },
				"up": { "uv": [8.25, 3.75, 6.5, 2], "texture": "#16" },
				"down": { "uv": [8.25, 3.75, 6.5, 5.5], "texture": "#16" }
			}
		}
	],
	"gui_light": "front",
	"display": {
		"thirdperson_righthand": {
			"rotation": [-120, 0, 180],
			"translation": [1, 1.75, 7.75]
		},
		"thirdperson_lefthand": {
			"rotation": [-120, 0, 180],
			"translation": [1, 1.75, 7.75]
		},
		"firstperson_righthand": {
			"rotation": [0, -45, 0],
			"translation": [4, 8.25, -4.5],
			"scale": [0.5, 0.5, 0.5]
		},
		"firstperson_lefthand": {
			"rotation": [0, -45, 0],
			"translation": [4, 8.25, -4.5],
			"scale": [0.5, 0.5, 0.5]
		},
		"ground": {
			"translation": [0, 6.5, -4.25],
			"scale": [0.5, 0.5, 0.5]
		},
		"gui": {
			"rotation": [35, 45, 0],
			"translation": [-4.25, 12.25, 0]
		},
		"head": {
			"rotation": [-170, 0, -180],
			"translation": [0, -29, 28.75],
			"scale": [2, 2, 2]
		},
		"fixed": {
			"rotation": [90, 0, 180],
			"translation": [0, 11.75, -33],
			"scale": [2, 2, 2]
		}
	},
	"groups": [
		{
			"name": "farmersbasket",
			"origin": [8, -4, 16],
			"color": 0,
			"children": [0, 1, 2, 3, 4, 5, 6, 7, 8]
		}
	]
}
