{
	"credit": "Made by Elo106",
	"texture_size": [32, 32],
	"textures": {
		"23": "vs:item/vs_back_dive"
	},
	"elements": [
		{
			"from": [4, -9, 12],
			"to": [7, 1, 15],
			"rotation": { "angle": 45, "axis": "y", "origin": [5.5, 0.5, 13.5] },
			"faces": {
				"north": { "uv": [5, 2.5, 6.5, 7.5], "texture": "#23" },
				"east": { "uv": [6.5, 2.5, 8, 7.5], "texture": "#23" },
				"south": { "uv": [0, 7.5, 1.5, 12.5], "texture": "#23" },
				"west": { "uv": [1.5, 7.5, 3, 12.5], "texture": "#23" },
				"up": { "uv": [12, 4.5, 10.5, 3], "texture": "#23" },
				"down": { "uv": [12, 4.5, 10.5, 6], "texture": "#23" }
			}
		},
		{
			"from": [9, -9, 12],
			"to": [12, 1, 15],
			"rotation": { "angle": 45, "axis": "y", "origin": [10.5, -4, 13.5] },
			"faces": {
				"north": { "uv": [3, 7.5, 4.5, 12.5], "texture": "#23" },
				"east": { "uv": [4.5, 7.5, 6, 12.5], "texture": "#23" },
				"south": { "uv": [6, 7.5, 7.5, 12.5], "texture": "#23" },
				"west": { "uv": [7.5, 7.5, 9, 12.5], "texture": "#23" },
				"up": { "uv": [12, 7.5, 10.5, 6], "texture": "#23" },
				"down": { "uv": [10.5, 10.5, 9, 12], "texture": "#23" }
			}
		},
		{
			"from": [4.5, 1, 12.5],
			"to": [6.5, 2, 14.5],
			"rotation": { "angle": 45, "axis": "y", "origin": [5.5, 1.5, 13.5] },
			"faces": {
				"north": { "uv": [0, 12.5, 1, 13], "texture": "#23" },
				"east": { "uv": [1, 12.5, 2, 13], "texture": "#23" },
				"south": { "uv": [2, 12.5, 3, 13], "texture": "#23" },
				"west": { "uv": [3, 12.5, 4, 13], "texture": "#23" },
				"up": { "uv": [10, 13, 9, 12], "texture": "#23" },
				"down": { "uv": [11, 12, 10, 13], "texture": "#23" }
			}
		},
		{
			"from": [9.5, 1, 12.5],
			"to": [11.5, 2, 14.5],
			"rotation": { "angle": 45, "axis": "y", "origin": [10.5, 1.5, 13.5] },
			"faces": {
				"north": { "uv": [4, 12.5, 5, 13], "texture": "#23" },
				"east": { "uv": [5, 12.5, 6, 13], "texture": "#23" },
				"south": { "uv": [6, 12.5, 7, 13], "texture": "#23" },
				"west": { "uv": [7, 12.5, 8, 13], "texture": "#23" },
				"up": { "uv": [12, 13, 11, 12], "texture": "#23" },
				"down": { "uv": [13, 12, 12, 13], "texture": "#23" }
			}
		},
		{
			"from": [5.501, 1.001, 13.001],
			"to": [10.499, 1.999, 13.999],
			"rotation": { "angle": 0, "axis": "y", "origin": [10.5, 1.5, 13.5] },
			"faces": {
				"north": { "uv": [12, 3.5, 14.5, 4], "texture": "#23" },
				"east": { "uv": [12.5, 9, 13, 9.5], "texture": "#23" },
				"south": { "uv": [12, 4, 14.5, 4.5], "texture": "#23" },
				"west": { "uv": [12.5, 9.5, 13, 10], "texture": "#23" },
				"up": { "uv": [14.5, 5, 12, 4.5], "texture": "#23" },
				"down": { "uv": [14.5, 5, 12, 5.5], "texture": "#23" }
			}
		},
		{
			"from": [4.5, -2, 9],
			"to": [11.5, -1, 11],
			"rotation": { "angle": 0, "axis": "y", "origin": [5.5, 0.5, 13.5] },
			"faces": {
				"north": { "uv": [10.5, 10.5, 14, 11], "texture": "#23" },
				"east": { "uv": [12.5, 7.5, 13.5, 8], "texture": "#23" },
				"south": { "uv": [10.5, 11, 14, 11.5], "texture": "#23" },
				"west": { "uv": [8, 12.5, 9, 13], "texture": "#23" },
				"up": { "uv": [12.5, 8.5, 9, 7.5], "texture": "#23" },
				"down": { "uv": [12.5, 8.5, 9, 9.5], "texture": "#23" }
			}
		},
		{
			"from": [4.5, -7, 9],
			"to": [11.5, -6, 11],
			"rotation": { "angle": 0, "axis": "y", "origin": [5.5, 0.5, 13.5] },
			"faces": {
				"north": { "uv": [10.5, 11.5, 14, 12], "texture": "#23" },
				"east": { "uv": [12.5, 8, 13.5, 8.5], "texture": "#23" },
				"south": { "uv": [12, 3, 15.5, 3.5], "texture": "#23" },
				"west": { "uv": [12.5, 8.5, 13.5, 9], "texture": "#23" },
				"up": { "uv": [12.5, 10.5, 9, 9.5], "texture": "#23" },
				"down": { "uv": [13.5, 0, 10, 1], "texture": "#23" }
			}
		},
		{
			"from": [3, -2, 11],
			"to": [13, -1, 16],
			"rotation": { "angle": 0, "axis": "y", "origin": [5.5, 0.5, 13.5] },
			"faces": {
				"north": { "uv": [10, 1, 15, 1.5], "texture": "#23" },
				"east": { "uv": [12, 5.5, 14.5, 6], "texture": "#23" },
				"south": { "uv": [10, 1.5, 15, 2], "texture": "#23" },
				"west": { "uv": [12, 6, 14.5, 6.5], "texture": "#23" },
				"up": { "uv": [5, 2.5, 0, 0], "texture": "#23" },
				"down": { "uv": [5, 2.5, 0, 5], "texture": "#23" }
			}
		},
		{
			"from": [3, -7, 11],
			"to": [13, -6, 16],
			"rotation": { "angle": 0, "axis": "y", "origin": [5.5, 0.5, 13.5] },
			"faces": {
				"north": { "uv": [10, 2, 15, 2.5], "texture": "#23" },
				"east": { "uv": [12, 6.5, 14.5, 7], "texture": "#23" },
				"south": { "uv": [10.5, 2.5, 15.5, 3], "texture": "#23" },
				"west": { "uv": [12, 7, 14.5, 7.5], "texture": "#23" },
				"up": { "uv": [5, 7.5, 0, 5], "texture": "#23" },
				"down": { "uv": [10, 0, 5, 2.5], "texture": "#23" }
			}
		},
		{
			"from": [9.71421, -1.1, 13.499],
			"to": [14.71421, 3.9, 13.499],
			"rotation": { "angle": 0, "axis": "y", "origin": [11.91421, 2, 13.499] },
			"faces": {
				"north": { "uv": [10.5, 5, 8, 7.5], "texture": "#23" },
				"east": { "uv": [0, 0, 0, 2.5], "texture": "#23" },
				"south": { "uv": [8, 5, 10.5, 7.5], "texture": "#23" },
				"west": { "uv": [0, 0, 0, 2.5], "texture": "#23" },
				"up": { "uv": [2.5, 0, 0, 0], "texture": "#23" },
				"down": { "uv": [2.5, 0, 0, 0], "texture": "#23" }
			}
		}
	],
	"gui_light": "front",
	"display": {
		"thirdperson_righthand": {
			"rotation": [-120, 0, 180],
			"translation": [1, 1.5, 10.5]
		},
		"thirdperson_lefthand": {
			"rotation": [-120, 0, 180],
			"translation": [1, 1.5, 10.5]
		},
		"firstperson_righthand": {
			"rotation": [0, -45, 0],
			"translation": [4, 8.25, -4.5],
			"scale": [0.5, 0.5, 0.5]
		},
		"firstperson_lefthand": {
			"rotation": [0, -45, 0],
			"translation": [4, 8.25, -4.5],
			"scale": [0.5, 0.5, 0.5]
		},
		"ground": {
			"translation": [0, 6.5, -4.25],
			"scale": [0.5, 0.5, 0.5]
		},
		"gui": {
			"rotation": [35, 45, 0],
			"translation": [-3, 10.75, 0]
		},
		"head": {
			"translation": [0, -24, -0.5],
			"scale": [2, 2, 2]
		},
		"fixed": {
			"rotation": [90, 0, 180],
			"translation": [0, 11.75, -33],
			"scale": [2, 2, 2]
		}
	},
	"groups": [
		{
			"name": "oxygen",
			"origin": [5.5, 0.5, 13.5],
			"color": 0,
			"children": [0, 1, 2, 3, 4, 5, 6, 7, 8, 9]
		}
	]
}
