{
	"credit": "Made by Elo106",
	"texture_size": [32, 32],
	"textures": {
		"17": "vs:item/vs_back_witch"
	},
	"elements": [
		{
			"from": [3.999, -8.001, 10.499],
			"to": [12.001, 0.001, 18.501],
			"rotation": { "angle": 0, "axis": "y", "origin": [7.5, 0.5, 11] },
			"faces": {
				"north": { "uv": [4.5, 0, 6.5, 2], "texture": "#17" },
				"east": { "uv": [4.5, 2, 6.5, 4], "texture": "#17" },
				"south": { "uv": [4.5, 4, 6.5, 6], "texture": "#17" },
				"west": { "uv": [0, 5, 2, 7], "texture": "#17" },
				"up": { "uv": [4, 7, 2, 5], "texture": "#17" },
				"down": { "uv": [6, 6, 4, 8], "texture": "#17" }
			}
		},
		{
			"from": [8.84776, -3.76537, 13.5],
			"to": [9.84776, 4.23463, 14.5],
			"rotation": { "angle": -22.5, "axis": "z", "origin": [9.34776, 0.23463, 14] },
			"faces": {
				"north": { "uv": [4.5, 8, 4.75, 10], "texture": "#17" },
				"east": { "uv": [4.75, 8, 5, 10], "texture": "#17" },
				"south": { "uv": [5, 8, 5.25, 10], "texture": "#17" },
				"west": { "uv": [5.25, 8, 5.5, 10], "texture": "#17" },
				"up": { "uv": [4.25, 5.25, 4, 5], "texture": "#17" },
				"down": { "uv": [4.5, 5, 4.25, 5.25], "texture": "#17" }
			}
		},
		{
			"from": [6.15224, -3.76537, 14.5],
			"to": [7.15224, 4.23463, 15.5],
			"rotation": { "angle": 22.5, "axis": "z", "origin": [6.65224, 0.23463, 14] },
			"faces": {
				"north": { "uv": [5.5, 8, 5.75, 10], "texture": "#17" },
				"east": { "uv": [5.75, 8, 6, 10], "texture": "#17" },
				"south": { "uv": [6, 8, 6.25, 10], "texture": "#17" },
				"west": { "uv": [8, 6, 8.25, 8], "texture": "#17" },
				"up": { "uv": [4.25, 5.5, 4, 5.25], "texture": "#17" },
				"down": { "uv": [4.5, 5.25, 4.25, 5.5], "texture": "#17" }
			}
		},
		{
			"from": [8.84776, -3.76537, 15.5],
			"to": [9.84776, 4.23463, 16.5],
			"rotation": { "angle": 22.5, "axis": "x", "origin": [9.34776, 0.23463, 14] },
			"faces": {
				"north": { "uv": [6.25, 8, 6.5, 10], "texture": "#17" },
				"east": { "uv": [6.5, 8, 6.75, 10], "texture": "#17" },
				"south": { "uv": [6.75, 8, 7, 10], "texture": "#17" },
				"west": { "uv": [7, 8, 7.25, 10], "texture": "#17" },
				"up": { "uv": [4.25, 5.75, 4, 5.5], "texture": "#17" },
				"down": { "uv": [4.5, 5.5, 4.25, 5.75], "texture": "#17" }
			}
		},
		{
			"from": [6.84776, -9.76537, 11.5],
			"to": [7.84776, -1.76537, 12.5],
			"rotation": { "angle": -22.5, "axis": "x", "origin": [9.34776, 0.23463, -1] },
			"faces": {
				"north": { "uv": [7.25, 8, 7.5, 10], "texture": "#17" },
				"east": { "uv": [7.5, 8, 7.75, 10], "texture": "#17" },
				"south": { "uv": [7.75, 8, 8, 10], "texture": "#17" },
				"west": { "uv": [8, 8, 8.25, 10], "texture": "#17" },
				"up": { "uv": [4.25, 6, 4, 5.75], "texture": "#17" },
				"down": { "uv": [4.5, 5.75, 4.25, 6], "texture": "#17" }
			}
		},
		{
			"from": [3.5, -5.50733, 9.49582],
			"to": [12.5, -4.50733, 19.49582],
			"rotation": { "angle": 22.5, "axis": "x", "origin": [8, -5.00733, 14.99582] },
			"faces": {
				"north": { "uv": [0, 7.5, 2.25, 7.75], "texture": "#17" },
				"east": { "uv": [6.5, 5.5, 9, 5.75], "texture": "#17" },
				"south": { "uv": [0, 7.75, 2.25, 8], "texture": "#17" },
				"west": { "uv": [6.5, 5.75, 9, 6], "texture": "#17" },
				"up": { "uv": [2.25, 2.5, 0, 0], "texture": "#17" },
				"down": { "uv": [4.5, 0, 2.25, 2.5], "texture": "#17" }
			}
		},
		{
			"from": [3.499, -3.50833, 9.49482],
			"to": [12.501, -2.50633, 19.49682],
			"rotation": { "angle": -22.5, "axis": "x", "origin": [8, -3.00733, 14.99582] },
			"faces": {
				"north": { "uv": [0, 8, 2.25, 8.25], "texture": "#17" },
				"east": { "uv": [0, 7, 2.5, 7.25], "texture": "#17" },
				"south": { "uv": [2.25, 8, 4.5, 8.25], "texture": "#17" },
				"west": { "uv": [0, 7.25, 2.5, 7.5], "texture": "#17" },
				"up": { "uv": [2.25, 5, 0, 2.5], "texture": "#17" },
				"down": { "uv": [4.5, 2.5, 2.25, 5], "texture": "#17" }
			}
		},
		{
			"from": [4, 0, 10.5],
			"to": [12, 1, 18.5],
			"rotation": { "angle": 0, "axis": "y", "origin": [7.5, 0.5, 11] },
			"faces": {
				"north": { "uv": [0, 8.25, 2, 8.5], "texture": "#17" },
				"east": { "uv": [2, 8.25, 4, 8.5], "texture": "#17" },
				"south": { "uv": [8.25, 2, 10.25, 2.25], "texture": "#17" },
				"west": { "uv": [8.25, 2.25, 10.25, 2.5], "texture": "#17" },
				"up": { "uv": [8, 8, 6, 6], "texture": "#17" },
				"down": { "uv": [8.5, 0, 6.5, 2], "texture": "#17" }
			}
		},
		{
			"from": [11, 1, 17.5],
			"to": [5, 0, 11.5],
			"rotation": { "angle": 0, "axis": "y", "origin": [7.5, 0.5, 11] },
			"faces": {
				"north": { "uv": [2.25, 7.5, 3.75, 7.75], "texture": "#17" },
				"east": { "uv": [2.25, 7.75, 3.75, 8], "texture": "#17" },
				"south": { "uv": [8.25, 2.5, 9.75, 2.75], "texture": "#17" },
				"west": { "uv": [8.25, 2.75, 9.75, 3], "texture": "#17" },
				"up": { "uv": [8.25, 3.75, 6.5, 2], "texture": "#17" },
				"down": { "uv": [8.25, 3.75, 6.5, 5.5], "texture": "#17" }
			}
		}
	],
	"gui_light": "front",
	"display": {
		"thirdperson_righthand": {
			"rotation": [-120, 0, 180],
			"translation": [1.5, 1.5, 10.5]
		},
		"thirdperson_lefthand": {
			"rotation": [-120, 0, 180],
			"translation": [0.5, 1.5, 10.5]
		},
		"firstperson_righthand": {
			"rotation": [0, -45, 0],
			"translation": [4, 8.25, -4.5],
			"scale": [0.5, 0.5, 0.5]
		},
		"firstperson_lefthand": {
			"rotation": [0, -45, 0],
			"translation": [4, 8.25, -4.5],
			"scale": [0.5, 0.5, 0.5]
		},
		"ground": {
			"translation": [0, 6.5, -4.25],
			"scale": [0.5, 0.5, 0.5]
		},
		"gui": {
			"rotation": [35, 45, 0],
			"translation": [-4.5, 11.5, 0]
		},
		"head": {
			"rotation": [6, 0, 0],
			"translation": [0, -27.75, 2.5],
			"scale": [2, 2, 2]
		},
		"fixed": {
			"rotation": [90, 0, 180],
			"translation": [0, 13, -30.75],
			"scale": [2, 2, 2]
		}
	},
	"groups": [
		{
			"name": "hexenkessel",
			"origin": [7.5, 0.5, 12.5],
			"color": 0,
			"children": [0, 1, 2, 3, 4, 5, 6, 7, 8]
		}
	]
}
