{
	"activatebow": {
		"sounds": ["lom:activatebow"]
	},
	"activateshield": {
		"sounds": ["lom:activateshield"]
	},
	"activatesword": {
		"sounds": ["lom:activatesword"]
	},
	"toolaxehit": {
		"sounds": ["lom:toolaxehit1", "lom:toolaxehit2"]
	},
	"toolwoodchop": {
		"sounds": ["lom:toolwoodchop1", "lom:toolwoodchop2", "lom:toolwoodchop3", "lom:toolwoodchop4"]
	},
	"axe.chop": {
		"sounds": ["lom:axe/axe.chop1", "lom:axe/axe.chop2", "lom:axe/axe.chop3", "lom:axe/axe.chop4", "lom:axe/axe.chop5"]
	},
	"axe.timber": {
		"sounds": ["lom:axe/axe.timber1", "lom:axe/axe.timber2", "lom:axe/axe.timber3", "lom:axe/axe.timber4", "lom:axe/axe.timber5"]
	},
	"pickaxe.mine": {
		"sounds": [
			"lom:pickaxe/pickaxe.mine1",
			"lom:pickaxe/pickaxe.mine2",
			"lom:pickaxe/pickaxe.mine3",
			"lom:pickaxe/pickaxe.mine4",
			"lom:pickaxe/pickaxe.mine5"
		]
	},
	"pickaxe.break": {
		"sounds": [
			"lom:pickaxe/pickaxe.break1",
			"lom:pickaxe/pickaxe.break2",
			"lom:pickaxe/pickaxe.break3",
			"lom:pickaxe/pickaxe.break4",
			"lom:pickaxe/pickaxe.break5"
		]
	},
	"pop": {
		"sounds": [
			{
				"name": "lom:misc/pop",
				"stream": true
			}
		]
	},
	"d20": {
		"sounds": [
			{
				"name": "lom:misc/d20",
				"stream": true
			}
		]
	},
	"wpnmonstersmash": {
		"sounds": ["lom:wpnmonstersmash1", "lom:wpnmonstersmash2", "lom:wpnmonstersmash3", "lom:wpnmonstersmash4"]
	},
	"wpnmonstersmashbig": {
		"sounds": ["lom:wpnmonstersmashbig1", "lom:wpnmonstersmashbig2", "lom:wpnmonstersmashbig3"]
	},
	"wpnwarhammer": {
		"sounds": ["lom:wpnwarhammer1", "lom:wpnwarhammer2", "lom:wpnwarhammer3", "lom:wpnwarhammer4"]
	},
	"wpncrossbow": {
		"sounds": ["lom:wpncrossbow1", "lom:wpncrossbow2", "lom:wpncrossbow3", "lom:wpncrossbow4"]
	},
	"emeraldbowfire": {
		"sounds": ["lom:emeraldbowfire1", "lom:emeraldbowfire2", "lom:emeraldbowfire3"]
	},
	"emeraldbowdraw": {
		"sounds": ["lom:emeraldbowdraw"]
	},
	"hatdragonwarrior": {
		"sounds": ["lom:hatdragonwarrior"]
	},
	"hatdragonsbreath": {
		"sounds": ["lom:hatdragonsbreath"]
	},
	"hatpharaoh": {
		"sounds": ["lom:hatpharaoh"]
	},
	"hatwolfhunter": {
		"sounds": ["lom:hatwolfhunter"]
	},
	"general.offcooldown": {
		"sounds": ["lom:general.offcooldown"]
	},
	"doomeventbarnyard": {
		"sounds": [
			{
				"name": "lom:doomeventbarnyard",
				"stream": true
			}
		]
	},
	"doomeventbopen": {
		"sounds": [
			{
				"name": "lom:doomeventbopen",
				"stream": true
			}
		]
	},
	"doomeventkrungor": {
		"sounds": [
			{
				"name": "lom:doomeventkrungor",
				"stream": true
			}
		]
	},
	"doomevent1": {
		"sounds": [
			{
				"name": "lom:doomevent1",
				"stream": true
			}
		]
	},
	"doomevent2": {
		"sounds": [
			{
				"name": "lom:doomevent2",
				"stream": true
			}
		]
	},
	"doomevent3": {
		"sounds": [
			{
				"name": "lom:doomevent3",
				"stream": true
			}
		]
	},
	"doomevent4": {
		"sounds": [
			{
				"name": "lom:doomevent4",
				"stream": true
			}
		]
	},
	"doomevent5": {
		"sounds": [
			{
				"name": "lom:doomevent5",
				"stream": true
			}
		]
	},
	"wpnwarpweaver": {
		"sounds": ["lom:wpnwarpweaver"]
	},
	"wpnplunder": {
		"sounds": ["lom:wpnplunder"]
	},
	"wind": {
		"sounds": ["lom:wind"]
	},
	"wpnsos": {
		"sounds": [
			{
				"name": "lom:wpnsos",
				"stream": true
			}
		]
	},
	"magiccoil": {
		"sounds": [
			{
				"name": "lom:magiccoil",
				"stream": true
			}
		]
	},
	"wpnbuffalohorn": {
		"sounds": [
			{
				"name": "lom:wpnbuffalohorn",
				"stream": true
			}
		]
	},
	"wpnproc": {
		"sounds": [
			{
				"name": "lom:wpnproc",
				"stream": true
			}
		]
	},
	"general.hitding": {
		"sounds": [
			{
				"name": "lom:general.hitding",
				"stream": false
			}
		]
	},
	"warhammercharge": {
		"sounds": [
			{
				"name": "lom:warhammercharge",
				"stream": false
			}
		]
	},
	"warhammerrankup": {
		"sounds": [
			{
				"name": "lom:warhammerrankup",
				"stream": false
			}
		]
	},
	"runebladerunedash": {
		"sounds": [
			{
				"name": "lom:runebladerunedash",
				"stream": false
			}
		]
	},
	"wpnenchantedlamp": {
		"sounds": ["lom:wpnenchantedlamp"]
	},
	"coin": {
		"sounds": [
			{
				"name": "lom:misc/coin"
			}
		]
	},
	"coinflip": {
		"sounds": [
			{
				"name": "lom:misc/coinflip"
			}
		]
	},
	"maliceintro": {
		"sounds": [
			{
				"name": "lom:maliceintro",
				"stream": true
			}
		]
	},
	"malicegeneral": {
		"sounds": [
			{
				"name": "lom:malicegeneral1",
				"stream": true
			},
			{
				"name": "lom:malicegeneral2",
				"stream": true
			},
			{
				"name": "lom:malicegeneral3",
				"stream": true
			},
			{
				"name": "lom:malicegeneral4",
				"stream": true
			},
			{
				"name": "lom:malicegeneral5",
				"stream": true
			},
			{
				"name": "lom:malicegeneral6",
				"stream": true
			},
			{
				"name": "lom:malicegeneral7",
				"stream": true
			},
			{
				"name": "lom:malicegeneral8",
				"stream": true
			}
		]
	},
	"maliceuse": {
		"sounds": [
			{
				"name": "lom:maliceuse1",
				"stream": true
			},
			{
				"name": "lom:maliceuse2",
				"stream": true
			},
			{
				"name": "lom:maliceuse3",
				"stream": true
			},
			{
				"name": "lom:maliceuse4",
				"stream": true
			},
			{
				"name": "lom:maliceuse5",
				"stream": true
			}
		]
	},
	"daragorfirebreath": {
		"sounds": ["lom:daragorfirebreath1", "lom:daragorfirebreath2", "lom:daragorfirebreath3"]
	},
	"introsong": {
		"sounds": [
			{
				"name": "lom:introsong",
				"stream": true
			}
		]
	},
	"entity.arrow.shoot": {
		"replace": true,
		"sounds": ["lom:random/custom.bow"],
		"subtitle": "subtitles.entity.arrow.shoot"
	},
	"entity.skeleton.shoot": {
		"replace": true,
		"sounds": ["lom:random/custom.bow"],
		"subtitle": "subtitles.entity.skeleton.shoot"
	},
	"entity.arrow.hit": {
		"replace": true,
		"sounds": ["lom:random/custom.bowhit1", "lom:random/custom.bowhit2", "lom:random/custom.bowhit3", "lom:random/custom.bowhit4"],
		"subtitle": "subtitles.entity.arrow.hit"
	},
	"roaminflamethrower": {
		"sounds": [
			{
				"name": "lom:roaminflamethrower"
			}
		]
	},
	"roaminheal": {
		"sounds": [
			{
				"name": "lom:roaminheal",
				"stream": true
			}
		]
	},
	"goblinaction": {
		"sounds": [
			{
				"name": "lom:goblinaction1",
				"stream": true
			},
			{
				"name": "lom:goblinaction2",
				"stream": true
			},
			{
				"name": "lom:goblinaction3",
				"stream": true
			},
			{
				"name": "lom:goblinaction4",
				"stream": true
			},
			{
				"name": "lom:goblinaction5",
				"stream": true
			},
			{
				"name": "lom:goblinaction6",
				"stream": true
			},
			{
				"name": "lom:goblinaction7",
				"stream": true
			}
		]
	},
	"goblinhurt": {
		"sounds": [
			{
				"name": "lom:goblinhurt1",
				"stream": true
			},
			{
				"name": "lom:goblinhurt2",
				"stream": true
			},
			{
				"name": "lom:goblinhurt3",
				"stream": true
			},
			{
				"name": "lom:goblinhurt4",
				"stream": true
			},
			{
				"name": "lom:goblinhurt5",
				"stream": true
			},
			{
				"name": "lom:goblinhurt6",
				"stream": true
			},
			{
				"name": "lom:goblinhurt7",
				"stream": true
			}
		]
	},
	"goblindie": {
		"sounds": [
			{
				"name": "lom:goblindie1",
				"stream": true
			},
			{
				"name": "lom:goblindie2",
				"stream": true
			},
			{
				"name": "lom:goblindie3",
				"stream": true
			}
		]
	},
	"goblinspawn": {
		"sounds": [
			{
				"name": "lom:goblinspawn1",
				"stream": true
			},
			{
				"name": "lom:goblinspawn2",
				"stream": true
			},
			{
				"name": "lom:goblinspawn3",
				"stream": true
			}
		]
	},
	"goblinkaboomready": {
		"sounds": [
			{
				"name": "lom:goblinkaboomready",
				"stream": true
			}
		]
	},
	"goblinkaboomfire": {
		"sounds": [
			{
				"name": "lom:goblinkaboomfire",
				"stream": true
			}
		]
	},
	"ogredie": {
		"sounds": [
			{
				"name": "lom:ogredie1",
				"stream": true
			},
			{
				"name": "lom:ogredie2",
				"stream": true
			},
			{
				"name": "lom:ogredie3",
				"stream": true
			},
			{
				"name": "lom:ogredie4",
				"stream": true
			}
		]
	},
	"ogrehurt": {
		"sounds": [
			{
				"name": "lom:ogrehurt1",
				"stream": true
			},
			{
				"name": "lom:ogrehurt2",
				"stream": true
			},
			{
				"name": "lom:ogrehurt3",
				"stream": true
			}
		]
	},
	"monsterheroevent": {
		"sounds": [
			{
				"name": "lom:monsterheroevent",
				"stream": true
			}
		]
	},
	"grand_paladin_authorization_required": {
		"sounds": [
			{
				"name": "lom:grand_paladin_authorization_required",
				"stream": true
			}
		]
	},
	"musical.levelup": {
		"sounds": [
			{
				"name": "lom:musical.levelup",
				"stream": true
			}
		]
	},
	"rat.laugh": {
		"sounds": [
			{
				"name": "lom:rat.laugh",
				"stream": true
			}
		]
	},
	"bow.reload": {
		"sounds": [
			{
				"name": "lom:bow.reload",
				"stream": true
			}
		]
	},
	"sword.prepare": {
		"sounds": [
			{
				"name": "lom:sword.prepare",
				"stream": true
			}
		]
	},
	"musical.oldgods": {
		"sounds": [
			{
				"name": "lom:musical.oldgods",
				"stream": true
			}
		]
	},
	"deathsound": {
		"sounds": [
			{
				"name": "lom:deathsound",
				"stream": true
			}
		]
	},
	"sawmillaccident": {
		"sounds": [
			{
				"name": "lom:sawmillaccident",
				"stream": true
			}
		]
	},
	"arcane.bigblast": {
		"sounds": [
			{
				"name": "lom:spells/arcane.bigblast",
				"stream": true
			}
		]
	},
	"arcane.blast": {
		"sounds": [
			{
				"name": "lom:spells/arcane.blast",
				"stream": true
			}
		]
	},
	"arcane.blob": {
		"sounds": [
			{
				"name": "lom:spells/arcane.blob"
			}
		]
	},
	"arcane.blobexplosion": {
		"sounds": [
			{
				"name": "lom:spells/arcane.blobexplosion",
				"stream": true
			}
		]
	},
	"arcane.blobhit": {
		"sounds": [
			{
				"name": "lom:spells/arcane.blobhit",
				"stream": true
			}
		]
	},
	"arcane.hit": {
		"sounds": [
			{
				"name": "lom:spells/arcane.hit",
				"stream": true
			}
		]
	},
	"arcane.mesmerize": {
		"sounds": [
			{
				"name": "lom:spells/arcane.mesmerize",
				"stream": true
			}
		]
	},
	"arcane.mindcontrol": {
		"sounds": [
			{
				"name": "lom:spells/arcane.mindcontrol",
				"stream": true
			}
		]
	},
	"arcane.powerdown": {
		"sounds": [
			{
				"name": "lom:spells/arcane.powerdown",
				"stream": true
			}
		]
	},
	"arcane.powerloop": {
		"sounds": [
			{
				"name": "lom:spells/arcane.powerloop",
				"stream": true
			}
		]
	},
	"arcane.resist": {
		"sounds": [
			{
				"name": "lom:spells/arcane.resist"
			}
		]
	},
	"arcane.shock": {
		"sounds": [
			{
				"name": "lom:spells/arcane.shock",
				"stream": true
			}
		]
	},
	"arcane.summon": {
		"sounds": [
			{
				"name": "lom:spells/arcane.summon",
				"stream": true
			}
		]
	},
	"arcane.time": {
		"sounds": [
			{
				"name": "lom:spells/arcane.time"
			}
		]
	},
	"arcane.tinkle": {
		"sounds": [
			{
				"name": "lom:spells/arcane.tinkle",
				"stream": true
			}
		]
	},
	"arcane.wormhole": {
		"sounds": [
			{
				"name": "lom:spells/arcane.wormhole",
				"stream": true
			}
		]
	},
	"cute.appear": {
		"sounds": [
			{
				"name": "lom:spells/cute.appear"
			}
		]
	},
	"cute.cast": {
		"sounds": [
			{
				"name": "lom:spells/cute.cast",
				"stream": true
			}
		]
	},
	"cute.charge": {
		"sounds": [
			{
				"name": "lom:spells/cute.charge"
			}
		]
	},
	"cute.explode": {
		"sounds": [
			{
				"name": "lom:spells/cute.explode"
			}
		]
	},
	"cute.fall": {
		"sounds": [
			{
				"name": "lom:spells/cute.fall"
			}
		]
	},
	"cute.get": {
		"sounds": [
			{
				"name": "lom:spells/cute.get"
			}
		]
	},
	"cute.getbig": {
		"sounds": [
			{
				"name": "lom:spells/cute.getbig"
			}
		]
	},
	"cute.getbiggest": {
		"sounds": [
			{
				"name": "lom:spells/cute.getbiggest"
			}
		]
	},
	"cute.hit": {
		"sounds": [
			{
				"name": "lom:spells/cute.hit"
			}
		]
	},
	"cute.levelup": {
		"sounds": [
			{
				"name": "lom:spells/cute.levelup"
			}
		]
	},
	"cute.reveal": {
		"sounds": [
			{
				"name": "lom:spells/cute.reveal",
				"stream": true
			}
		]
	},
	"cute.run": {
		"sounds": [
			{
				"name": "lom:spells/cute.run"
			}
		]
	},
	"cute.summon": {
		"sounds": [
			{
				"name": "lom:spells/cute.summon"
			}
		]
	},
	"cute.transformation": {
		"sounds": [
			{
				"name": "lom:spells/cute.transformation",
				"stream": true
			}
		]
	},
	"cute.wink": {
		"sounds": [
			{
				"name": "lom:spells/cute.wink"
			}
		]
	},
	"dark.appear": {
		"sounds": [
			{
				"name": "lom:spells/dark.appear"
			}
		]
	},
	"dark.banshee": {
		"sounds": [
			{
				"name": "lom:spells/dark.banshee1",
				"stream": true
			},
			{
				"name": "lom:spells/dark.banshee2",
				"stream": true
			},
			{
				"name": "lom:spells/dark.banshee3",
				"stream": true
			},
			{
				"name": "lom:spells/dark.banshee4",
				"stream": true
			}
		]
	},
	"dark.blink": {
		"sounds": [
			{
				"name": "lom:spells/dark.blink",
				"stream": true
			}
		]
	},
	"dark.cast": {
		"sounds": [
			{
				"name": "lom:spells/dark.cast",
				"stream": true
			}
		]
	},
	"dark.charge": {
		"sounds": [
			{
				"name": "lom:spells/dark.charge",
				"stream": true
			}
		]
	},
	"dark.curseexplode": {
		"sounds": [
			{
				"name": "lom:spells/dark.curseexplode",
				"stream": true
			}
		]
	},
	"dark.demontalk": {
		"sounds": [
			{
				"name": "lom:spells/dark.demontalk1",
				"stream": true
			},
			{
				"name": "lom:spells/dark.demontalk2",
				"stream": true
			},
			{
				"name": "lom:spells/dark.demontalk3",
				"stream": true
			},
			{
				"name": "lom:spells/dark.demontalk4",
				"stream": true
			}
		]
	},
	"dark.detect": {
		"sounds": [
			{
				"name": "lom:spells/dark.detect",
				"stream": true
			}
		]
	},
	"dark.hit": {
		"sounds": [
			{
				"name": "lom:spells/dark.hit",
				"stream": true
			}
		]
	},
	"dark.mindcontrol": {
		"sounds": [
			{
				"name": "lom:spells/dark.mindcontrol",
				"stream": true
			}
		]
	},
	"dark.misfire": {
		"sounds": [
			{
				"name": "lom:spells/dark.misfire",
				"stream": true
			}
		]
	},
	"dark.powerdown": {
		"sounds": [
			{
				"name": "lom:spells/dark.powerdown",
				"stream": true
			}
		]
	},
	"dark.powersource": {
		"sounds": [
			{
				"name": "lom:spells/dark.powersource",
				"stream": true
			}
		]
	},
	"dark.teleport": {
		"sounds": [
			{
				"name": "lom:spells/dark.teleport",
				"stream": true
			}
		]
	},
	"dark.vanish": {
		"sounds": [
			{
				"name": "lom:spells/dark.vanish"
			}
		]
	},
	"earth.blast": {
		"sounds": [
			{
				"name": "lom:spells/earth.blast",
				"stream": true
			}
		]
	},
	"earth.cast": {
		"sounds": [
			{
				"name": "lom:spells/earth.cast"
			}
		]
	},
	"earth.cast2": {
		"sounds": [
			{
				"name": "lom:spells/earth.cast2",
				"stream": true
			}
		]
	},
	"earth.cast3": {
		"sounds": [
			{
				"name": "lom:spells/earth.cast3"
			}
		]
	},
	"earth.gather": {
		"sounds": [
			{
				"name": "lom:spells/earth.gather",
				"stream": true
			}
		]
	},
	"earth.gather2": {
		"sounds": [
			{
				"name": "lom:spells/earth.gather2",
				"stream": true
			}
		]
	},
	"earth.gather3": {
		"sounds": [
			{
				"name": "lom:spells/earth.gather3",
				"stream": true
			}
		]
	},
	"earth.hit": {
		"sounds": [
			{
				"name": "lom:spells/earth.hit",
				"stream": true
			}
		]
	},
	"earth.hit2": {
		"sounds": [
			{
				"name": "lom:spells/earth.hit2",
				"stream": true
			}
		]
	},
	"earth.hit3": {
		"sounds": [
			{
				"name": "lom:spells/earth.hit3",
				"stream": true
			}
		]
	},
	"earth.metalland": {
		"sounds": [
			{
				"name": "lom:spells/earth.metalland",
				"stream": true
			}
		]
	},
	"earth.powerdown": {
		"sounds": [
			{
				"name": "lom:spells/earth.powerdown"
			}
		]
	},
	"earth.prepare": {
		"sounds": [
			{
				"name": "lom:spells/earth.prepare",
				"stream": true
			}
		]
	},
	"earth.shield": {
		"sounds": [
			{
				"name": "lom:spells/earth.shield",
				"stream": true
			}
		]
	},
	"fire.blast": {
		"sounds": [
			{
				"name": "lom:spells/fire.blast",
				"stream": true
			}
		]
	},
	"fire.blazeloop": {
		"sounds": [
			{
				"name": "lom:spells/fire.blazeloop",
				"stream": true
			}
		]
	},
	"fire.bonloop": {
		"sounds": [
			{
				"name": "lom:spells/fire.bonloop",
				"stream": true
			}
		]
	},
	"fire.camploop": {
		"sounds": [
			{
				"name": "lom:spells/fire.camploop",
				"stream": true
			}
		]
	},
	"fire.cast": {
		"sounds": [
			{
				"name": "lom:spells/fire.cast",
				"stream": true
			}
		]
	},
	"fire.cast2": {
		"sounds": [
			{
				"name": "lom:spells/fire.cast2"
			}
		]
	},
	"fire.cast3": {
		"sounds": [
			{
				"name": "lom:spells/fire.cast3",
				"stream": true
			}
		]
	},
	"fire.fireball": {
		"sounds": [
			{
				"name": "lom:spells/fire.fireball"
			}
		]
	},
	"fire.gather": {
		"sounds": [
			{
				"name": "lom:spells/fire.gather",
				"stream": true
			}
		]
	},
	"fire.hit": {
		"sounds": [
			{
				"name": "lom:spells/fire.hit1"
			},
			{
				"name": "lom:spells/fire.hit2"
			},
			{
				"name": "lom:spells/fire.hit3"
			},
			{
				"name": "lom:spells/fire.hit4"
			}
		]
	},
	"fire.ignite": {
		"sounds": [
			{
				"name": "lom:spells/fire.ignite",
				"stream": true
			}
		]
	},
	"fire.release": {
		"sounds": [
			{
				"name": "lom:spells/fire.release"
			}
		]
	},
	"fire.shield": {
		"sounds": [
			{
				"name": "lom:spells/fire.shield",
				"stream": true
			}
		]
	},
	"fire.summon": {
		"sounds": [
			{
				"name": "lom:spells/fire.summon",
				"stream": true
			}
		]
	},
	"fire.throw": {
		"sounds": [
			{
				"name": "lom:spells/fire.throw",
				"stream": true
			}
		]
	},
	"fire.throwfast": {
		"sounds": [
			{
				"name": "lom:spells/fire.throwfast",
				"stream": true
			}
		]
	},
	"ice.blast": {
		"sounds": [
			{
				"name": "lom:spells/ice.blast",
				"stream": true
			}
		]
	},
	"ice.cast": {
		"sounds": [
			{
				"name": "lom:spells/ice.cast"
			}
		]
	},
	"ice.gather": {
		"sounds": [
			{
				"name": "lom:spells/ice.gather",
				"stream": true
			}
		]
	},
	"ice.hit": {
		"sounds": [
			{
				"name": "lom:spells/ice.hit1"
			},
			{
				"name": "lom:spells/ice.hit2"
			},
			{
				"name": "lom:spells/ice.hit3"
			},
			{
				"name": "lom:spells/ice.hit4"
			}
		]
	},
	"light.bigblast": {
		"sounds": [
			{
				"name": "lom:spells/light.bigblast",
				"stream": true
			}
		]
	},
	"light.buff": {
		"sounds": [
			{
				"name": "lom:spells/light.buff",
				"stream": true
			}
		]
	},
	"light.buff2": {
		"sounds": [
			{
				"name": "lom:spells/light.buff2",
				"stream": true
			}
		]
	},
	"light.charge": {
		"sounds": [
			{
				"name": "lom:spells/light.charge",
				"stream": true
			}
		]
	},
	"light.gather": {
		"sounds": [
			{
				"name": "lom:spells/light.gather",
				"stream": true
			}
		]
	},
	"light.heal": {
		"sounds": [
			{
				"name": "lom:spells/light.heal",
				"stream": true
			}
		]
	},
	"light.heal2": {
		"sounds": [
			{
				"name": "lom:spells/light.heal2",
				"stream": true
			}
		]
	},
	"light.powerdown": {
		"sounds": [
			{
				"name": "lom:spells/light.powerdown",
				"stream": true
			}
		]
	},
	"light.powerup": {
		"sounds": [
			{
				"name": "lom:spells/light.powerup",
				"stream": true
			}
		]
	},
	"light.shield": {
		"sounds": [
			{
				"name": "lom:spells/light.shield",
				"stream": true
			}
		]
	},
	"light.summon": {
		"sounds": [
			{
				"name": "lom:spells/light.summon",
				"stream": true
			}
		]
	},
	"light.teleport": {
		"sounds": [
			{
				"name": "lom:spells/light.teleport"
			}
		]
	},
	"poison.cast": {
		"sounds": [
			{
				"name": "lom:spells/poison.cast",
				"stream": true
			}
		]
	},
	"poison.hit": {
		"sounds": [
			{
				"name": "lom:spells/poison.hit1"
			},
			{
				"name": "lom:spells/poison.hit2"
			},
			{
				"name": "lom:spells/poison.hit3"
			},
			{
				"name": "lom:spells/poison.hit4"
			}
		]
	},
	"thunder.blast": {
		"sounds": [
			{
				"name": "lom:spells/thunder.blast",
				"stream": true
			}
		]
	},
	"thunder.cast": {
		"sounds": [
			{
				"name": "lom:spells/thunder.cast",
				"stream": true
			}
		]
	},
	"thunder.cast2": {
		"sounds": [
			{
				"name": "lom:spells/thunder.cast2",
				"stream": true
			}
		]
	},
	"thunder.gather": {
		"sounds": [
			{
				"name": "lom:spells/thunder.gather",
				"stream": true
			}
		]
	},
	"thunder.gather2": {
		"sounds": [
			{
				"name": "lom:spells/thunder.gather2",
				"stream": true
			}
		]
	},
	"thunder.hit": {
		"sounds": [
			{
				"name": "lom:spells/thunder.hit",
				"stream": true
			}
		]
	},
	"thunder.shield": {
		"sounds": [
			{
				"name": "lom:spells/thunder.shield",
				"stream": true
			}
		]
	},
	"thunder.teleport": {
		"sounds": [
			{
				"name": "lom:spells/thunder.teleport",
				"stream": true
			}
		]
	},
	"wind.bell": {
		"sounds": [
			{
				"name": "lom:spells/wind.bell",
				"stream": true
			}
		]
	},
	"wind.blast": {
		"sounds": [
			{
				"name": "lom:spells/wind.blast",
				"stream": true
			}
		]
	},
	"wind.blink": {
		"sounds": [
			{
				"name": "lom:spells/wind.blink"
			}
		]
	},
	"wind.buff": {
		"sounds": [
			{
				"name": "lom:spells/wind.buff",
				"stream": true
			}
		]
	},
	"wind.cast": {
		"sounds": [
			{
				"name": "lom:spells/wind.cast"
			}
		]
	},
	"wind.charge": {
		"sounds": [
			{
				"name": "lom:spells/wind.charge",
				"stream": true
			}
		]
	},
	"wind.echo": {
		"sounds": [
			{
				"name": "lom:spells/wind.echo",
				"stream": true
			}
		]
	},
	"wind.gather": {
		"sounds": [
			{
				"name": "lom:spells/wind.gather",
				"stream": true
			}
		]
	},
	"wind.gather2": {
		"sounds": [
			{
				"name": "lom:spells/wind.gather2",
				"stream": true
			}
		]
	},
	"wind.hit": {
		"sounds": [
			{
				"name": "lom:spells/wind.hit",
				"stream": true
			}
		]
	},
	"wind.hit2": {
		"sounds": [
			{
				"name": "lom:spells/wind.hit2",
				"stream": true
			}
		]
	},
	"wind.hit3": {
		"sounds": [
			{
				"name": "lom:spells/wind.hit3",
				"stream": true
			}
		]
	},
	"wind.implosion": {
		"sounds": [
			{
				"name": "lom:spells/wind.implosion",
				"stream": true
			}
		]
	},
	"wind.prepare": {
		"sounds": [
			{
				"name": "lom:spells/wind.prepare",
				"stream": true
			}
		]
	},
	"wind.release": {
		"sounds": [
			{
				"name": "lom:spells/wind.release",
				"stream": true
			}
		]
	},
	"wind.teleport": {
		"sounds": [
			{
				"name": "lom:spells/wind.teleport"
			}
		]
	},
	"sandworm.dig": {
		"sounds": [
			{
				"name": "lom:sandworm.dig1",
				"stream": true
			},
			{
				"name": "lom:sandworm.dig2",
				"stream": true
			},
			{
				"name": "lom:sandworm.dig3",
				"stream": true
			},
			{
				"name": "lom:sandworm.dig4",
				"stream": true
			}
		]
	},
	"sandworm.yell": {
		"sounds": [
			{
				"name": "lom:sandworm.yell",
				"stream": true
			}
		]
	},
	"warpdrive": {
		"sounds": [
			{
				"name": "lom:warpdrive",
				"stream": true
			}
		]
	},
	"warpdriveend": {
		"sounds": [
			{
				"name": "lom:warpdriveend",
				"stream": true
			}
		]
	},
	"shipbeamup": {
		"sounds": [
			{
				"name": "lom:shipbeamup",
				"stream": true
			}
		]
	},
	"vampire.batform.off": {
		"sounds": [
			{
				"name": "lom:vampire/vampire.batform.off"
			}
		]
	},
	"vampire.batform.on": {
		"sounds": [
			{
				"name": "lom:vampire/vampire.batform.on"
			}
		]
	},
	"vampire.dagger": {
		"sounds": [
			{
				"name": "lom:vampire/vampire.dagger1"
			},
			{
				"name": "lom:vampire/vampire.dagger2"
			},
			{
				"name": "lom:vampire/vampire.dagger3"
			},
			{
				"name": "lom:vampire/vampire.dagger4"
			}
		]
	},
	"vampire.drain": {
		"sounds": [
			{
				"name": "lom:vampire/vampire.drain"
			}
		]
	},
	"vampire.mesmerized": {
		"sounds": [
			{
				"name": "lom:vampire/vampire.mesmerized"
			}
		]
	},
	"vampire.shadowball.cast": {
		"sounds": [
			{
				"name": "lom:vampire/vampire.shadowball.cast"
			}
		]
	},
	"vampire.shadowball.fire": {
		"sounds": [
			{
				"name": "lom:vampire/vampire.shadowball.fire"
			}
		]
	},
	"vampire.shadowball.loop": {
		"sounds": [
			{
				"name": "lom:vampire/vampire.shadowball.loop"
			}
		]
	},
	"vampire.stab": {
		"sounds": [
			{
				"name": "lom:vampire/vampire.stab1"
			},
			{
				"name": "lom:vampire/vampire.stab2"
			},
			{
				"name": "lom:vampire/vampire.stab3"
			},
			{
				"name": "lom:vampire/vampire.stab4"
			}
		]
	},
	"vampire.ticktock": {
		"sounds": [
			{
				"name": "lom:vampire/vampire.ticktock"
			}
		]
	},
	"dvilspeech": {
		"sounds": [
			{
				"name": "lom:dvilspeech",
				"stream": true
			}
		]
	},
	"dvilno": {
		"sounds": [
			{
				"name": "lom:dvilno",
				"stream": true
			}
		]
	},
	"dvilyes": {
		"sounds": [
			{
				"name": "lom:dvilyes",
				"stream": true
			}
		]
	},
	"dvilcall": {
		"sounds": [
			{
				"name": "lom:dvilcall",
				"stream": true
			}
		]
	},
	"spooky": {
		"sounds": [
			"ambient/cave/cave1",
			"ambient/cave/cave2",
			"ambient/cave/cave3",
			"ambient/cave/cave4",
			"ambient/cave/cave5",
			"ambient/cave/cave6",
			"ambient/cave/cave7",
			"ambient/cave/cave8",
			"ambient/cave/cave9",
			"ambient/cave/cave10",
			"ambient/cave/cave11",
			"ambient/cave/cave12",
			"ambient/cave/cave13",
			"ambient/cave/cave14",
			"ambient/cave/cave15",
			"ambient/cave/cave16",
			"ambient/cave/cave17",
			"ambient/cave/cave18",
			"ambient/cave/cave19"
		]
	},
	"buy": { "sounds": ["lom:buy"] },
	"fail_wrong": { "sounds": ["lom:fail_wrong"] },
	"storejimmy": {
		"sounds": ["lom:storejimmy1", "lom:storejimmy2", "lom:storejimmy3", "lom:storejimmy4", "lom:storejimmy5"]
	}
}
