{
	"credit": "Made with Blockbench by shaun3434",
	"parent": "shield",
	"texture_size": [32, 32],
	"textures": {
		"2_0": "lom:item/shields/thewall_shield",
		"2_1": "lom:item/shields/thewall_arm_band"
	},
	"elements": [
		{
			"from": [4, 1, -14],
			"to": [25, 5, 29],
			"faces": {
				"north": { "uv": [5.25, 1, 7.875, 1.5], "texture": "#2_0" },
				"east": { "uv": [5.25, 0, 10.625, 0.5], "texture": "#2_0" },
				"south": { "uv": [5.25, 1.5, 7.875, 2], "texture": "#2_0" },
				"west": { "uv": [5.25, 0.5, 10.625, 1], "texture": "#2_0" },
				"up": { "uv": [2.625, 5.375, 0, 0], "texture": "#2_0" },
				"down": { "uv": [5.25, 0, 2.625, 5.375], "texture": "#2_0" }
			}
		},
		{
			"from": [8.2, 4.7, 10.2],
			"to": [8.8, 5.3, 13.7],
			"faces": {
				"north": { "uv": [1.5, 2.625, 1.625, 2.75], "texture": "#2_0" },
				"east": { "uv": [1.5, 2.5, 1.625, 2.625], "texture": "#2_0" },
				"south": { "uv": [1.5, 2.875, 1.625, 3], "texture": "#2_0" },
				"west": { "uv": [1.5, 2.625, 1.625, 2.75], "texture": "#2_0" },
				"up": { "uv": [1.625, 2.75, 1.5, 3], "texture": "#2_0" },
				"down": { "uv": [1.625, 3, 1.5, 2.75], "texture": "#2_0" }
			}
		},
		{
			"from": [20.2, 4.7, 10.2],
			"to": [20.8, 5.3, 13.7],
			"faces": {
				"north": { "uv": [1.5, 3, 1.625, 2.75], "texture": "#2_0" },
				"east": { "uv": [1.625, 2.75, 1.5, 2.875], "texture": "#2_0" },
				"south": { "uv": [1.625, 3, 1.5, 2.625], "texture": "#2_0" },
				"west": { "uv": [1.5, 2.875, 1.625, 3], "texture": "#2_0" },
				"up": { "uv": [1.5, 2.875, 1.625, 2.5], "texture": "#2_0" },
				"down": { "uv": [1.5, 2.5, 1.625, 3], "texture": "#2_0" }
			}
		},
		{
			"from": [12.2, 4.7, 5.2],
			"to": [12.8, 5.3, 8.7],
			"faces": {
				"north": { "uv": [1.625, 2.75, 1.5, 2.625], "texture": "#2_0" },
				"east": { "uv": [1.5, 3, 1.625, 2.5], "texture": "#2_0" },
				"south": { "uv": [1.5, 2.75, 1.625, 2.875], "texture": "#2_0" },
				"west": { "uv": [1.5, 3, 1.625, 2.5], "texture": "#2_0" },
				"up": { "uv": [1.5, 3, 1.625, 2.5], "texture": "#2_0" },
				"down": { "uv": [1.5, 2.5, 1.625, 3], "texture": "#2_0" }
			}
		},
		{
			"from": [17.2, 4.7, 5.2],
			"to": [17.8, 5.3, 8.7],
			"faces": {
				"north": { "uv": [1.5, 2.75, 1.625, 2.875], "texture": "#2_0" },
				"east": { "uv": [1.5, 2.5, 1.625, 2.875], "texture": "#2_0" },
				"south": { "uv": [1.5, 2.625, 1.625, 2.75], "texture": "#2_0" },
				"west": { "uv": [1.5, 2.875, 1.625, 2.5], "texture": "#2_0" },
				"up": { "uv": [1.5, 3, 1.625, 2.5], "texture": "#2_0" },
				"down": { "uv": [1.5, 2.5, 1.625, 3], "texture": "#2_0" }
			}
		},
		{
			"from": [5.4, 4.5, 26.5],
			"to": [6.5, 5.2, 27.6],
			"rotation": { "angle": -45, "axis": "y", "origin": [6.05, 5.35, 27.05] },
			"faces": {
				"north": { "uv": [2.525, 0.9125, 2.7125, 1.1], "texture": "#2_0" },
				"east": { "uv": [2.525, 0.9, 2.725, 1.1], "texture": "#2_0" },
				"south": { "uv": [2.55, 0.8875, 2.7375, 1.1], "texture": "#2_0" },
				"west": { "uv": [2.5375, 0.9, 2.7125, 1.1], "texture": "#2_0" },
				"up": { "uv": [2.525, 0.875, 2.675, 1.1], "texture": "#2_0" },
				"down": { "uv": [2.525, 0.8875, 2.725, 1.1], "texture": "#2_0" }
			}
		},
		{
			"from": [17.4, 4.5, 14.5],
			"to": [18.5, 5.2, 15.6],
			"rotation": { "angle": -45, "axis": "y", "origin": [6.05, 5.35, 27.05] },
			"faces": {
				"north": { "uv": [2.5125, 0.9125, 2.7375, 1.1], "texture": "#2_0" },
				"east": { "uv": [2.5, 0.9, 2.725, 1.1125], "texture": "#2_0" },
				"south": { "uv": [2.5125, 0.8875, 2.7375, 1.0875], "texture": "#2_0" },
				"west": { "uv": [2.65, 1.025, 2.5375, 1.1], "texture": "#2_0" },
				"up": { "uv": [2.7, 0.925, 2.5375, 1.125], "texture": "#2_0" },
				"down": { "uv": [2.5375, 1.125, 2.55, 1.0625], "texture": "#2_0" }
			}
		},
		{
			"from": [-10.1, 4.5, -13.1],
			"to": [-9, 5.2, -12],
			"rotation": { "angle": -45, "axis": "y", "origin": [6.05, 5.35, 27.05] },
			"faces": {
				"north": { "uv": [2.525, 0.8875, 2.7375, 1.1], "texture": "#2_0" },
				"east": { "uv": [2.5125, 0.8875, 2.7375, 1.1], "texture": "#2_0" },
				"south": { "uv": [2.5125, 0.8875, 2.7375, 1.1], "texture": "#2_0" },
				"west": { "uv": [2.525, 0.8875, 2.725, 1.1], "texture": "#2_0" },
				"up": { "uv": [2.5125, 0.8875, 2.7375, 1.1125], "texture": "#2_0" },
				"down": { "uv": [2.5125, 0.8875, 2.7375, 1.1125], "texture": "#2_0" }
			}
		},
		{
			"from": [5.5, 4.9, -12.6],
			"to": [6.6, 5.2, -11.5],
			"rotation": { "angle": -45, "axis": "y", "origin": [5.95, 5.15, -12.05] },
			"faces": {
				"north": { "uv": [2.5125, 0.8875, 2.7375, 1.1125], "texture": "#2_0" },
				"east": { "uv": [2.525, 0.8875, 2.7375, 1.1125], "texture": "#2_0" },
				"south": { "uv": [2.5125, 0.8875, 2.725, 1.1], "texture": "#2_0" },
				"west": { "uv": [2.5125, 0.9, 2.7375, 1.1], "texture": "#2_0" },
				"up": { "uv": [2.525, 0.9, 2.725, 1.1125], "texture": "#2_0" },
				"down": { "uv": [2.5125, 0.9, 2.7375, 1.1], "texture": "#2_0" }
			}
		},
		{
			"from": [3.8, 0.8, -14.3],
			"to": [4.8, 5.2, 29.2],
			"faces": {
				"north": { "uv": [5.375, 1, 5.25, 1.5], "texture": "#2_0" },
				"east": { "uv": [5.25, 0.5, 10.625, 1], "texture": "#2_0" },
				"south": { "uv": [5.5, 1, 5.375, 1.5], "texture": "#2_0" },
				"west": { "uv": [5.25, 0.5, 10.625, 1], "texture": "#2_0" },
				"up": { "uv": [5.8, 0, 6.3, 0.125], "texture": "#2_0" },
				"down": { "uv": [8.175, 0, 8.675, 0.125], "texture": "#2_0" }
			}
		},
		{
			"from": [24.2, 0.8, -14.3],
			"to": [25.2, 5.2, 29.2],
			"faces": {
				"north": { "uv": [5.875, 1.5, 6.25, 2], "texture": "#2_0" },
				"east": { "uv": [5.275, 0, 10.625, 0.5], "texture": "#2_0" },
				"south": { "uv": [5.9375, 1.5, 5.5625, 2], "texture": "#2_0" },
				"west": { "uv": [5.25, 0.5, 10.625, 1], "texture": "#2_0" },
				"up": { "uv": [5.3, 0.3875, 7.675, 0.6], "texture": "#2_0" },
				"down": { "uv": [9.05, 0.875, 9.8, 1], "texture": "#2_0" }
			}
		},
		{
			"from": [4.8, 0.8, 28.3],
			"to": [24.2, 5.2, 29.2],
			"faces": {
				"north": { "uv": [5.25, 0, 8.7, 0.45], "texture": "#2_0" },
				"east": { "uv": [8.775, 0.0375, 6.025, 0.4875], "texture": "#2_0" },
				"south": { "uv": [5.25, 1.5, 7.8625, 2], "texture": "#2_0" },
				"west": { "uv": [7.25, 0.5, 5.25, 0.7], "texture": "#2_0" },
				"up": { "uv": [6.125, 0.8875, 7.525, 1.075], "texture": "#2_0" },
				"down": { "uv": [5.425, 0.875, 7.625, 1.0875], "texture": "#2_0" }
			}
		},
		{
			"from": [4.8, 0.8, -14.1],
			"to": [24.2, 5.2, -13.2],
			"faces": {
				"north": { "uv": [5.25, 0, 10.575, 0.5], "texture": "#2_0" },
				"east": { "uv": [8.025, 0.9375, 5.3625, 1.1125], "texture": "#2_0" },
				"south": { "uv": [5.25, 1.5125, 7.8875, 1.975], "texture": "#2_0" },
				"west": { "uv": [7.35, 0.9125, 5.35, 1.1125], "texture": "#2_0" },
				"up": { "uv": [6.3, 0, 10.375, 0.1125], "texture": "#2_0" },
				"down": { "uv": [6.3, 0, 10.375, 0.1125], "texture": "#2_0" }
			}
		},
		{
			"from": [12, 5, 0],
			"to": [18, 10.4, 5],
			"faces": {
				"north": { "uv": [0, 0, 3, 3], "texture": "#2_1" },
				"east": { "uv": [3, 0, 5.5, 3], "texture": "#2_1" },
				"south": { "uv": [0, 3, 3, 6], "texture": "#2_1" },
				"west": { "uv": [3, 3, 5.5, 6], "texture": "#2_1" },
				"up": { "uv": [8.5, 2.5, 5.5, 0], "texture": "#2_1" },
				"down": { "uv": [8.5, 2.5, 5.5, 5], "texture": "#2_1" }
			}
		},
		{
			"from": [13.5, 0, 12.9],
			"to": [15.5, 2, 14.15],
			"rotation": { "angle": 0, "axis": "x", "origin": [14.5, 1, 18.875] },
			"faces": {
				"north": { "uv": [1, 5.375, 0, 6.375], "rotation": 180, "texture": "#2_0" },
				"east": { "uv": [0, 6, 1, 5.375], "rotation": 90, "texture": "#2_0" },
				"south": { "uv": [1, 5.375, 0, 6.375], "texture": "#2_0" },
				"west": { "uv": [0, 6, 1, 5.375], "rotation": 270, "texture": "#2_0" },
				"up": { "uv": [0, 6, 1, 5.375], "texture": "#2_0" },
				"down": { "uv": [0, 6, 1, 5.375], "rotation": 180, "texture": "#2_0" }
			}
		},
		{
			"from": [13.35876, 0, 22.33718],
			"to": [16.10876, 2, 23.68718],
			"rotation": { "angle": -45, "axis": "y", "origin": [14.5, 1, 18.875] },
			"faces": {
				"north": { "uv": [1.375, 5.375, 0, 6.375], "rotation": 180, "texture": "#2_0" },
				"east": { "uv": [0, 6, 1, 5.375], "rotation": 90, "texture": "#2_0" },
				"south": { "uv": [1.375, 5.375, 0, 6.375], "texture": "#2_0" },
				"west": { "uv": [0, 6, 1, 5.375], "rotation": 270, "texture": "#2_0" },
				"up": { "uv": [0, 6, 1.375, 5.375], "texture": "#2_0" },
				"down": { "uv": [0, 6, 1.375, 5.375], "rotation": 180, "texture": "#2_0" }
			}
		},
		{
			"from": [17.98376, 0, 17.51218],
			"to": [19.33376, 2, 20.46218],
			"rotation": { "angle": -45, "axis": "y", "origin": [14.5, 1, 18.875] },
			"faces": {
				"north": { "uv": [0, 6, 1, 5.375], "rotation": 270, "texture": "#2_0" },
				"east": { "uv": [1.375, 5.375, 0, 6.375], "rotation": 180, "texture": "#2_0" },
				"south": { "uv": [0, 6, 1, 5.375], "rotation": 90, "texture": "#2_0" },
				"west": { "uv": [1.375, 5.375, 0, 6.375], "texture": "#2_0" },
				"up": { "uv": [1.375, 5.375, 0, 6], "rotation": 270, "texture": "#2_0" },
				"down": { "uv": [1.375, 5.375, 0, 6], "rotation": 270, "texture": "#2_0" }
			}
		},
		{
			"from": [9.5, 0, 16.2],
			"to": [11.15, 2, 19.7],
			"rotation": { "angle": 0, "axis": "y", "origin": [14.5, 1, 18.875] },
			"faces": {
				"north": { "uv": [0, 6.25, 1, 5.375], "rotation": 90, "texture": "#2_0" },
				"east": { "uv": [1.5, 5.375, 0, 6.375], "texture": "#2_0" },
				"south": { "uv": [0, 6.25, 1, 5.375], "rotation": 270, "texture": "#2_0" },
				"west": { "uv": [1.5, 5.375, 0, 6.375], "rotation": 180, "texture": "#2_0" },
				"up": { "uv": [1.5, 5.375, 0, 6.25], "rotation": 90, "texture": "#2_0" },
				"down": { "uv": [1.5, 5.375, 0, 6.25], "rotation": 90, "texture": "#2_0" }
			}
		},
		{
			"from": [17.95, 0, 16.4],
			"to": [19.6, 2, 19.7],
			"rotation": { "angle": 0, "axis": "y", "origin": [14.5, 1, 18.875] },
			"faces": {
				"north": { "uv": [0, 6.25, 1, 5.375], "rotation": 90, "texture": "#2_0" },
				"east": { "uv": [1.5, 5.375, 0, 6.375], "texture": "#2_0" },
				"south": { "uv": [0, 6.25, 1, 5.375], "rotation": 270, "texture": "#2_0" },
				"west": { "uv": [1.5, 5.375, 0, 6.375], "rotation": 180, "texture": "#2_0" },
				"up": { "uv": [1.5, 5.375, 0, 6.25], "rotation": 90, "texture": "#2_0" },
				"down": { "uv": [1.5, 5.375, 0, 6.25], "rotation": 90, "texture": "#2_0" }
			}
		},
		{
			"from": [13.5, 0, -1],
			"to": [15.5, 2, 13],
			"rotation": { "angle": 0, "axis": "y", "origin": [14.5, 1, 18.875] },
			"faces": {
				"north": { "uv": [0, 6.375, 1, 5.375], "rotation": 90, "texture": "#2_0" },
				"east": { "uv": [7, 5.375, 0, 6.375], "texture": "#2_0" },
				"south": { "uv": [0, 6.375, 1, 5.375], "rotation": 270, "texture": "#2_0" },
				"west": { "uv": [7, 5.375, 0, 6.375], "rotation": 180, "texture": "#2_0" },
				"up": { "uv": [7, 5.375, 0, 6.375], "rotation": 90, "texture": "#2_0" },
				"down": { "uv": [7, 5.40625, 0, 6.40625], "rotation": 90, "texture": "#2_0" }
			}
		},
		{
			"from": [13.8, 0, 22.85],
			"to": [15.35, 2, 24.05],
			"rotation": { "angle": 0, "axis": "y", "origin": [14.5, 1, 18.875] },
			"faces": {
				"north": { "uv": [1.875, 5.375, 0, 6.375], "rotation": 180, "texture": "#2_0" },
				"east": { "uv": [0, 5.875, 1, 5.375], "rotation": 90, "texture": "#2_0" },
				"south": { "uv": [1.875, 5.375, 0, 6.375], "texture": "#2_0" },
				"west": { "uv": [0, 5.875, 1, 5.375], "rotation": 270, "texture": "#2_0" },
				"up": { "uv": [0, 5.875, 1.875, 5.375], "texture": "#2_0" },
				"down": { "uv": [0, 5.875, 1.875, 5.375], "rotation": 180, "texture": "#2_0" }
			}
		},
		{
			"from": [15.1, 0, 22.25],
			"to": [16.85, 2, 23.55],
			"rotation": { "angle": 22.5, "axis": "y", "origin": [16.575, 1, 23.55] },
			"faces": {
				"north": { "uv": [1.875, 5.375, 0, 6.375], "rotation": 180, "texture": "#2_0" },
				"east": { "uv": [0, 5.875, 1, 5.375], "rotation": 90, "texture": "#2_0" },
				"south": { "uv": [1.875, 5.375, 0, 6.375], "texture": "#2_0" },
				"west": { "uv": [0, 5.875, 1, 5.375], "rotation": 270, "texture": "#2_0" },
				"up": { "uv": [0, 5.875, 1.875, 5.375], "texture": "#2_0" },
				"down": { "uv": [0, 5.875, 1.875, 5.375], "rotation": 180, "texture": "#2_0" }
			}
		},
		{
			"from": [11.94442, 0, 22.47333],
			"to": [13.69442, 2, 23.77333],
			"rotation": { "angle": -22.5, "axis": "y", "origin": [13.01942, 1, 24.37333] },
			"faces": {
				"north": { "uv": [1.875, 5.375, 0, 6.375], "rotation": 180, "texture": "#2_0" },
				"east": { "uv": [0, 5.875, 1, 5.375], "rotation": 90, "texture": "#2_0" },
				"south": { "uv": [1.875, 5.375, 0, 6.375], "texture": "#2_0" },
				"west": { "uv": [0, 5.875, 1, 5.375], "rotation": 270, "texture": "#2_0" },
				"up": { "uv": [0, 5.875, 1.875, 5.375], "texture": "#2_0" },
				"down": { "uv": [0, 5.875, 1.875, 5.375], "rotation": 180, "texture": "#2_0" }
			}
		},
		{
			"from": [14.58674, 0, 12.88851],
			"to": [16.83674, 2, 14.68851],
			"rotation": { "angle": 45, "axis": "y", "origin": [14.5, 1, 18.875] },
			"faces": {
				"north": { "uv": [1.125, 5.375, 0, 6.375], "texture": "#2_0" },
				"east": { "uv": [1, 5.375, 0, 6.375], "texture": "#2_0" },
				"south": { "uv": [1.125, 5.375, 0, 6.375], "texture": "#2_0" },
				"west": { "uv": [1, 5.375, 0, 6.375], "texture": "#2_0" },
				"up": { "uv": [0, 6.375, 1.125, 5.375], "texture": "#2_0" },
				"down": { "uv": [0, 6.375, 1.125, 5.375], "texture": "#2_0" }
			}
		},
		{
			"from": [18.61174, 0, 16.61351],
			"to": [20.51174, 2, 18.86351],
			"rotation": { "angle": 45, "axis": "y", "origin": [14.5, 1, 18.875] },
			"faces": {
				"north": { "uv": [1, 5.375, 0, 6.375], "texture": "#2_0" },
				"east": { "uv": [1.125, 5.375, 0, 6.375], "texture": "#2_0" },
				"south": { "uv": [1, 5.375, 0, 6.375], "texture": "#2_0" },
				"west": { "uv": [1.125, 5.375, 0, 6.375], "texture": "#2_0" },
				"up": { "uv": [1.125, 5.375, 0, 6.375], "rotation": 90, "texture": "#2_0" },
				"down": { "uv": [1.125, 5.375, 0, 6.375], "rotation": 270, "texture": "#2_0" }
			}
		},
		{
			"from": [14.23709, 0, 12.50095],
			"to": [16.23709, 2, 14.40095],
			"rotation": { "angle": 22.5, "axis": "y", "origin": [14.5, 1, 18.875] },
			"faces": {
				"north": { "uv": [1, 5.375, 0, 6.375], "texture": "#2_0" },
				"east": { "uv": [1, 5.375, 0, 6.375], "texture": "#2_0" },
				"south": { "uv": [1, 5.375, 0, 6.375], "texture": "#2_0" },
				"west": { "uv": [1, 5.375, 0, 6.375], "texture": "#2_0" },
				"up": { "uv": [0, 6.375, 1, 5.375], "texture": "#2_0" },
				"down": { "uv": [0, 6.375, 1, 5.375], "texture": "#2_0" }
			}
		},
		{
			"from": [12.81737, 0, 12.57154],
			"to": [14.81737, 2, 14.47154],
			"rotation": { "angle": -22.5, "axis": "y", "origin": [14.5, 1, 18.875] },
			"faces": {
				"north": { "uv": [1, 5.375, 0, 6.375], "texture": "#2_0" },
				"east": { "uv": [1, 5.375, 0, 6.375], "texture": "#2_0" },
				"south": { "uv": [1, 5.375, 0, 6.375], "texture": "#2_0" },
				"west": { "uv": [1, 5.375, 0, 6.375], "texture": "#2_0" },
				"up": { "uv": [0, 6.375, 1, 5.375], "texture": "#2_0" },
				"down": { "uv": [0, 6.375, 1, 5.375], "texture": "#2_0" }
			}
		},
		{
			"from": [8.86426, 0, 16.82988],
			"to": [10.66426, 2, 18.57988],
			"rotation": { "angle": -22.5, "axis": "y", "origin": [14.5, 1, 18.875] },
			"faces": {
				"north": { "uv": [1, 5.375, 0, 6.375], "texture": "#2_0" },
				"east": { "uv": [0.875, 5.375, 0, 6.375], "texture": "#2_0" },
				"south": { "uv": [1, 5.375, 0, 6.375], "texture": "#2_0" },
				"west": { "uv": [0.875, 5.375, 0, 6.375], "texture": "#2_0" },
				"up": { "uv": [0.875, 5.375, 0, 6.375], "rotation": 90, "texture": "#2_0" },
				"down": { "uv": [0.875, 5.375, 0, 6.375], "rotation": 270, "texture": "#2_0" }
			}
		},
		{
			"from": [9.80214, 0, 14.25233],
			"to": [11.60214, 2, 15.60233],
			"rotation": { "angle": -45, "axis": "y", "origin": [10.80214, 1, 15.42733] },
			"faces": {
				"north": { "uv": [1, 5.375, 0, 6.375], "texture": "#2_0" },
				"east": { "uv": [0.875, 5.375, 0, 6.375], "texture": "#2_0" },
				"south": { "uv": [1, 5.375, 0, 6.375], "texture": "#2_0" },
				"west": { "uv": [0.875, 5.375, 0, 6.375], "texture": "#2_0" },
				"up": { "uv": [0.875, 5.375, 0, 6.375], "rotation": 90, "texture": "#2_0" },
				"down": { "uv": [0.875, 5.375, 0, 6.375], "rotation": 270, "texture": "#2_0" }
			}
		},
		{
			"from": [14.49595, 0, 11.33903],
			"to": [15.84595, 2, 13.23903],
			"rotation": { "angle": -45, "axis": "y", "origin": [13.17095, 1, 17.08903] },
			"faces": {
				"north": { "uv": [0.875, 5.375, 0, 6.375], "texture": "#2_0" },
				"east": { "uv": [1, 5.375, 0, 6.375], "texture": "#2_0" },
				"south": { "uv": [0.875, 5.375, 0, 6.375], "texture": "#2_0" },
				"west": { "uv": [1, 5.375, 0, 6.375], "texture": "#2_0" },
				"up": { "uv": [0.875, 5.375, 0, 6.375], "rotation": 180, "texture": "#2_0" },
				"down": { "uv": [0.875, 5.375, 0, 6.375], "rotation": 180, "texture": "#2_0" }
			}
		},
		{
			"from": [18.29796, 0, 16.90002],
			"to": [20.19796, 2, 18.65002],
			"rotation": { "angle": 22.5, "axis": "y", "origin": [14.5, 1, 18.875] },
			"faces": {
				"north": { "uv": [1, 5.375, 0, 6.375], "texture": "#2_0" },
				"east": { "uv": [0.875, 5.375, 0, 6.375], "texture": "#2_0" },
				"south": { "uv": [1, 5.375, 0, 6.375], "texture": "#2_0" },
				"west": { "uv": [0.875, 5.375, 0, 6.375], "texture": "#2_0" },
				"up": { "uv": [0.875, 5.375, 0, 6.375], "rotation": 90, "texture": "#2_0" },
				"down": { "uv": [0.875, 5.375, 0, 6.375], "rotation": 270, "texture": "#2_0" }
			}
		},
		{
			"from": [9.59111, 0, 17.71423],
			"to": [11.09111, 2, 19.66423],
			"rotation": { "angle": 22.5, "axis": "y", "origin": [14.5, 1, 18.875] },
			"faces": {
				"north": { "uv": [0.75, 5.375, 0, 6.375], "texture": "#2_0" },
				"east": { "uv": [0.875, 5.375, 0, 6.375], "texture": "#2_0" },
				"south": { "uv": [0.75, 5.375, 0, 6.375], "texture": "#2_0" },
				"west": { "uv": [0.875, 5.375, 0, 6.375], "texture": "#2_0" },
				"up": { "uv": [0.875, 5.375, 0, 6.125], "rotation": 90, "texture": "#2_0" },
				"down": { "uv": [0.875, 5.375, 0, 6.125], "rotation": 270, "texture": "#2_0" }
			}
		},
		{
			"from": [17.98532, 0, 17.59434],
			"to": [19.48532, 2, 19.54434],
			"rotation": { "angle": -22.5, "axis": "y", "origin": [14.5, 1, 18.875] },
			"faces": {
				"north": { "uv": [0.75, 5.375, 0, 6.375], "texture": "#2_0" },
				"east": { "uv": [0.875, 5.375, 0, 6.375], "texture": "#2_0" },
				"south": { "uv": [0.75, 5.375, 0, 6.375], "texture": "#2_0" },
				"west": { "uv": [0.875, 5.375, 0, 6.375], "texture": "#2_0" },
				"up": { "uv": [0.875, 5.375, 0, 6.125], "rotation": 90, "texture": "#2_0" },
				"down": { "uv": [0.875, 5.375, 0, 6.125], "rotation": 270, "texture": "#2_0" }
			}
		},
		{
			"from": [8.3, 0, 8.5],
			"to": [10.3, 2, 10.5],
			"rotation": { "angle": 22.5, "axis": "y", "origin": [9, 1, 9] },
			"faces": {
				"north": { "uv": [0, 5.375, 1, 6.375], "texture": "#2_0" },
				"east": { "uv": [0, 5.375, 1, 6.375], "texture": "#2_0" },
				"south": { "uv": [0, 5.375, 1, 6.375], "texture": "#2_0" },
				"west": { "uv": [0, 5.375, 1, 6.375], "texture": "#2_0" },
				"up": { "uv": [0, 5.375, 1, 6.375], "texture": "#2_0" },
				"down": { "uv": [0, 5.375, 1, 6.375], "texture": "#2_0" }
			}
		},
		{
			"from": [7.3, 0, 8.3],
			"to": [8.6, 2, 10.3],
			"rotation": { "angle": 45, "axis": "y", "origin": [9, 1, 9] },
			"faces": {
				"north": { "uv": [0, 5.375, 0.65, 6.375], "texture": "#2_0" },
				"east": { "uv": [0, 5.375, 1, 6.375], "texture": "#2_0" },
				"south": { "uv": [0, 5.375, 0.65, 6.375], "texture": "#2_0" },
				"west": { "uv": [0, 5.375, 1, 6.375], "texture": "#2_0" },
				"up": { "uv": [0, 5.375, 0.65, 6.375], "texture": "#2_0" },
				"down": { "uv": [0, 5.375, 0.65, 6.375], "texture": "#2_0" }
			}
		},
		{
			"from": [19.5, 0, 9.3],
			"to": [21.5, 2, 10.6],
			"rotation": { "angle": 45, "axis": "y", "origin": [20.49049, 1, 9.95459] },
			"faces": {
				"north": { "uv": [0, 5.375, 1, 6.375], "texture": "#2_0" },
				"east": { "uv": [0, 5.375, 0.65, 6.375], "texture": "#2_0" },
				"south": { "uv": [0, 5.375, 1, 6.375], "texture": "#2_0" },
				"west": { "uv": [0, 5.375, 0.65, 6.375], "texture": "#2_0" },
				"up": { "uv": [0, 5.375, 0.65, 6.375], "rotation": 90, "texture": "#2_0" },
				"down": { "uv": [0, 5.375, 0.65, 6.375], "rotation": 270, "texture": "#2_0" }
			}
		},
		{
			"from": [18.7004, 0, 8.12113],
			"to": [20.7004, 2, 10.12113],
			"rotation": { "angle": -22.5, "axis": "y", "origin": [19.1004, 1, 8.82113] },
			"faces": {
				"north": { "uv": [0, 5.375, 1, 6.375], "texture": "#2_0" },
				"east": { "uv": [0, 5.375, 1, 6.375], "texture": "#2_0" },
				"south": { "uv": [0, 5.375, 1, 6.375], "texture": "#2_0" },
				"west": { "uv": [0, 5.375, 1, 6.375], "texture": "#2_0" },
				"up": { "uv": [0, 5.375, 1, 6.375], "texture": "#2_0" },
				"down": { "uv": [0, 5.375, 1, 6.375], "texture": "#2_0" }
			}
		},
		{
			"from": [10, 0, 8],
			"to": [19, 2, 10],
			"rotation": { "angle": 0, "axis": "y", "origin": [14, 1, -3] },
			"faces": {
				"north": { "uv": [0, 5.375, 4.5, 6.375], "texture": "#2_0" },
				"east": { "uv": [0, 5.375, 1, 6.375], "rotation": 90, "texture": "#2_0" },
				"south": { "uv": [0, 5.375, 4.5, 6.375], "rotation": 180, "texture": "#2_0" },
				"west": { "uv": [0, 5.375, 1, 6.375], "rotation": 270, "texture": "#2_0" },
				"up": { "uv": [0, 5.375, 4.5, 6.375], "texture": "#2_0" },
				"down": { "uv": [0, 5.40625, 4.5, 6.40625], "rotation": 180, "texture": "#2_0" }
			}
		},
		{
			"from": [11, 0, -2],
			"to": [18, 2, 0],
			"rotation": { "angle": 0, "axis": "y", "origin": [14, 1, -3] },
			"faces": {
				"north": { "uv": [0, 5.375, 4.5, 6.375], "texture": "#2_0" },
				"east": { "uv": [0, 5.375, 1, 6.375], "rotation": 90, "texture": "#2_0" },
				"south": { "uv": [0, 5.375, 4.5, 6.375], "rotation": 180, "texture": "#2_0" },
				"west": { "uv": [0, 5.375, 1, 6.375], "rotation": 270, "texture": "#2_0" },
				"up": { "uv": [0, 5.375, 4.5, 6.375], "texture": "#2_0" },
				"down": { "uv": [0, 5.40625, 4.5, 6.40625], "rotation": 180, "texture": "#2_0" }
			}
		},
		{
			"from": [10, 0, -2],
			"to": [12, 2, 0],
			"rotation": { "angle": 45, "axis": "y", "origin": [11, 1, -1] },
			"faces": {
				"north": { "uv": [0, 5.375, 1, 6.375], "texture": "#2_0" },
				"east": { "uv": [0, 5.375, 1, 6.375], "texture": "#2_0" },
				"south": { "uv": [0, 5.375, 1, 6.375], "texture": "#2_0" },
				"west": { "uv": [0, 5.375, 1, 6.375], "texture": "#2_0" },
				"up": { "uv": [0, 5.375, 1, 6.375], "texture": "#2_0" },
				"down": { "uv": [0, 5.375, 1, 6.375], "texture": "#2_0" }
			}
		},
		{
			"from": [15, 0, 3],
			"to": [17, 2, 5],
			"rotation": { "angle": 45, "axis": "y", "origin": [11, 1, -1] },
			"faces": {
				"north": { "uv": [0, 5.375, 1, 6.375], "texture": "#2_0" },
				"east": { "uv": [0, 5.375, 1, 6.375], "texture": "#2_0" },
				"south": { "uv": [0, 5.375, 1, 6.375], "texture": "#2_0" },
				"west": { "uv": [0, 5.375, 1, 6.375], "texture": "#2_0" },
				"up": { "uv": [0, 5.375, 1, 6.375], "texture": "#2_0" },
				"down": { "uv": [0, 5.375, 1, 6.375], "texture": "#2_0" }
			}
		}
	],
	"gui_light": "front",
	"overrides": [{ "predicate": { "blocking": 1 }, "model": "item/shield_blocking" }],
	"display": {
		"thirdperson_righthand": {
			"rotation": [-48, 0, 156],
			"translation": [8.75, -0.5, 8.25]
		},
		"thirdperson_lefthand": {
			"rotation": [-48, 0, 156],
			"translation": [-4.75, 2.75, 4]
		},
		"firstperson_righthand": {
			"rotation": [-90, 5, 141],
			"translation": [0, 0, 8.5]
		},
		"firstperson_lefthand": {
			"rotation": [-90, 5, 144],
			"translation": [-9.75, -1.25, 3]
		},
		"ground": {
			"rotation": [180, -39, 20],
			"scale": [0.7, 0.7, 0.7]
		},
		"gui": {
			"rotation": [-90, 34, 0],
			"translation": [-2, 1.5, 0.5],
			"scale": [0.36, 0.31, 0.36]
		},
		"head": {
			"rotation": [86, 180, 0],
			"translation": [7.25, -12.5, -3]
		},
		"fixed": {
			"rotation": [98, 180, 0],
			"translation": [6.5, 0, 0]
		}
	},
	"groups": [
		{
			"name": "Base",
			"origin": [0, 0, 0],
			"color": 0,
			"children": [0, 1, 2, 3, 4, 5, 6, 7, 8]
		},
		{
			"name": "Trim",
			"origin": [0, 0, 0],
			"color": 0,
			"children": [9, 10, 11, 12]
		},
		{
			"name": "Handle",
			"origin": [8, 8, 8],
			"color": 0,
			"children": [13]
		},
		{
			"name": "Front Symbol",
			"origin": [8, 8, 8],
			"color": 0,
			"children": [14, 15, 16, 17, 18, 19, 20, 21, 22, 23, 24, 25, 26, 27, 28, 29, 30, 31, 32, 33, 34, 35, 36, 37, 38, 39, 40]
		}
	]
}
