{
	"credit": "Made with Blockbench by bwoodfield",
	"textures": {
		"particle": "lom:item/hats/beards/greybraidtexture"
	},
	"elements": [
		{
			"from": [6.9, 1.1, 3.3],
			"to": [9.1, 2.2, 3.8],
			"faces": {
				"north": { "uv": [13.8, 14.9, 16, 16], "texture": "#particle" },
				"east": { "uv": [0, 0, 0.2, 1.1], "texture": "#missing" },
				"south": { "uv": [0, 0, 2.2, 1.1], "texture": "#missing" },
				"west": { "uv": [0, 0, 0.2, 1.1], "texture": "#missing" },
				"up": { "uv": [0, 0, 2.2, 0.2], "texture": "#missing" },
				"down": { "uv": [0, 0, 2.2, 0.2], "texture": "#missing" }
			}
		},
		{
			"from": [8.75495, 0.87081, 3.1],
			"to": [10.75495, 1.97081, 3.7],
			"rotation": { "angle": -45, "axis": "z", "origin": [9.75495, 1.97081, 3.4] },
			"faces": {
				"north": { "uv": [0, 0, 8, 15.6], "rotation": 180, "texture": "#particle" },
				"east": { "uv": [0, 0, 6.6, 14.6], "rotation": 180, "texture": "#particle" },
				"south": { "uv": [0, 0, 8, 15.6], "rotation": 180, "texture": "#particle" },
				"west": { "uv": [0, 0, 6.6, 15.6], "rotation": 180, "texture": "#particle" },
				"up": { "uv": [0, 0, 8, 15.6], "rotation": 180, "texture": "#particle" },
				"down": { "uv": [0, 0, 8, 15.6], "rotation": 180, "texture": "#particle" }
			}
		},
		{
			"from": [5.24505, 0.87081, 3.1],
			"to": [7.24505, 1.97081, 3.7],
			"rotation": { "angle": 45, "axis": "z", "origin": [6.24505, 1.97081, 3.4] },
			"faces": {
				"north": { "uv": [8, 0, 0, 15.6], "rotation": 180, "texture": "#particle" },
				"east": { "uv": [6.6, 0, 0, 14.6], "rotation": 180, "texture": "#particle" },
				"south": { "uv": [8, 0, 0, 15.6], "rotation": 180, "texture": "#particle" },
				"west": { "uv": [6.6, 0, 0, 15.6], "rotation": 180, "texture": "#particle" },
				"up": { "uv": [8, 0, 0, 15.6], "rotation": 180, "texture": "#particle" },
				"down": { "uv": [8, 0, 0, 15.6], "rotation": 180, "texture": "#particle" }
			}
		},
		{
			"from": [6.9, 1.8, 3.075],
			"to": [9.1, 2.7, 3.7],
			"rotation": { "angle": 0, "axis": "z", "origin": [8, 2.25, 3.4] },
			"faces": {
				"north": { "uv": [0, 4.6, 8, 15.6], "rotation": 180, "texture": "#particle" },
				"east": { "uv": [0, 4.6, 6.6, 14.6], "rotation": 180, "texture": "#particle" },
				"south": { "uv": [0, 4.6, 8, 15.6], "rotation": 180, "texture": "#particle" },
				"west": { "uv": [0, 4.6, 6.6, 15.6], "rotation": 180, "texture": "#particle" },
				"up": { "uv": [0, 4.6, 8, 15.6], "rotation": 180, "texture": "#particle" },
				"down": { "uv": [0, 4.6, 8, 15.6], "rotation": 180, "texture": "#particle" }
			}
		},
		{
			"from": [9.40375, -1.62, 2.57625],
			"to": [11.65125, -0.25, 3.6],
			"rotation": { "angle": -45, "axis": "z", "origin": [8.6725, 0.375, 2.5475] },
			"faces": {
				"north": { "uv": [1, 3.4, 8, 12], "rotation": 270, "texture": "#particle" },
				"east": { "uv": [1, 3.4, 6.6, 12], "rotation": 270, "texture": "#particle" },
				"south": { "uv": [1, 3.4, 8, 12], "rotation": 270, "texture": "#particle" },
				"west": { "uv": [1, 3.4, 6.6, 12], "rotation": 270, "texture": "#particle" },
				"up": { "uv": [1, 3.4, 8, 12], "rotation": 270, "texture": "#particle" },
				"down": { "uv": [1, 3.4, 8, 12], "rotation": 270, "texture": "#particle" }
			}
		},
		{
			"from": [10.65506, -2.41428, 2.69],
			"to": [12.02506, 0.58572, 3.6],
			"rotation": { "angle": -45, "axis": "z", "origin": [9.81006, 0.40947, 2.62063] },
			"faces": {
				"north": { "uv": [1, 3.4, 8, 12], "rotation": 180, "texture": "#particle" },
				"east": { "uv": [1, 3.4, 6.6, 12], "rotation": 180, "texture": "#particle" },
				"south": { "uv": [1, 3.4, 8, 12], "rotation": 180, "texture": "#particle" },
				"west": { "uv": [1, 3.4, 6.6, 12], "rotation": 180, "texture": "#particle" },
				"up": { "uv": [1, 3.4, 8, 12], "rotation": 180, "texture": "#particle" },
				"down": { "uv": [1, 3.4, 8, 12], "rotation": 180, "texture": "#particle" }
			}
		},
		{
			"from": [9.8775, -3.115, 2.69],
			"to": [12.025, -1.845, 3.6],
			"rotation": { "angle": -45, "axis": "z", "origin": [8.6725, -0.73, 2.5475] },
			"faces": {
				"north": { "uv": [1, 4.4, 9.6, 11.4], "rotation": 270, "texture": "#particle" },
				"east": { "uv": [1, 4.4, 6.6, 13], "rotation": 180, "texture": "#particle" },
				"south": { "uv": [1, 4.4, 8, 13], "rotation": 180, "texture": "#particle" },
				"west": { "uv": [1, 4.4, 6.6, 13], "rotation": 180, "texture": "#particle" },
				"up": { "uv": [1, 4.4, 8, 13], "rotation": 180, "texture": "#particle" },
				"down": { "uv": [1, 4.4, 8, 13], "rotation": 180, "texture": "#particle" }
			}
		},
		{
			"from": [10.77125, -3.0825, 2.755],
			"to": [12.04125, -0.5825, 3.6],
			"rotation": { "angle": -45, "axis": "z", "origin": [8.6725, -0.73, 2.5475] },
			"faces": {
				"north": { "uv": [1, 4.4, 8, 13], "rotation": 180, "texture": "#particle" },
				"east": { "uv": [1, 4.4, 6.6, 13], "rotation": 180, "texture": "#particle" },
				"south": { "uv": [1, 4.4, 8, 13], "rotation": 180, "texture": "#particle" },
				"west": { "uv": [1, 4.4, 6.6, 13], "rotation": 180, "texture": "#particle" },
				"up": { "uv": [1, 4.4, 8, 13], "rotation": 180, "texture": "#particle" },
				"down": { "uv": [1, 4.4, 8, 13], "rotation": 180, "texture": "#particle" }
			}
		},
		{
			"from": [9.34375, -4.87, 2.755],
			"to": [11.26125, -3.83, 3.6],
			"rotation": { "angle": -45, "axis": "z", "origin": [8.6725, -3.265, 2.5475] },
			"faces": {
				"north": { "uv": [1, 7.4, 8, 16], "rotation": 270, "texture": "#particle" },
				"east": { "uv": [1, 7.4, 6.6, 16], "rotation": 270, "texture": "#particle" },
				"south": { "uv": [1, 7.4, 8, 16], "rotation": 270, "texture": "#particle" },
				"west": { "uv": [1, 7.4, 6.6, 16], "rotation": 270, "texture": "#particle" },
				"up": { "uv": [1, 7.4, 8, 16], "rotation": 270, "texture": "#particle" },
				"down": { "uv": [1, 7.4, 8, 16], "rotation": 270, "texture": "#particle" }
			}
		},
		{
			"from": [10.25375, -4.8375, 2.82],
			"to": [11.29375, -2.92, 3.6],
			"rotation": { "angle": -45, "axis": "z", "origin": [8.6725, -3.265, 2.5475] },
			"faces": {
				"north": { "uv": [1, 7.4, 8, 16], "rotation": 180, "texture": "#particle" },
				"east": { "uv": [1, 7.4, 6.6, 16], "rotation": 180, "texture": "#particle" },
				"south": { "uv": [1, 7.4, 8, 16], "rotation": 180, "texture": "#particle" },
				"west": { "uv": [1, 7.4, 6.6, 16], "rotation": 180, "texture": "#particle" },
				"up": { "uv": [1, 7.4, 8, 16], "rotation": 180, "texture": "#particle" },
				"down": { "uv": [1, 7.4, 8, 16], "rotation": 180, "texture": "#particle" }
			}
		},
		{
			"from": [9.50625, -5.99125, 2.82],
			"to": [11.16375, -5.21125, 3.6],
			"rotation": { "angle": -45, "axis": "z", "origin": [8.6725, -4.5, 2.5475] },
			"faces": {
				"north": { "uv": [1, 7.4, 8, 16], "rotation": 180, "texture": "#particle" },
				"east": { "uv": [1, 7.4, 6.6, 16], "rotation": 180, "texture": "#particle" },
				"south": { "uv": [1, 7.4, 8, 16], "rotation": 180, "texture": "#particle" },
				"west": { "uv": [1, 7.4, 6.6, 16], "rotation": 180, "texture": "#particle" },
				"up": { "uv": [1, 7.4, 8, 16], "rotation": 180, "texture": "#particle" },
				"down": { "uv": [1, 7.4, 8, 16], "rotation": 180, "texture": "#particle" }
			}
		},
		{
			"from": [10.41625, -5.975, 2.95],
			"to": [11.19625, -4.3175, 3.6],
			"rotation": { "angle": -45, "axis": "z", "origin": [8.6725, -4.5, 2.5475] },
			"faces": {
				"north": { "uv": [1, 7.4, 8, 16], "rotation": 180, "texture": "#particle" },
				"east": { "uv": [1, 7.4, 6.6, 16], "rotation": 180, "texture": "#particle" },
				"south": { "uv": [1, 7.4, 8, 16], "rotation": 180, "texture": "#particle" },
				"west": { "uv": [1, 7.4, 6.6, 16], "rotation": 180, "texture": "#particle" },
				"up": { "uv": [1, 7.4, 8, 16], "rotation": 180, "texture": "#particle" },
				"down": { "uv": [1, 7.4, 8, 16], "rotation": 180, "texture": "#particle" }
			}
		},
		{
			"from": [11.21625, -6.575, 3.05],
			"to": [11.79625, -5.1175, 3.6],
			"rotation": { "angle": -45, "axis": "z", "origin": [8.6725, -4.5, 2.5475] },
			"faces": {
				"north": { "uv": [1, 7.4, 8, 16], "rotation": 180, "texture": "#particle" },
				"east": { "uv": [1, 7.4, 6.6, 16], "rotation": 180, "texture": "#particle" },
				"south": { "uv": [1, 7.4, 8, 16], "rotation": 180, "texture": "#particle" },
				"west": { "uv": [1, 7.4, 6.6, 16], "rotation": 180, "texture": "#particle" },
				"up": { "uv": [1, 7.4, 8, 16], "rotation": 180, "texture": "#particle" },
				"down": { "uv": [1, 7.4, 8, 16], "rotation": 180, "texture": "#particle" }
			}
		},
		{
			"from": [10.30625, -6.59125, 2.92],
			"to": [11.76375, -6.01125, 3.6],
			"rotation": { "angle": -45, "axis": "z", "origin": [8.6725, -4.5, 2.5475] },
			"faces": {
				"north": { "uv": [1, 7.4, 8, 16], "rotation": 180, "texture": "#particle" },
				"east": { "uv": [1, 7.4, 6.6, 16], "rotation": 180, "texture": "#particle" },
				"south": { "uv": [1, 7.4, 8, 16], "rotation": 180, "texture": "#particle" },
				"west": { "uv": [1, 7.4, 6.6, 16], "rotation": 180, "texture": "#particle" },
				"up": { "uv": [1, 7.4, 8, 16], "rotation": 180, "texture": "#particle" },
				"down": { "uv": [1, 7.4, 8, 16], "rotation": 180, "texture": "#particle" }
			}
		},
		{
			"from": [3.97494, -2.41428, 2.69],
			"to": [5.34494, 0.58572, 3.6],
			"rotation": { "angle": 45, "axis": "z", "origin": [6.18994, 0.40947, 2.62063] },
			"faces": {
				"north": { "uv": [8, 3.4, 1, 12], "rotation": 180, "texture": "#particle" },
				"east": { "uv": [6.6, 3.4, 1, 12], "rotation": 180, "texture": "#particle" },
				"south": { "uv": [8, 3.4, 1, 12], "rotation": 180, "texture": "#particle" },
				"west": { "uv": [6.6, 3.4, 1, 12], "rotation": 180, "texture": "#particle" },
				"up": { "uv": [8, 3.4, 1, 12], "rotation": 180, "texture": "#particle" },
				"down": { "uv": [8, 3.4, 1, 12], "rotation": 180, "texture": "#particle" }
			}
		},
		{
			"from": [4.34875, -1.62, 2.57625],
			"to": [6.59625, -0.25, 3.6],
			"rotation": { "angle": 45, "axis": "z", "origin": [7.3275, 0.375, 2.5475] },
			"faces": {
				"north": { "uv": [1, 12, 8, 3.4], "rotation": 270, "texture": "#particle" },
				"east": { "uv": [1, 12, 6.6, 3.4], "rotation": 270, "texture": "#particle" },
				"south": { "uv": [1, 12, 8, 3.4], "rotation": 270, "texture": "#particle" },
				"west": { "uv": [1, 12, 6.6, 3.4], "rotation": 270, "texture": "#particle" },
				"up": { "uv": [1, 12, 8, 3.4], "rotation": 270, "texture": "#particle" },
				"down": { "uv": [1, 12, 8, 3.4], "rotation": 270, "texture": "#particle" }
			}
		},
		{
			"from": [3.95875, -3.0825, 2.755],
			"to": [5.22875, -0.5825, 3.6],
			"rotation": { "angle": 45, "axis": "z", "origin": [7.3275, -0.73, 2.5475] },
			"faces": {
				"north": { "uv": [8, 4.4, 1, 13], "rotation": 180, "texture": "#particle" },
				"east": { "uv": [6.6, 4.4, 1, 13], "rotation": 180, "texture": "#particle" },
				"south": { "uv": [8, 4.4, 1, 13], "rotation": 180, "texture": "#particle" },
				"west": { "uv": [6.6, 4.4, 1, 13], "rotation": 180, "texture": "#particle" },
				"up": { "uv": [8, 4.4, 1, 13], "rotation": 180, "texture": "#particle" },
				"down": { "uv": [8, 4.4, 1, 13], "rotation": 180, "texture": "#particle" }
			}
		},
		{
			"from": [3.975, -3.115, 2.69],
			"to": [6.1225, -1.845, 3.6],
			"rotation": { "angle": 45, "axis": "z", "origin": [7.3275, -0.73, 2.5475] },
			"faces": {
				"north": { "uv": [1, 11.4, 9.6, 4.4], "rotation": 270, "texture": "#particle" },
				"east": { "uv": [6.6, 4.4, 1, 13], "rotation": 180, "texture": "#particle" },
				"south": { "uv": [8, 4.4, 1, 13], "rotation": 180, "texture": "#particle" },
				"west": { "uv": [6.6, 4.4, 1, 13], "rotation": 180, "texture": "#particle" },
				"up": { "uv": [8, 4.4, 1, 13], "rotation": 180, "texture": "#particle" },
				"down": { "uv": [8, 4.4, 1, 13], "rotation": 180, "texture": "#particle" }
			}
		},
		{
			"from": [4.70625, -4.8375, 2.82],
			"to": [5.74625, -2.92, 3.6],
			"rotation": { "angle": 45, "axis": "z", "origin": [7.3275, -3.265, 2.5475] },
			"faces": {
				"north": { "uv": [8, 7.4, 1, 16], "rotation": 180, "texture": "#particle" },
				"east": { "uv": [6.6, 7.4, 1, 16], "rotation": 180, "texture": "#particle" },
				"south": { "uv": [8, 7.4, 1, 16], "rotation": 180, "texture": "#particle" },
				"west": { "uv": [6.6, 7.4, 1, 16], "rotation": 180, "texture": "#particle" },
				"up": { "uv": [8, 7.4, 1, 16], "rotation": 180, "texture": "#particle" },
				"down": { "uv": [8, 7.4, 1, 16], "rotation": 180, "texture": "#particle" }
			}
		},
		{
			"from": [4.73875, -4.87, 2.755],
			"to": [6.65625, -3.83, 3.6],
			"rotation": { "angle": 45, "axis": "z", "origin": [7.3275, -3.265, 2.5475] },
			"faces": {
				"north": { "uv": [1, 16, 8, 7.4], "rotation": 270, "texture": "#particle" },
				"east": { "uv": [1, 16, 6.6, 7.4], "rotation": 270, "texture": "#particle" },
				"south": { "uv": [1, 16, 8, 7.4], "rotation": 270, "texture": "#particle" },
				"west": { "uv": [1, 16, 6.6, 7.4], "rotation": 270, "texture": "#particle" },
				"up": { "uv": [1, 16, 8, 7.4], "rotation": 270, "texture": "#particle" },
				"down": { "uv": [1, 16, 8, 7.4], "rotation": 270, "texture": "#particle" }
			}
		},
		{
			"from": [4.80375, -5.975, 2.95],
			"to": [5.58375, -4.3175, 3.6],
			"rotation": { "angle": 45, "axis": "z", "origin": [7.3275, -4.5, 2.5475] },
			"faces": {
				"north": { "uv": [8, 7.4, 1, 16], "rotation": 180, "texture": "#particle" },
				"east": { "uv": [6.6, 7.4, 1, 16], "rotation": 180, "texture": "#particle" },
				"south": { "uv": [8, 7.4, 1, 16], "rotation": 180, "texture": "#particle" },
				"west": { "uv": [6.6, 7.4, 1, 16], "rotation": 180, "texture": "#particle" },
				"up": { "uv": [8, 7.4, 1, 16], "rotation": 180, "texture": "#particle" },
				"down": { "uv": [8, 7.4, 1, 16], "rotation": 180, "texture": "#particle" }
			}
		},
		{
			"from": [4.83625, -5.99125, 2.82],
			"to": [6.49375, -5.21125, 3.6],
			"rotation": { "angle": 45, "axis": "z", "origin": [7.3275, -4.5, 2.5475] },
			"faces": {
				"north": { "uv": [8, 7.4, 1, 16], "rotation": 180, "texture": "#particle" },
				"east": { "uv": [6.6, 7.4, 1, 16], "rotation": 180, "texture": "#particle" },
				"south": { "uv": [8, 7.4, 1, 16], "rotation": 180, "texture": "#particle" },
				"west": { "uv": [6.6, 7.4, 1, 16], "rotation": 180, "texture": "#particle" },
				"up": { "uv": [8, 7.4, 1, 16], "rotation": 180, "texture": "#particle" },
				"down": { "uv": [8, 7.4, 1, 16], "rotation": 180, "texture": "#particle" }
			}
		},
		{
			"from": [4.20375, -6.575, 3.05],
			"to": [4.78375, -5.1175, 3.6],
			"rotation": { "angle": 45, "axis": "z", "origin": [7.3275, -4.5, 2.5475] },
			"faces": {
				"north": { "uv": [8, 7.4, 1, 16], "rotation": 180, "texture": "#particle" },
				"east": { "uv": [6.6, 7.4, 1, 16], "rotation": 180, "texture": "#particle" },
				"south": { "uv": [8, 7.4, 1, 16], "rotation": 180, "texture": "#particle" },
				"west": { "uv": [6.6, 7.4, 1, 16], "rotation": 180, "texture": "#particle" },
				"up": { "uv": [8, 7.4, 1, 16], "rotation": 180, "texture": "#particle" },
				"down": { "uv": [8, 7.4, 1, 16], "rotation": 180, "texture": "#particle" }
			}
		},
		{
			"from": [4.23625, -6.59125, 2.92],
			"to": [5.69375, -6.01125, 3.6],
			"rotation": { "angle": 45, "axis": "z", "origin": [7.3275, -4.5, 2.5475] },
			"faces": {
				"north": { "uv": [8, 7.4, 1, 16], "rotation": 180, "texture": "#particle" },
				"east": { "uv": [6.6, 7.4, 1, 16], "rotation": 180, "texture": "#particle" },
				"south": { "uv": [8, 7.4, 1, 16], "rotation": 180, "texture": "#particle" },
				"west": { "uv": [6.6, 7.4, 1, 16], "rotation": 180, "texture": "#particle" },
				"up": { "uv": [8, 7.4, 1, 16], "rotation": 180, "texture": "#particle" },
				"down": { "uv": [8, 7.4, 1, 16], "rotation": 180, "texture": "#particle" }
			}
		},
		{
			"from": [9.05, -1.4, 3.15],
			"to": [12.35, 1.6, 3.45],
			"rotation": { "angle": 0, "axis": "z", "origin": [8, 2.25, 3.4] },
			"faces": {
				"north": { "uv": [8, 2.3, 0, 15.6], "rotation": 180, "texture": "#particle" },
				"east": { "uv": [6.6, 2.3, 0, 14.6], "rotation": 180, "texture": "#particle" },
				"south": { "uv": [8, 2.3, 0, 15.6], "rotation": 180, "texture": "#particle" },
				"west": { "uv": [6.6, 2.3, 0, 15.6], "rotation": 180, "texture": "#particle" },
				"up": { "uv": [8, 2.3, 0, 15.6], "rotation": 180, "texture": "#particle" },
				"down": { "uv": [8, 2.3, 0, 15.6], "rotation": 180, "texture": "#particle" }
			}
		},
		{
			"from": [6.95, -2.8, 2.65],
			"to": [9.05, 1.1, 4.65],
			"rotation": { "angle": 0, "axis": "z", "origin": [8, 2.25, 3.4] },
			"faces": {
				"north": { "uv": [1, 7.4, 8, 16], "rotation": 180, "texture": "#particle" },
				"east": { "uv": [1, 7.4, 6.6, 16], "rotation": 180, "texture": "#particle" },
				"south": { "uv": [1, 7.4, 8, 16], "rotation": 180, "texture": "#particle" },
				"west": { "uv": [1, 7.4, 6.6, 16], "rotation": 180, "texture": "#particle" },
				"up": { "uv": [1, 7.4, 8, 16], "rotation": 180, "texture": "#particle" },
				"down": { "uv": [1, 7.4, 8, 16], "rotation": 180, "texture": "#particle" }
			}
		},
		{
			"from": [9.15, -1.7, 3.45],
			"to": [12.75, 1.6, 4.35],
			"rotation": { "angle": 0, "axis": "z", "origin": [8, 2.25, 3.4] },
			"faces": {
				"north": { "uv": [8, 0, 0, 7.1], "rotation": 180, "texture": "#particle" },
				"east": { "uv": [6.6, 0, 0, 6.1], "rotation": 180, "texture": "#particle" },
				"south": { "uv": [8, 0, 0, 7.1], "rotation": 180, "texture": "#particle" },
				"west": { "uv": [6.6, 0, 0, 7.1], "rotation": 180, "texture": "#particle" },
				"up": { "uv": [8, 0, 0, 7.1], "rotation": 180, "texture": "#particle" },
				"down": { "uv": [8, 0, 0, 7.1], "rotation": 180, "texture": "#particle" }
			}
		},
		{
			"from": [3.65, -1.4, 3.15],
			"to": [6.95, 1.6, 3.45],
			"rotation": { "angle": 0, "axis": "z", "origin": [8, 2.25, 3.4] },
			"faces": {
				"north": { "uv": [0, 2.3, 8, 15.6], "rotation": 180, "texture": "#particle" },
				"east": { "uv": [0, 2.3, 6.6, 15.6], "rotation": 180, "texture": "#particle" },
				"south": { "uv": [0, 2.3, 8, 15.6], "rotation": 180, "texture": "#particle" },
				"west": { "uv": [0, 2.3, 6.6, 14.6], "rotation": 180, "texture": "#particle" },
				"up": { "uv": [0, 2.3, 8, 15.6], "rotation": 180, "texture": "#particle" },
				"down": { "uv": [0, 2.3, 8, 15.6], "rotation": 180, "texture": "#particle" }
			}
		},
		{
			"from": [3.25, -1.7, 3.45],
			"to": [6.85, 1.6, 4.35],
			"rotation": { "angle": 0, "axis": "z", "origin": [8, 2.25, 3.4] },
			"faces": {
				"north": { "uv": [0, 0, 8, 7.1], "rotation": 180, "texture": "#particle" },
				"east": { "uv": [0, 0, 6.6, 7.1], "rotation": 180, "texture": "#particle" },
				"south": { "uv": [0, 0, 8, 7.1], "rotation": 180, "texture": "#particle" },
				"west": { "uv": [0, 0, 6.6, 6.1], "rotation": 180, "texture": "#particle" },
				"up": { "uv": [0, 0, 8, 7.1], "rotation": 180, "texture": "#particle" },
				"down": { "uv": [0, 0, 8, 7.1], "rotation": 180, "texture": "#particle" }
			}
		},
		{
			"from": [6.15, -2.5, 3.75],
			"to": [10.05, 1.5, 4.75],
			"rotation": { "angle": 0, "axis": "z", "origin": [8, 2.25, 3.4] },
			"faces": {
				"north": { "uv": [8, 0, 0, 7.1], "rotation": 180, "texture": "#particle" },
				"east": { "uv": [6.6, 0, 0, 6.1], "rotation": 180, "texture": "#particle" },
				"south": { "uv": [8, 0, 0, 7.1], "rotation": 180, "texture": "#particle" },
				"west": { "uv": [6.6, 0, 0, 7.1], "rotation": 180, "texture": "#particle" },
				"up": { "uv": [8, 0, 0, 7.1], "rotation": 180, "texture": "#particle" },
				"down": { "uv": [8, 0, 0, 7.1], "rotation": 180, "texture": "#particle" }
			}
		},
		{
			"from": [2.875, -1.1, 3.35],
			"to": [3.55, 1.5, 5.2],
			"rotation": { "angle": 0, "axis": "z", "origin": [8, 2.25, 3.4] },
			"faces": {
				"north": { "uv": [0, 0, 10.4, 14.6], "rotation": 180, "texture": "#particle" },
				"east": { "uv": [0, 0, 9, 14.6], "rotation": 180, "texture": "#particle" },
				"south": { "uv": [0, 0, 10.4, 14.6], "rotation": 180, "texture": "#particle" },
				"west": { "uv": [0, 0, 9, 14.6], "rotation": 180, "texture": "#particle" },
				"up": { "uv": [0, 0, 10.4, 14.6], "rotation": 180, "texture": "#particle" },
				"down": { "uv": [0, 0, 10.4, 14.6], "rotation": 180, "texture": "#particle" }
			}
		},
		{
			"from": [12.45, -1.1, 3.35],
			"to": [13.125, 1.5, 5.2],
			"rotation": { "angle": 0, "axis": "z", "origin": [8, 2.25, 3.4] },
			"faces": {
				"north": { "uv": [8, 0, 0, 15.6], "rotation": 180, "texture": "#particle" },
				"east": { "uv": [6.6, 0, 0, 14.6], "rotation": 180, "texture": "#particle" },
				"south": { "uv": [8, 0, 0, 15.6], "rotation": 180, "texture": "#particle" },
				"west": { "uv": [6.6, 0, 0, 15.6], "rotation": 180, "texture": "#particle" },
				"up": { "uv": [8, 0, 0, 15.6], "rotation": 180, "texture": "#particle" },
				"down": { "uv": [8, 0, 0, 15.6], "rotation": 180, "texture": "#particle" }
			}
		},
		{
			"from": [3.05, 1.2, 4.675],
			"to": [3.55, 2.65, 7.2],
			"rotation": { "angle": 0, "axis": "z", "origin": [3.3, 1.78676, 5.09056] },
			"faces": {
				"north": { "uv": [0, 7.3, 10, 9.2], "rotation": 180, "texture": "#particle" },
				"east": { "uv": [0, 7.3, 8.8, 9.2], "rotation": 180, "texture": "#particle" },
				"south": { "uv": [0, 7.3, 10, 9.2], "rotation": 180, "texture": "#particle" },
				"west": { "uv": [0, 5, 8.6, 14.2], "rotation": 180, "texture": "#particle" },
				"up": { "uv": [0, 7.3, 10, 9.2], "rotation": 180, "texture": "#particle" },
				"down": { "uv": [0, 7.3, 10, 9.2], "rotation": 180, "texture": "#particle" }
			}
		},
		{
			"from": [12.45, 1.2, 4.675],
			"to": [12.95, 2.65, 7.2],
			"rotation": { "angle": 0, "axis": "z", "origin": [12.7, 1.78676, 5.09056] },
			"faces": {
				"north": { "uv": [8, 7.3, 0, 10.2], "rotation": 180, "texture": "#particle" },
				"east": { "uv": [6.6, 5, 0, 14.2], "rotation": 180, "texture": "#particle" },
				"south": { "uv": [8, 7.3, 0, 10.2], "rotation": 180, "texture": "#particle" },
				"west": { "uv": [6.8, 7.3, 0, 10.2], "rotation": 180, "texture": "#particle" },
				"up": { "uv": [8, 7.3, 0, 10.2], "rotation": 180, "texture": "#particle" },
				"down": { "uv": [8, 7.3, 0, 10.2], "rotation": 180, "texture": "#particle" }
			}
		},
		{
			"from": [3.05, 2.625, 6.075],
			"to": [3.55, 3.475, 8],
			"rotation": { "angle": 0, "axis": "z", "origin": [3.3, 1.78676, 5.09056] },
			"faces": {
				"north": { "uv": [0, 3, 9, 4.9], "rotation": 180, "texture": "#particle" },
				"east": { "uv": [0, 3, 7.6, 4.9], "rotation": 180, "texture": "#particle" },
				"south": { "uv": [0, 10, 9, 11.9], "rotation": 180, "texture": "#particle" },
				"west": { "uv": [0, 5, 8.6, 14.2], "rotation": 180, "texture": "#particle" },
				"up": { "uv": [0, 7, 9, 5.9], "rotation": 180, "texture": "#particle" },
				"down": { "uv": [0, 5, 9, 5.9], "rotation": 180, "texture": "#particle" }
			}
		},
		{
			"from": [12.45, 2.625, 6.075],
			"to": [12.95, 3.475, 8],
			"rotation": { "angle": 0, "axis": "z", "origin": [12.7, 1.78676, 5.09056] },
			"faces": {
				"north": { "uv": [7, 3, 0, 5.9], "rotation": 180, "texture": "#particle" },
				"east": { "uv": [6.6, 5, 0, 14.2], "rotation": 180, "texture": "#particle" },
				"south": { "uv": [7, 10, 0, 12.9], "rotation": 180, "texture": "#particle" },
				"west": { "uv": [5.6, 3, 0, 5.9], "rotation": 180, "texture": "#particle" },
				"up": { "uv": [7, 8, 0, 5.9], "rotation": 180, "texture": "#particle" },
				"down": { "uv": [7, 5, 0, 6.9], "rotation": 180, "texture": "#particle" }
			}
		},
		{
			"from": [3, 2.25, 4.35],
			"to": [3.55, 3.1, 6.275],
			"rotation": { "angle": -45, "axis": "x", "origin": [3.3, 3.05, 5.7375] },
			"faces": {
				"north": { "uv": [0.4, 5.9, 10, 8.3], "texture": "#particle" },
				"east": { "uv": [0.4, 5.9, 9.4, 8.3], "texture": "#particle" },
				"south": { "uv": [0.4, 5.9, 10, 8.3], "texture": "#particle" },
				"west": { "uv": [0, 5, 8.6, 14.2], "rotation": 180, "texture": "#particle" },
				"up": { "uv": [0.1, 9.8, 9.7, 10.6], "texture": "#particle" },
				"down": { "uv": [0.4, 5.9, 10, 8.3], "texture": "#particle" }
			}
		},
		{
			"from": [12.45, 2.25, 4.35],
			"to": [13, 3.1, 6.275],
			"rotation": { "angle": -45, "axis": "x", "origin": [12.7, 3.05, 5.7375] },
			"faces": {
				"north": { "uv": [8, 5.9, 0.4, 9.3], "texture": "#particle" },
				"east": { "uv": [6.6, 5, 0, 14.2], "rotation": 180, "texture": "#particle" },
				"south": { "uv": [8, 5.9, 0.4, 9.3], "texture": "#particle" },
				"west": { "uv": [7.4, 5.9, 0.4, 9.3], "texture": "#particle" },
				"up": { "uv": [7.7, 9.8, 0.1, 11.6], "texture": "#particle" },
				"down": { "uv": [8, 5.9, 0.4, 9.3], "texture": "#particle" }
			}
		},
		{
			"from": [3.125, 0.4, 4.35],
			"to": [3.55, 1.4, 6.4],
			"rotation": { "angle": -45, "axis": "x", "origin": [3.3, 0.8, 5.375] },
			"faces": {
				"north": { "uv": [0, 4, 9.9, 7.8], "rotation": 180, "texture": "#particle" },
				"east": { "uv": [0, 4, 8.5, 7.8], "rotation": 180, "texture": "#particle" },
				"south": { "uv": [0, 4, 9.9, 7.8], "rotation": 180, "texture": "#particle" },
				"west": { "uv": [0, 5, 8.6, 14.2], "rotation": 180, "texture": "#particle" },
				"up": { "uv": [0, 4, 9.9, 7.8], "rotation": 180, "texture": "#particle" },
				"down": { "uv": [0, 4, 9.9, 7.8], "rotation": 180, "texture": "#particle" }
			}
		},
		{
			"from": [12.45, 0.4, 4.35],
			"to": [12.875, 1.4, 6.4],
			"rotation": { "angle": -45, "axis": "x", "origin": [12.7, 0.8, 5.375] },
			"faces": {
				"north": { "uv": [7.9, 4, 0, 8.8], "rotation": 180, "texture": "#particle" },
				"east": { "uv": [6.6, 5, 0, 14.2], "rotation": 180, "texture": "#particle" },
				"south": { "uv": [7.9, 4, 0, 8.8], "rotation": 180, "texture": "#particle" },
				"west": { "uv": [6.5, 4, 0, 8.8], "rotation": 180, "texture": "#particle" },
				"up": { "uv": [7.9, 4, 0, 8.8], "rotation": 180, "texture": "#particle" },
				"down": { "uv": [7.9, 4, 0, 8.8], "rotation": 180, "texture": "#particle" }
			}
		},
		{
			"from": [3.1, 1.58789, 3.66894],
			"to": [3.55, 2.68789, 5.41894],
			"rotation": { "angle": -45, "axis": "x", "origin": [3.3, 1.78676, 5.09056] },
			"faces": {
				"north": { "uv": [0, 5.2, 10, 9.9], "rotation": 180, "texture": "#particle" },
				"east": { "uv": [0, 5.2, 9.5, 9.9], "rotation": 180, "texture": "#particle" },
				"south": { "uv": [0, 5.2, 10, 9.9], "rotation": 180, "texture": "#particle" },
				"west": { "uv": [0, 5, 8.6, 14.2], "rotation": 180, "texture": "#particle" },
				"up": { "uv": [0, 8.2, 0, 8.9], "rotation": 180, "texture": "#particle" },
				"down": { "uv": [0, 5.2, 10, 9.9], "rotation": 180, "texture": "#particle" }
			}
		},
		{
			"from": [12.45, 1.58789, 3.76894],
			"to": [12.9, 2.68789, 5.41894],
			"rotation": { "angle": -45, "axis": "x", "origin": [12.7, 1.78676, 5.09056] },
			"faces": {
				"north": { "uv": [8, 5.2, 0, 10.9], "rotation": 180, "texture": "#particle" },
				"east": { "uv": [6.6, 5, 0, 14.2], "rotation": 180, "texture": "#particle" },
				"south": { "uv": [8, 5.2, 0, 10.9], "rotation": 180, "texture": "#particle" },
				"west": { "uv": [7.5, 5.2, 0, 10.9], "rotation": 180, "texture": "#particle" },
				"up": { "uv": [0, 8.2, 0, 9.9], "rotation": 180, "texture": "#particle" },
				"down": { "uv": [8, 5.2, 0, 10.9], "rotation": 180, "texture": "#particle" }
			}
		},
		{
			"from": [9.19775, -8.36, 2.9915],
			"to": [9.59425, -7.933, 3.4185],
			"rotation": { "angle": 0, "axis": "z", "origin": [1.12225, 0.6405, 5.194] },
			"faces": {
				"north": { "uv": [0, 3, 7.4, 4.6], "rotation": 180, "texture": "#particle" },
				"east": { "uv": [0, 3, 6, 4.6], "rotation": 180, "texture": "#particle" },
				"south": { "uv": [0, 3, 7.4, 4.6], "rotation": 180, "texture": "#particle" },
				"west": { "uv": [0, 3, 6, 4.6], "rotation": 180, "texture": "#particle" },
				"up": { "uv": [0, 3, 7.4, 4.6], "rotation": 180, "texture": "#particle" },
				"down": { "uv": [0, 3, 7.4, 4.6], "rotation": 180, "texture": "#particle" }
			}
		},
		{
			"from": [9.19775, -8.97, 2.9915],
			"to": [9.59425, -8.543, 3.4185],
			"rotation": { "angle": 0, "axis": "z", "origin": [1.12225, 0.6405, 5.194] },
			"faces": {
				"north": { "uv": [0, 3, 7.4, 4.6], "rotation": 180, "texture": "#particle" },
				"east": { "uv": [0, 3, 6, 4.6], "rotation": 180, "texture": "#particle" },
				"south": { "uv": [0, 3, 7.4, 4.6], "rotation": 180, "texture": "#particle" },
				"west": { "uv": [0, 3, 6, 4.6], "rotation": 180, "texture": "#particle" },
				"up": { "uv": [0, 3, 7.4, 4.6], "rotation": 180, "texture": "#particle" },
				"down": { "uv": [0, 3, 7.4, 4.6], "rotation": 180, "texture": "#particle" }
			}
		},
		{
			"from": [9.1825, -8.6345, 2.961],
			"to": [9.6095, -8.3295, 3.449],
			"rotation": { "angle": 0, "axis": "z", "origin": [1.12225, 0.6405, 5.194] },
			"faces": {
				"north": { "uv": [11.6, 0, 16, 3.6], "rotation": 180, "texture": "#particle" },
				"east": { "uv": [11.6, 0, 14.6, 3.6], "rotation": 180, "texture": "#particle" },
				"south": { "uv": [11.6, 0, 16, 3.6], "rotation": 180, "texture": "#particle" },
				"west": { "uv": [11.6, 0, 14.6, 3.6], "rotation": 180, "texture": "#particle" },
				"up": { "uv": [11.6, 0, 16, 3.6], "rotation": 180, "texture": "#particle" },
				"down": { "uv": [11.6, 0, 16, 3.6], "rotation": 180, "texture": "#particle" }
			}
		},
		{
			"from": [6.3825, -8.6345, 2.961],
			"to": [6.8095, -8.3295, 3.449],
			"rotation": { "angle": 0, "axis": "z", "origin": [1.12225, 0.6405, 5.194] },
			"faces": {
				"north": { "uv": [11.6, 0, 16, 3.6], "rotation": 180, "texture": "#particle" },
				"east": { "uv": [11.6, 0, 14.6, 3.6], "rotation": 180, "texture": "#particle" },
				"south": { "uv": [11.6, 0, 16, 3.6], "rotation": 180, "texture": "#particle" },
				"west": { "uv": [11.6, 0, 14.6, 3.6], "rotation": 180, "texture": "#particle" },
				"up": { "uv": [11.6, 0, 16, 3.6], "rotation": 180, "texture": "#particle" },
				"down": { "uv": [11.6, 0, 16, 3.6], "rotation": 180, "texture": "#particle" }
			}
		},
		{
			"from": [6.39775, -8.36, 2.9915],
			"to": [6.79425, -7.933, 3.4185],
			"rotation": { "angle": 0, "axis": "z", "origin": [1.12225, 0.6405, 5.194] },
			"faces": {
				"north": { "uv": [0, 3, 7.4, 4.6], "rotation": 180, "texture": "#particle" },
				"east": { "uv": [0, 3, 6, 4.6], "rotation": 180, "texture": "#particle" },
				"south": { "uv": [0, 3, 7.4, 4.6], "rotation": 180, "texture": "#particle" },
				"west": { "uv": [0, 3, 6, 4.6], "rotation": 180, "texture": "#particle" },
				"up": { "uv": [0, 3, 7.4, 4.6], "rotation": 180, "texture": "#particle" },
				"down": { "uv": [0, 3, 7.4, 4.6], "rotation": 180, "texture": "#particle" }
			}
		},
		{
			"from": [6.39775, -8.97, 2.9915],
			"to": [6.79425, -8.543, 3.4185],
			"rotation": { "angle": 0, "axis": "z", "origin": [1.12225, 0.6405, 5.194] },
			"faces": {
				"north": { "uv": [0, 3, 7.4, 4.6], "rotation": 180, "texture": "#particle" },
				"east": { "uv": [0, 3, 6, 4.6], "rotation": 180, "texture": "#particle" },
				"south": { "uv": [0, 3, 7.4, 4.6], "rotation": 180, "texture": "#particle" },
				"west": { "uv": [0, 3, 6, 4.6], "rotation": 180, "texture": "#particle" },
				"up": { "uv": [0, 3, 7.4, 4.6], "rotation": 180, "texture": "#particle" },
				"down": { "uv": [0, 3, 7.4, 4.6], "rotation": 180, "texture": "#particle" }
			}
		}
	],
	"display": {
		"thirdperson_righthand": {
			"rotation": [52, 0, 0],
			"translation": [0, 0.25, 4.75],
			"scale": [0.69, 0.69, 0.69]
		},
		"thirdperson_lefthand": {
			"rotation": [52, 0, 0],
			"translation": [0, 0, 4.75],
			"scale": [0.69, 0.69, 0.69]
		},
		"firstperson_righthand": {
			"rotation": [18, 46, 0],
			"translation": [2.5, 4.25, 0],
			"scale": [0.42, 0.42, 0.42]
		},
		"firstperson_lefthand": {
			"rotation": [18, 46, 0],
			"translation": [2.5, 4.25, 0],
			"scale": [0.42, 0.42, 0.42]
		},
		"ground": {
			"translation": [0, 9.75, 0],
			"scale": [0.69727, 0.69727, 0.69727]
		},
		"gui": {
			"rotation": [20, -136, 0],
			"translation": [-2.25, 8.5, 0],
			"scale": [0.91, 0.91, 0.91]
		},
		"head": {
			"translation": [0, 5, 0],
			"scale": [1.44, 1.44, 1.44]
		},
		"fixed": {
			"rotation": [-12.5, 0, 0],
			"translation": [0, 20.75, 0.5],
			"scale": [2.13828, 2.13828, 2.13828]
		}
	},
	"groups": [
		0,
		{
			"name": "group",
			"origin": [8, 8, 8],
			"color": 0,
			"children": [
				1, 2, 3, 4, 5, 6, 7, 8, 9, 10, 11, 12, 13, 14, 15, 16, 17, 18, 19, 20, 21, 22, 23, 24, 25, 26, 27, 28, 29, 30, 31, 32, 33,
				34, 35, 36, 37, 38, 39, 40, 41, 42, 43, 44, 45, 46, 47
			]
		}
	]
}
