{
	"credit": "Made with Blockbench",
	"texture_size": [64, 64],
	"textures": {
		"0": "lom:item/tools/horn",
		"particle": "lom:item/tools/horn"
	},
	"elements": [
		{
			"from": [6.7, 3.05, -4],
			"to": [9.4, 5.75, -1],
			"rotation": { "angle": 22.5, "axis": "x", "origin": [0, 0, -12] },
			"faces": {
				"north": { "uv": [6.25, 4, 7, 4.75], "texture": "#0" },
				"east": { "uv": [6.25, 4.75, 7, 5.5], "texture": "#0" },
				"south": { "uv": [5.75, 6.25, 6.5, 7], "texture": "#0" },
				"west": { "uv": [6.5, 0, 7.25, 0.75], "texture": "#0" },
				"up": { "uv": [1.75, 7.25, 1, 6.5], "texture": "#0" },
				"down": { "uv": [2.5, 6.5, 1.75, 7.25], "texture": "#0" }
			}
		},
		{
			"from": [6.9, 3.25, -5],
			"to": [9.2, 5.75, -4],
			"rotation": { "angle": 22.5, "axis": "x", "origin": [0, 0, -12] },
			"faces": {
				"north": { "uv": [6.5, 6.75, 7, 7.5], "texture": "#0" },
				"east": { "uv": [5.25, 2.25, 5.5, 3], "texture": "#0" },
				"south": { "uv": [2.5, 7, 3, 7.75], "texture": "#0" },
				"west": { "uv": [7, 7.25, 7.25, 8], "texture": "#0" },
				"up": { "uv": [8, 1.5, 7.5, 1.25], "texture": "#0" },
				"down": { "uv": [2, 7.5, 1.5, 7.75], "texture": "#0" }
			}
		},
		{
			"from": [6.9, 3.65, -6],
			"to": [9.1, 5.75, -5],
			"rotation": { "angle": 22.5, "axis": "x", "origin": [0, 0, -12] },
			"faces": {
				"north": { "uv": [3.75, 7.25, 4.25, 7.75], "texture": "#0" },
				"east": { "uv": [3.75, 5.5, 4, 6], "texture": "#0" },
				"south": { "uv": [4.25, 7.25, 4.75, 7.75], "texture": "#0" },
				"west": { "uv": [7.5, 1.5, 7.75, 2], "texture": "#0" },
				"up": { "uv": [2.5, 7.75, 2, 7.5], "texture": "#0" },
				"down": { "uv": [8, 2, 7.5, 2.25], "texture": "#0" }
			}
		},
		{
			"from": [7, 3.75, -7],
			"to": [9, 5.75, -6],
			"rotation": { "angle": 22.5, "axis": "x", "origin": [0, 0, -12] },
			"faces": {
				"north": { "uv": [7.25, 4.5, 7.75, 5], "texture": "#0" },
				"east": { "uv": [7.5, 2.75, 7.75, 3.25], "texture": "#0" },
				"south": { "uv": [7.25, 5, 7.75, 5.5], "texture": "#0" },
				"west": { "uv": [7.5, 3.5, 7.75, 4], "texture": "#0" },
				"up": { "uv": [8, 4.25, 7.5, 4], "texture": "#0" },
				"down": { "uv": [8, 4.25, 7.5, 4.5], "texture": "#0" }
			}
		},
		{
			"from": [6.05, -1.6, 1],
			"to": [10.1, 2.35, 4],
			"rotation": { "angle": 0, "axis": "y", "origin": [0, 0, -12] },
			"faces": {
				"north": { "uv": [1, 5.5, 2, 6.5], "texture": "#0" },
				"east": { "uv": [5.5, 3.5, 6.25, 4.5], "texture": "#0" },
				"south": { "uv": [2, 5.5, 3, 6.5], "texture": "#0" },
				"west": { "uv": [5, 5.5, 5.75, 6.5], "texture": "#0" },
				"up": { "uv": [6.75, 6.25, 5.75, 5.5], "texture": "#0" },
				"down": { "uv": [4.75, 6, 3.75, 6.75], "texture": "#0" }
			}
		},
		{
			"from": [6.35, -1.4, -1],
			"to": [9.8, 1.95, 1],
			"rotation": { "angle": 0, "axis": "y", "origin": [0, 0, -12] },
			"faces": {
				"north": { "uv": [6.25, 2.5, 7, 3.25], "texture": "#0" },
				"east": { "uv": [0, 6.75, 0.5, 7.5], "texture": "#0" },
				"south": { "uv": [6.25, 3.25, 7, 4], "texture": "#0" },
				"west": { "uv": [0.5, 6.75, 1, 7.5], "texture": "#0" },
				"up": { "uv": [4.75, 7.25, 4, 6.75], "texture": "#0" },
				"down": { "uv": [7.5, 5.5, 6.75, 6], "texture": "#0" }
			}
		},
		{
			"from": [5.95, -2, 4],
			"to": [10.2, 2.65, 7],
			"rotation": { "angle": 0, "axis": "y", "origin": [0, 0, -12] },
			"faces": {
				"north": { "uv": [5.25, 1, 6.25, 2.25], "texture": "#0" },
				"east": { "uv": [5.5, 2.25, 6.25, 3.5], "texture": "#0" },
				"south": { "uv": [0, 5.5, 1, 6.75], "texture": "#0" },
				"west": { "uv": [3, 5.5, 3.75, 6.75], "texture": "#0" },
				"up": { "uv": [7.25, 1.75, 6.25, 1], "texture": "#0" },
				"down": { "uv": [7.25, 1.75, 6.25, 2.5], "texture": "#0" }
			}
		},
		{
			"from": [5, -10.25, 13],
			"to": [11, -9.25, 17],
			"rotation": { "angle": -22.5, "axis": "x", "origin": [0, 0, -12] },
			"faces": {
				"north": { "uv": [6.5, 0.75, 8, 1], "texture": "#0" },
				"east": { "uv": [6.75, 6, 7.75, 6.25], "texture": "#0" },
				"south": { "uv": [6.5, 6.25, 8, 6.5], "texture": "#0" },
				"west": { "uv": [7, 2.5, 8, 2.75], "texture": "#0" },
				"up": { "uv": [4.25, 1, 2.75, 0], "texture": "#0" },
				"down": { "uv": [4.25, 1, 2.75, 2], "texture": "#0" }
			}
		},
		{
			"from": [7, -3.75, 8],
			"to": [9, -2.75, 10],
			"rotation": { "angle": -22.5, "axis": "x", "origin": [0, 0, -12] },
			"faces": {
				"north": { "uv": [2.5, 6.5, 3, 6.75], "texture": "#0" },
				"east": { "uv": [7.25, 7.25, 7.75, 7.5], "texture": "#0" },
				"south": { "uv": [0, 7.5, 0.5, 7.75], "texture": "#0" },
				"west": { "uv": [0.5, 7.5, 1, 7.75], "texture": "#0" },
				"up": { "uv": [1.5, 4.5, 1, 4], "texture": "#0" },
				"down": { "uv": [7.5, 2.75, 7, 3.25], "texture": "#0" }
			}
		},
		{
			"from": [5, -3.25, 13],
			"to": [11, -2.25, 17],
			"rotation": { "angle": -22.5, "axis": "x", "origin": [0, 0, -12] },
			"faces": {
				"north": { "uv": [6.5, 6.5, 8, 6.75], "texture": "#0" },
				"east": { "uv": [3, 7, 4, 7.25], "texture": "#0" },
				"south": { "uv": [2.5, 6.75, 4, 7], "texture": "#0" },
				"west": { "uv": [7, 3.25, 8, 3.5], "texture": "#0" },
				"up": { "uv": [4.25, 3, 2.75, 2], "texture": "#0" },
				"down": { "uv": [1.5, 3, 0, 4], "texture": "#0" }
			}
		},
		{
			"from": [11, -9.25, 13],
			"to": [12, -3.25, 17],
			"rotation": { "angle": -22.5, "axis": "x", "origin": [0, 0, -12] },
			"faces": {
				"north": { "uv": [4.75, 6, 5, 7.5], "texture": "#0" },
				"east": { "uv": [1.5, 3, 2.5, 4.5], "texture": "#0" },
				"south": { "uv": [5, 6.5, 5.25, 8], "texture": "#0" },
				"west": { "uv": [2.5, 3, 3.5, 4.5], "texture": "#0" },
				"up": { "uv": [7.25, 4.5, 7, 3.5], "texture": "#0" },
				"down": { "uv": [7.25, 4.5, 7, 5.5], "texture": "#0" }
			}
		},
		{
			"from": [10.5, -3.75, 13],
			"to": [11.5, -2.75, 17],
			"rotation": { "angle": -22.5, "axis": "x", "origin": [0, 0, -12] },
			"faces": {
				"north": { "uv": [4.75, 7.5, 5, 7.75], "texture": "#0" },
				"east": { "uv": [7, 6.75, 8, 7], "texture": "#0" },
				"south": { "uv": [7.5, 5.5, 7.75, 5.75], "texture": "#0" },
				"west": { "uv": [7, 7, 8, 7.25], "texture": "#0" },
				"up": { "uv": [6, 8, 5.75, 7], "texture": "#0" },
				"down": { "uv": [6.25, 7, 6, 8], "texture": "#0" }
			}
		},
		{
			"from": [4.5, -3.75, 13],
			"to": [5.5, -2.75, 17],
			"rotation": { "angle": -22.5, "axis": "x", "origin": [0, 0, -12] },
			"faces": {
				"north": { "uv": [7.5, 5.75, 7.75, 6], "texture": "#0" },
				"east": { "uv": [7.25, 0, 8.25, 0.25], "texture": "#0" },
				"south": { "uv": [6.5, 7.5, 6.75, 7.75], "texture": "#0" },
				"west": { "uv": [7.25, 0.25, 8.25, 0.5], "texture": "#0" },
				"up": { "uv": [6.5, 8, 6.25, 7], "texture": "#0" },
				"down": { "uv": [1.25, 7.25, 1, 8.25], "texture": "#0" }
			}
		},
		{
			"from": [4.5, -9.75, 13],
			"to": [5.5, -8.75, 17],
			"rotation": { "angle": -22.5, "axis": "x", "origin": [0, 0, -12] },
			"faces": {
				"north": { "uv": [6.75, 7.5, 7, 7.75], "texture": "#0" },
				"east": { "uv": [7.25, 0.5, 8.25, 0.75], "texture": "#0" },
				"south": { "uv": [7.25, 7.5, 7.5, 7.75], "texture": "#0" },
				"west": { "uv": [7.25, 1, 8.25, 1.25], "texture": "#0" },
				"up": { "uv": [1.5, 8.25, 1.25, 7.25], "texture": "#0" },
				"down": { "uv": [7.5, 1.25, 7.25, 2.25], "texture": "#0" }
			}
		},
		{
			"from": [10.5, -9.75, 13],
			"to": [11.5, -8.75, 17],
			"rotation": { "angle": -22.5, "axis": "x", "origin": [0, 0, -12] },
			"faces": {
				"north": { "uv": [7.5, 7.5, 7.75, 7.75], "texture": "#0" },
				"east": { "uv": [1.5, 7.25, 2.5, 7.5], "texture": "#0" },
				"south": { "uv": [0, 7.75, 0.25, 8], "texture": "#0" },
				"west": { "uv": [7.25, 2.25, 8.25, 2.5], "texture": "#0" },
				"up": { "uv": [3.25, 8.25, 3, 7.25], "texture": "#0" },
				"down": { "uv": [3.5, 7.25, 3.25, 8.25], "texture": "#0" }
			}
		},
		{
			"from": [4, -9.25, 13],
			"to": [5, -3.25, 17],
			"rotation": { "angle": -22.5, "axis": "x", "origin": [0, 0, -12] },
			"faces": {
				"north": { "uv": [5.25, 6.5, 5.5, 8], "texture": "#0" },
				"east": { "uv": [3.5, 3, 4.5, 4.5], "texture": "#0" },
				"south": { "uv": [5.5, 6.5, 5.75, 8], "texture": "#0" },
				"west": { "uv": [0, 4, 1, 5.5], "texture": "#0" },
				"up": { "uv": [3.75, 8.25, 3.5, 7.25], "texture": "#0" },
				"down": { "uv": [7.5, 3.5, 7.25, 4.5], "texture": "#0" }
			}
		},
		{
			"from": [5, -9.6, 9],
			"to": [11, -3.2, 13],
			"rotation": { "angle": -22.5, "axis": "x", "origin": [0, 0, -12] },
			"faces": {
				"north": { "uv": [0, 0, 1.5, 1.5], "texture": "#0" },
				"east": { "uv": [4.25, 0, 5.25, 1.5], "texture": "#0" },
				"south": { "uv": [0, 1.5, 1.5, 3], "texture": "#0" },
				"west": { "uv": [4.25, 1.5, 5.25, 3], "texture": "#0" },
				"up": { "uv": [2.5, 5.5, 1, 4.5], "texture": "#0" },
				"down": { "uv": [4, 4.5, 2.5, 5.5], "texture": "#0" }
			}
		},
		{
			"from": [5.65, -9.35, 4.8],
			"to": [10.4, -3.75, 9],
			"rotation": { "angle": -22.5, "axis": "x", "origin": [0, 0, -12] },
			"faces": {
				"north": { "uv": [1.5, 0, 2.75, 1.5], "texture": "#0" },
				"east": { "uv": [4.5, 3, 5.5, 4.5], "texture": "#0" },
				"south": { "uv": [1.5, 1.5, 2.75, 3], "texture": "#0" },
				"west": { "uv": [4, 4.5, 5, 6], "texture": "#0" },
				"up": { "uv": [6.25, 5.5, 5, 4.5], "texture": "#0" },
				"down": { "uv": [6.5, 0, 5.25, 1], "texture": "#0" }
			}
		}
	],
	"gui_light": "front",
	"display": {
		"thirdperson_righthand": {
			"rotation": [0, 145, 0],
			"translation": [2.5, 4.5, -2.75],
			"scale": [0.6, 0.6, 0.6]
		},
		"thirdperson_lefthand": {
			"rotation": [0, 145, 0],
			"translation": [2.5, 4.5, -2.75],
			"scale": [0.6, 0.6, 0.6]
		},
		"firstperson_righthand": {
			"rotation": [0, -177, 0],
			"translation": [5.5, -0.75, -4.5]
		},
		"firstperson_lefthand": {
			"rotation": [0, -177, 0],
			"translation": [5.5, -0.75, -4.5]
		},
		"ground": {
			"translation": [0, 3.5, 0],
			"scale": [0.6, 0.6, 0.6]
		},
		"gui": {
			"rotation": [-90, 60, 90],
			"translation": [-1, 3.75, 0],
			"scale": [0.8, 0.8, 0.8]
		},
		"head": {
			"rotation": [113, 0, 0],
			"translation": [0, 14, 5.75]
		},
		"fixed": {
			"rotation": [0, 90, -1],
			"translation": [1.25, 3.25, -1],
			"scale": [0.6, 0.6, 0.6]
		}
	},
	"groups": [
		{
			"name": "group",
			"origin": [0, 0, 0],
			"color": 0,
			"children": [0, 1, 2, 3]
		},
		{
			"name": "group",
			"origin": [0, 0, 0],
			"color": 0,
			"children": [4, 5, 6]
		},
		{
			"name": "group",
			"origin": [0, 0, 0],
			"color": 0,
			"children": [7, 8, 9, 10, 11, 12, 13, 14, 15, 16, 17]
		}
	]
}
