{
	"ambient.cave": {
		"replace": true,
		"sounds": []
	},
	"weather.rain": {
		"replace": true,
		"sounds": []
	},
	"weather.rain.above": {
		"replace": true,
		"sounds": []
	},
	"entity.player.death": {
		"replace": true,
		"sounds": []
	},
	"entity.villager.ambient": {
		"replace": true,
		"sounds": []
	},
	"item.goat_horn.sound.0": {
		"replace": true,
		"sounds": []
	},
	"music.game": {
		"replace": true,
		"sounds": []
	},
	"music.creative": {
		"replace": true,
		"sounds": []
	},
	"music.end": {
		"replace": true,
		"sounds": []
	},
	"music.credits": {
		"replace": true,
		"sounds": []
	},
	"music.dragon": {
		"replace": true,
		"sounds": []
	},
	"music.nether.basalt_deltas": {
		"replace": true,
		"sounds": []
	},
	"music.nether.crimson_forest": {
		"replace": true,
		"sounds": []
	},
	"music.nether.nether_wastes": {
		"replace": true,
		"sounds": []
	},
	"music.nether.soul_sand_valley": {
		"replace": true,
		"sounds": []
	},
	"music.nether.warped_forest": {
		"replace": true,
		"sounds": []
	},
	"music.overworld.deep_dark": {
		"replace": true,
		"sounds": []
	},
	"music.overworld.dripstone_caves": {
		"replace": true,
		"sounds": []
	},
	"music.overworld.frozen_peaks": {
		"replace": true,
		"sounds": []
	},
	"music.overworld.grove": {
		"replace": true,
		"sounds": []
	},
	"music.overworld.jagged_peaks": {
		"replace": true,
		"sounds": []
	},
	"music.overworld.jungle_and_forest": {
		"replace": true,
		"sounds": []
	},
	"music.overworld.lush_caves": {
		"replace": true,
		"sounds": []
	},
	"music.overworld.meadow": {
		"replace": true,
		"sounds": []
	},
	"music.overworld.old_growth_taiga": {
		"replace": true,
		"sounds": []
	},
	"music.overworld.snowy_slopes": {
		"replace": true,
		"sounds": []
	},
	"music.overworld.stony_peaks": {
		"replace": true,
		"sounds": []
	},
	"music.overworld.swamp": {
		"replace": true,
		"sounds": []
	},
	"music.under_water": {
		"replace": true,
		"sounds": []
	}
}